"party_rk","russian_channel","product_type_cnt","pg_decision","pd_decision","pv","npv"
"1217466094","Толмачёво","2","0.247899698306664","0.014295770934246473","6389.00000","4389.00000"
"758639499","Домодедово","3","0.21582070207995732","0.04974524256133104","26651.00000","24651.00000"
"1031163224","Домодедово","2","0.20033155969467467","0.012744032066851787","26584.00000","24584.00000"
"963392398","Домодедово","1","0.2499080751614584","0.062288087003401625","5441.00000","3441.00000"
"1211738607","Домодедово","2","0.2335613223950337","0.02592217520793306","34391.00000","32391.00000"
"1217318538","Толмачёво","1","0.21716874815082915","0.0824896555716419","8217.00000","6217.00000"
"1033742892","Домодедово","1","0.24739480533747166","0.0364484360138481","22747.00000","20747.00000"
"223013562","Домодедово","1","0.08294156971545398","0.01812466456481713","22810.00000","20810.00000"
"1209997753","Домодедово","3","0.21330023722310337","0.046449546481356546","19131.00000","17131.00000"
"368688055","Толмачёво","1","0.10257855062506555","0.08379608298717767","30221.00000","28221.00000"
"1208088006","Толмачёво","1","0.18497540800351994","0.10679907232272216","2378.00000","378.00000"
"852591526","Домодедово","2","0.2143082905353555","0.015163107918589805","40088.00000","38088.00000"
"1215741812","Толмачёво","2","0.2904447833220032","0.029547952597040447","5124.00000","3124.00000"
"1211151356","Домодедово","1","0.31081875747160265","0.06855292796690822","2641.00000","641.00000"
"1218385685","Домодедово","1","0.16847574487227923","0.024598431817589358","3844.00000","1844.00000"
"1327889795","Домодедово","1","0.20070597520546923","0.1030464632717985","5042.00000","3042.00000"
"789623270","Толмачёво","3","0.267951545157025","0.007848369880492518","4374.00000","2374.00000"
"653283362","Толмачёво","1","0.2294157733430855","0.02435771876137968","32793.00000","30793.00000"
"1210646728","Домодедово","1","0.26493396222619203","0.026529878460556995","9832.00000","7832.00000"
"1129384150","Домодедово","2","0.2508150082267803","0.011359531511131584","11591.00000","9591.00000"
"1043125910","Домодедово","3","0.24028216559767523","0.01903521633294478","17679.00000","15679.00000"
"1195624058","Толмачёво","3","0.23752475614956592","0.008542409179977895","21766.00000","19766.00000"
"1005996500","Домодедово","1","0.15824565584905567","0.13697064694647265","6516.00000","4516.00000"
"1214653359","Домодедово","1","0.2552895168707062","0.1520054466397642","2052.00000","52.00000"
"1227310977","Домодедово","2","0.26700085688819564","0.01243802403575436","4006.00000","2006.00000"
"957215178","Домодедово","2","0.1332285237158234","0.06217164641132059","41282.00000","39282.00000"
"522260101","Толмачёво","2","0.30846557912228595","0.01300294685451624","9175.00000","7175.00000"
"1010746414","Домодедово","3","0.2491523033091878","0.009867843511548088","12329.00000","10329.00000"
"1214890054","Домодедово","4","0.3221277250022415","0.005142712661066723","5437.00000","3437.00000"
"732245776","Домодедово","3","0.21418297241426845","0.03863265486717267","11534.00000","9534.00000"
"158442308","Толмачёво","1","0.10331825336130139","0.054574800282521804","14089.00000","12089.00000"
"1192272137","Домодедово","1","0.18939624537401548","0.03647278330096852","39163.00000","37163.00000"
"164557961","Толмачёво","2","0.17445498257001346","0.030026299065007922","15252.00000","13252.00000"
"308664237","Домодедово","3","0.20206530884278703","0.015720379306225146","56899.00000","54899.00000"
"800950453","Домодедово","1","0.04807233066263826","0.1142802045386061","35042.00000","33042.00000"
"668747772","Домодедово","2","0.2731986863009775","0.007945314241760357","12212.00000","10212.00000"
"304981559","Толмачёво","2","0.23856259170445132","0.0160845872422933","14143.00000","12143.00000"
"58640787","Толмачёво","2","0.2506138204582813","0.05486096130189513","4091.00000","2091.00000"
"1045418827","Домодедово","3","0.33918491200106904","0.00597987986318391","12722.00000","10722.00000"
"1064323195","Толмачёво","1","0.2528608373237952","0.0042143377643732325","14670.00000","12670.00000"
"1193838275","Толмачёво","1","0.2357125891391971","0.04044545487619406","7181.00000","5181.00000"
"1204254982","Домодедово","2","0.2636467521981232","0.03631647366087842","7150.00000","5150.00000"
"898427465","Домодедово","2","0.23496165807865516","0.03411905724367092","33030.00000","31030.00000"
"519965930","Домодедово","3","0.22854697704011634","0.014380752260702873","18964.00000","16964.00000"
"1210103883","Толмачёво","2","0.14725150238147613","0.12780687167896773","12277.00000","10277.00000"
"1202858580","Толмачёво","1","0.22866084908400347","0.010201257846980713","26891.00000","24891.00000"
"753632544","Домодедово","1","0.2743054091237264","0.008032561452561558","11706.00000","9706.00000"
"298594243","Толмачёво","3","0.21847784145122393","0.024432938143787747","22695.00000","20695.00000"
"1217259987","Домодедово","2","0.31598538728157494","0.016012563698357563","8999.00000","6999.00000"
"1050340237","Толмачёво","3","0.29012921025660315","0.040425122772692224","4569.00000","2569.00000"
"329901260","Домодедово","1","0.2247883930407124","0.04396167788482933","11791.00000","9791.00000"
"1218950955","Толмачёво","2","0.17926515342403568","0.017904854550226827","21645.00000","19645.00000"
"1158910436","Толмачёво","4","0.2797333866487955","0.022154943836227264","2464.00000","464.00000"
"303553373","Толмачёво","1","0.3354169475939649","0.020467560149260083","19376.00000","17376.00000"
"1206015675","Домодедово","1","0.2665677784501256","0.008012870926252092","38297.00000","36297.00000"
"996644371","Толмачёво","2","0.24168739113415247","0.015848752684808797","3359.00000","1359.00000"
"972073926","Домодедово","1","0.18491392034417645","0.11284816727956343","14526.00000","12526.00000"
"1048537485","Толмачёво","1","0.0962700498998212","0.045488590598179716","44788.00000","42788.00000"
"1053430740","Толмачёво","1","0.15553538644734324","0.19808319607104696","4229.00000","2229.00000"
"1209744082","Домодедово","2","0.1740522356676689","0.04757513751095087","18400.00000","16400.00000"
"1222953510","Толмачёво","2","0.22318668703844724","0.030411002771788383","17245.00000","15245.00000"
"624771060","Домодедово","1","0.11651633921800894","0.041081061101979524","26545.00000","24545.00000"
"1033439800","Домодедово","2","0.21452082259723745","0.02930056070331319","7406.00000","5406.00000"
"1211494246","Толмачёво","2","0.2936054344820668","0.026391806966439918","8621.00000","6621.00000"
"1040672960","Толмачёво","2","0.2514335739907237","0.05665390142791747","18656.00000","16656.00000"
"611065288","Домодедово","2","0.2448366199991342","0.03614574076409677","22412.00000","20412.00000"
"294415234","Домодедово","1","0.23476826699917913","0.013254283159371483","44344.00000","42344.00000"
"946403536","Домодедово","1","0.28400057204117257","0.006097640305540166","21804.00000","19804.00000"
"970889639","Домодедово","1","0.16601847663474364","0.18333376985912456","4509.00000","2509.00000"
"280001305","Толмачёво","2","0.2604860594938325","0.005147093948401443","23464.00000","21464.00000"
"309419340","Толмачёво","1","0.22589137797698125","0.0525949859171375","13277.00000","11277.00000"
"264809104","Толмачёво","2","0.1751953416639775","0.06727220323985242","11451.00000","9451.00000"
"900841847","Домодедово","1","0.1953563738890051","0.036059196577236594","15856.00000","13856.00000"
"1187621638","Толмачёво","2","0.2931368892297908","0.0443797561912621","10078.00000","8078.00000"
"756350765","Домодедово","3","0.18221129966882862","0.03129024573706854","33498.00000","31498.00000"
"368226729","Толмачёво","1","0.24152193199180996","0.008950593884163253","12694.00000","10694.00000"
"1036186464","Толмачёво","1","0.260035021408087","0.007135365203798762","26771.00000","24771.00000"
"589358525","Домодедово","3","0.18238058812468566","0.03367833413815046","34154.00000","32154.00000"
"1208179552","Толмачёво","2","0.25507348627947024","0.0338674086888259","8434.00000","6434.00000"
"1209477838","Домодедово","1","0.10315608802231041","0.1662227896180878","5944.00000","3944.00000"
"392667285","Домодедово","1","0.19594356656824688","0.08488073769580895","9042.00000","7042.00000"
"160701141","Домодедово","1","0.2796087151364397","0.011407750864044644","12520.00000","10520.00000"
"277134981","Толмачёво","4","0.19190210216148826","0.02050675645429967","37183.00000","35183.00000"
"243735554","Толмачёво","1","0.20475369692824447","0.022562130574353405","37940.00000","35940.00000"
"807310560","Домодедово","2","0.2097650920605628","0.024210008110048486","19525.00000","17525.00000"
"1201621869","Толмачёво","3","0.2558308535019373","0.02515060873777533","4745.00000","2745.00000"
"1327879467","Толмачёво","1","0.2167947674372865","0.02376004928137055","12035.00000","10035.00000"
"1203918676","Толмачёво","2","0.27330312169964505","0.02576222030863204","19866.00000","17866.00000"
"1327977128","Домодедово","1","0.1370468769087344","0.05478120212377615","16076.00000","14076.00000"
"1201659483","Толмачёво","3","0.22556415075336717","0.021630773534144533","4941.00000","2941.00000"
"757465454","Домодедово","2","0.1953773060613399","0.04465116587221982","2937.00000","937.00000"
"212432762","Толмачёво","1","0.2418789301127354","0.003065033852420909","65272.00000","63272.00000"
"1209230339","Домодедово","1","0.1797437679358107","0.09893603375437011","8955.00000","6955.00000"
"733371100","Домодедово","1","0.29735966781337614","0.08045837817343494","2875.00000","875.00000"
"1077570237","Толмачёво","3","0.1904787518566965","0.031021877898435767","11167.00000","9167.00000"
"1015966613","Домодедово","4","0.21468947507009925","0.007778601624134114","10227.00000","8227.00000"
"680448369","Домодедово","3","0.20267809959509586","0.02284277562728848","8992.00000","6992.00000"
"1200705991","Толмачёво","4","0.3088754925680027","0.0019304789725158324","3532.00000","1532.00000"
"1205872531","Домодедово","1","0.28885456401534954","0.010365665490183237","13133.00000","11133.00000"
"1029199287","Толмачёво","3","0.22334643257756037","0.0171994042006541","11770.00000","9770.00000"
"1184265911","Домодедово","1","0.11096372272169315","0.12554189536543858","17956.00000","15956.00000"
"1072377091","Толмачёво","2","0.2349831826098987","0.007695939321334999","58086.00000","56086.00000"
"503892018","Толмачёво","3","0.06534857382324982","0.02785052696981391","70323.00000","68323.00000"
"335021379","Домодедово","1","0.39244989448289647","0.005556923562994645","2886.00000","886.00000"
"237676833","Домодедово","1","0.26936183393342134","0.05812304970106043","3179.00000","1179.00000"
"1218208882","Домодедово","1","0.16195731151363657","0.09233665302365095","11006.00000","9006.00000"
"326222463","Толмачёво","2","0.28492435039498715","0.01989826833987447","6691.00000","4691.00000"
"614492943","Домодедово","2","0.15117397472381225","0.017227430571057738","21763.00000","19763.00000"
"430258616","Толмачёво","2","0.2696190801476576","0.02763162887725229","6393.00000","4393.00000"
"1206834549","Толмачёво","1","0.23885296022467178","0.01386654688658815","41440.00000","39440.00000"
"899009162","Толмачёво","2","0.11803572279534105","0.02539722079061192","97366.00000","95366.00000"
"595721713","Толмачёво","5","0.08811081238038242","0.030188321959604726","74832.00000","72832.00000"
"1211635080","Домодедово","2","0.245159089028733","0.03950054558209703","11739.00000","9739.00000"
"394718612","Домодедово","1","0.2736522740654897","0.0987103512613777","3431.00000","1431.00000"
"758326785","Толмачёво","2","0.21292039216568628","0.06724831472231578","15387.00000","13387.00000"
"1225459137","Толмачёво","3","0.24358342262743818","0.020209297932576403","16555.00000","14555.00000"
"815920286","Домодедово","1","0.3358210522095962","8.456795568093749E-4","4050.00000","2050.00000"
"1221944054","Домодедово","2","0.32429147953111276","0.005555470073859404","7868.00000","5868.00000"
"1030048465","Домодедово","1","0.17997773351773289","0.050640569810439816","32317.00000","30317.00000"
"1214710242","Толмачёво","2","0.21323784726813555","0.13539965773531942","3043.00000","1043.00000"
"567119671","Толмачёво","2","0.26620091990616324","0.02412509029233635","19448.00000","17448.00000"
"906677254","Толмачёво","1","0.17811531439123596","0.10040276830916786","15459.00000","13459.00000"
"972581243","Домодедово","3","0.13340937435444397","0.016635868792139942","57835.00000","55835.00000"
"1211334526","Домодедово","2","0.28538608182505015","0.0033886354381789685","6119.00000","4119.00000"
"1031696009","Толмачёво","2","0.1821531863706505","0.015585859949180481","29931.00000","27931.00000"
"686253061","Домодедово","2","0.16310217113300013","0.06590535408302733","35263.00000","33263.00000"
"1059678833","Толмачёво","2","0.20607278519281352","0.02440841743211295","42499.00000","40499.00000"
"137565849","Толмачёво","3","0.22487670710687363","0.0213751349032122","14009.00000","12009.00000"
"288210059","Толмачёво","4","0.20848588299799523","0.014408679864106825","26647.00000","24647.00000"
"1211047409","Домодедово","1","0.24069301324836703","0.04862393954053402","5353.00000","3353.00000"
"869858778","Домодедово","3","0.3007976056182445","0.042352414314794376","11304.00000","9304.00000"
"541313341","Домодедово","1","0.22876215915843456","0.022478156193955674","15980.00000","13980.00000"
"1048548485","Домодедово","1","0.10647511361087734","0.122247528728819","8680.00000","6680.00000"
"762414359","Домодедово","1","0.2843766020980074","0.03159189694005643","20266.00000","18266.00000"
"341808789","Толмачёво","1","0.17761155647483193","0.004651330829623413","2581.00000","581.00000"
"1203239518","Домодедово","2","0.20714388125558666","0.01900840404902562","18330.00000","16330.00000"
"1206800209","Домодедово","2","0.22257225053252083","0.02245144229553614","26106.00000","24106.00000"
"1211637016","Толмачёво","1","0.2213403138052257","0.057592538536663615","10046.00000","8046.00000"
"1224245759","Толмачёво","3","0.15817347866598416","0.010376444584792869","40711.00000","38711.00000"
"1196950751","Толмачёво","2","0.21508320019562213","0.052424634031937874","12179.00000","10179.00000"
"539025432","Домодедово","2","0.3031581143624954","0.03730886261310053","18085.00000","16085.00000"
"1033474934","Домодедово","1","0.13158769545478224","0.1729303006367891","4705.00000","2705.00000"
"559204123","Толмачёво","3","0.15017732922324262","0.03446224215521864","14882.00000","12882.00000"
"1222543341","Домодедово","3","0.23308775892804812","0.014452415350086687","28145.00000","26145.00000"
"1196919949","Домодедово","2","0.1504612543424921","0.1468185312307622","7357.00000","5357.00000"
"731417203","Толмачёво","3","0.2645396777770646","0.011497414320501326","2192.00000","192.00000"
"1223216790","Толмачёво","2","0.2287829320187333","0.007265529578901746","18464.00000","16464.00000"
"961932538","Домодедово","1","0.25040153242003965","0.008589025029455914","30039.00000","28039.00000"
"758588965","Домодедово","3","0.2859629012723338","0.020966056436780678","11466.00000","9466.00000"
"1035084692","Домодедово","1","0.19028023978219216","0.013515005252987341","29893.00000","27893.00000"
"1209068687","Домодедово","1","0.2727341801384649","0.006175875440655194","31234.00000","29234.00000"
"1218962187","Домодедово","1","0.21294401520074308","0.01634212302186766","10058.00000","8058.00000"
"146804895","Толмачёво","3","0.2228775240926636","0.0066776506006867645","28456.00000","26456.00000"
"1327792512","Толмачёво","2","0.23936423829412004","0.018163803796980054","4106.00000","2106.00000"
"788395816","Толмачёво","2","0.2437069794897422","0.010358863891179767","22658.00000","20658.00000"
"1044809850","Толмачёво","1","0.07672832908853675","0.04775817733488489","76339.00000","74339.00000"
"1216473571","Домодедово","2","0.21587544953631016","0.09244831042650652","7728.00000","5728.00000"
"1046511218","Домодедово","2","0.21542400117720667","0.013865213647688215","42720.00000","40720.00000"
"1218320733","Домодедово","2","0.2005525117548603","0.03764462439506635","8429.00000","6429.00000"
"1212281203","Домодедово","3","0.17042255188173405","0.06694105580380154","4101.00000","2101.00000"
"1218867779","Домодедово","2","0.2667983496158084","0.03937508751513424","3716.00000","1716.00000"
"1199630114","Толмачёво","1","0.1863622817063559","0.11343038891768573","2791.00000","791.00000"
"1042337644","Домодедово","1","0.2358724265638151","0.005043485258671909","35013.00000","33013.00000"
"145266892","Толмачёво","2","0.18822760661779106","0.027721937005037726","12051.00000","10051.00000"
"347449588","Домодедово","4","0.2013240518051985","0.013670391279341217","46617.00000","44617.00000"
"1216007217","Домодедово","1","0.16895902701056473","0.08416680608118689","12739.00000","10739.00000"
"1045755370","Толмачёво","3","0.27716726429240673","0.02847169314719177","4747.00000","2747.00000"
"866839061","Толмачёво","3","0.1965799722420747","0.02100831763624582","62402.00000","60402.00000"
"1209492174","Толмачёво","2","0.19969961969262928","0.04807760951177795","16807.00000","14807.00000"
"346819269","Толмачёво","3","0.2869039838347854","0.010791955035429545","24167.00000","22167.00000"
"1216722330","Толмачёво","1","0.18607560300784176","0.02687781324696076","8938.00000","6938.00000"
"1169911960","Домодедово","3","0.17488629795068703","0.018048937332794765","65705.00000","63705.00000"
"1064951302","Толмачёво","3","0.2792148775207182","0.02502483816847742","11047.00000","9047.00000"
"353014763","Домодедово","1","0.22121689923546697","0.10168937686877645","11402.00000","9402.00000"
"1034203075","Домодедово","2","0.17320277833133307","0.04011803523056475","36926.00000","34926.00000"
"1213626714","Домодедово","1","0.06027579469837178","0.11856174179946204","15541.00000","13541.00000"
"1043649098","Домодедово","1","0.2156130454610582","0.051074355857684856","11423.00000","9423.00000"
"1224536651","Домодедово","1","0.10741242200280794","0.12255751815907405","9536.00000","7536.00000"
"567181257","Толмачёво","1","0.27665526831874965","0.015893766503815555","34834.00000","32834.00000"
"1214022208","Домодедово","2","0.2668933108390344","0.017828958780535805","6547.00000","4547.00000"
"343868460","Домодедово","2","0.18294493006613285","0.01704766119895828","33567.00000","31567.00000"
"386096519","Толмачёво","3","0.2094863695114613","0.059676585723762096","16097.00000","14097.00000"
"755688092","Толмачёво","1","0.16797036693262035","0.19060774683976237","2458.00000","458.00000"
"733521302","Толмачёво","3","0.16001896440933833","0.0861436141184609","12664.00000","10664.00000"
"1216416583","Толмачёво","2","0.23139198015145926","0.03967580954398441","13885.00000","11885.00000"
"820726566","Домодедово","3","0.21320735836939148","0.02434787075802619","10278.00000","8278.00000"
"728598493","Домодедово","2","0.15470821488808426","0.1214083306165753","16817.00000","14817.00000"
"330848880","Толмачёво","3","0.1951499222460509","0.07902185027650169","18134.00000","16134.00000"
"1199988878","Толмачёво","2","0.19989134357056487","0.048760746442669645","18128.00000","16128.00000"
"1143482386","Домодедово","2","0.3221008782472786","0.0060021037012768855","6217.00000","4217.00000"
"1033831666","Толмачёво","2","0.17996653505634372","0.040139128445927916","10024.00000","8024.00000"
"1207038958","Домодедово","1","0.2622686590355176","0.03083119620360002","7192.00000","5192.00000"
"910778261","Домодедово","1","0.30053834773495514","0.029136256680498154","6189.00000","4189.00000"
"792559311","Толмачёво","1","0.14407952064674287","0.10985747837505729","2402.00000","402.00000"
"1230200734","Домодедово","1","0.26000856469795136","0.019279231286955682","26686.00000","24686.00000"
"813409968","Толмачёво","1","0.22634746867374425","0.004471317248933928","51279.00000","49279.00000"
"870115765","Домодедово","1","0.2794426845057886","0.0057657236373672045","5850.00000","3850.00000"
"1211525087","Толмачёво","3","0.25090614042030485","0.015153938624271028","33564.00000","31564.00000"
"1226149702","Домодедово","1","0.12933109296904702","0.19371299339835593","3596.00000","1596.00000"
"1078529750","Домодедово","1","0.23121796231812847","0.03876148687338816","26624.00000","24624.00000"
"251957168","Домодедово","2","0.21232302381495793","0.059241403635694","7803.00000","5803.00000"
"1199908567","Домодедово","1","0.13967130768388875","0.11183691572878429","8322.00000","6322.00000"
"1035122413","Толмачёво","2","0.12783782636092536","0.027984701472322255","23215.00000","21215.00000"
"961629675","Толмачёво","3","0.26202948466521614","0.008995603228517383","17173.00000","15173.00000"
"1213555570","Домодедово","3","0.2608889239909121","0.018495274138845802","17341.00000","15341.00000"
"1327841544","Домодедово","2","0.14786545519943278","0.10407216916839904","12486.00000","10486.00000"
"616275440","Толмачёво","2","0.19569199157691952","0.015005140450183115","20967.00000","18967.00000"
"1218051680","Домодедово","1","0.22533474352341984","0.0068745516614302955","9968.00000","7968.00000"
"779274233","Домодедово","3","0.18117832174390466","0.013458555782939315","56089.00000","54089.00000"
"1223215889","Домодедово","3","0.22061143807070327","0.05546563206244632","2042.00000","42.00000"
"296865093","Толмачёво","2","0.2773848246524671","0.008508495369189626","7013.00000","5013.00000"
"1215891241","Домодедово","2","0.15561003184384764","0.0630645302731234","7817.00000","5817.00000"
"893990418","Домодедово","3","0.24396180849833368","0.021153643546535292","32104.00000","30104.00000"
"1213346349","Домодедово","1","0.22807310781628948","0.07139568907540884","5222.00000","3222.00000"
"1044010740","Толмачёво","2","0.29046945210612335","0.006671694382059075","16222.00000","14222.00000"
"367520997","Толмачёво","2","0.13337451793111707","0.027888229083817155","47893.00000","45893.00000"
"1030467533","Толмачёво","1","0.2878476688488802","0.013268424805789502","3836.00000","1836.00000"
"1025318532","Домодедово","3","0.25731027816081226","0.006121367284961942","20366.00000","18366.00000"
"610508799","Толмачёво","4","0.16675206867431697","0.019306127420755114","38481.00000","36481.00000"
"1035731503","Домодедово","4","0.317080941479188","0.011043252733730828","12468.00000","10468.00000"
"619625065","Толмачёво","3","0.39305013257714677","0.006377459404012948","16815.00000","14815.00000"
"795519964","Домодедово","3","0.2357081301991408","0.08990737460014861","3498.00000","1498.00000"
"1210816510","Домодедово","2","0.2548361876638074","0.005734338229669488","26681.00000","24681.00000"
"1223593782","Толмачёво","2","0.24098375066046","0.049204770486006216","3956.00000","1956.00000"
"372668042","Домодедово","1","0.14246703196880042","0.14281899324484293","10019.00000","8019.00000"
"1192144162","Толмачёво","2","0.17931632964782826","0.05972133154637883","12969.00000","10969.00000"
"1009594836","Толмачёво","2","0.09799484275080074","0.050093469195621576","34850.00000","32850.00000"
"1032418063","Домодедово","1","0.31988657837142287","0.026441110357275734","9942.00000","7942.00000"
"741280078","Толмачёво","1","0.16859303773867562","0.004379458139951678","66665.00000","64665.00000"
"722826979","Домодедово","3","0.318719429263328","0.02496002269896595","5441.00000","3441.00000"
"366091072","Домодедово","2","0.07337955886498228","0.024231541784207715","101556.00000","99556.00000"
"1220387947","Домодедово","1","0.2214677796419285","0.002692267516356251","25456.00000","23456.00000"
"1218526495","Домодедово","2","0.220141066292616","0.008947266145665283","13576.00000","11576.00000"
"1047435386","Толмачёво","3","0.248773988367967","0.007936918696114445","12230.00000","10230.00000"
"402925914","Толмачёво","3","0.2186727840202015","0.005430997527966614","49420.00000","47420.00000"
"705205625","Домодедово","1","0.18703548764641922","0.06942869705195351","16419.00000","14419.00000"
"349273340","Толмачёво","3","0.21453239716324507","0.016325539832418974","12002.00000","10002.00000"
"1213124984","Домодедово","2","0.2674409280756047","0.04319666227922504","8281.00000","6281.00000"
"730598804","Домодедово","4","0.2887396481772649","0.014633415147670087","13498.00000","11498.00000"
"587558510","Толмачёво","2","0.261096954852998","0.01839717417637887","21065.00000","19065.00000"
"895005148","Толмачёво","2","0.21570160900270452","0.011005853838435388","34484.00000","32484.00000"
"1202605158","Домодедово","1","0.27388238165175927","0.02985633376945558","25968.00000","23968.00000"
"1212373353","Толмачёво","2","0.20676009200013457","0.05186965490764988","12897.00000","10897.00000"
"1012382721","Толмачёво","1","0.22098862968897853","0.010077808214313947","13537.00000","11537.00000"
"1219460014","Толмачёво","2","0.18713530874733475","0.00925092493140289","17907.00000","15907.00000"
"1057865444","Домодедово","3","0.2231232258716892","0.044577221846869165","20049.00000","18049.00000"
"361020252","Толмачёво","1","0.13508457930830578","0.027798196532890382","53549.00000","51549.00000"
"1211287543","Домодедово","4","0.3110660600933638","0.012548204842154983","8407.00000","6407.00000"
"371383056","Домодедово","2","0.16934987545617589","0.02659007777490762","48277.00000","46277.00000"
"378635815","Домодедово","1","0.1565916016883007","0.1527310726502692","3285.00000","1285.00000"
"646230359","Домодедово","2","0.2064287583865346","0.03208706026222036","23018.00000","21018.00000"
"1029795251","Толмачёво","2","0.24490344693859412","0.019734848455395373","32239.00000","30239.00000"
"1199229633","Домодедово","1","0.16278988687560875","0.053390739839368144","38181.00000","36181.00000"
"1220375148","Толмачёво","2","0.1587556834225015","0.005804384021544899","65409.00000","63409.00000"
"240087636","Домодедово","1","0.19681742402682376","0.0234092723991069","12341.00000","10341.00000"
"556552785","Домодедово","4","0.28548857997010463","0.015351028480975231","10061.00000","8061.00000"
"1128907965","Толмачёво","2","0.277213648119458","0.0070419430696981","12641.00000","10641.00000"
"508843015","Домодедово","2","0.2870181455927936","0.008535989946616994","15792.00000","13792.00000"
"1217048937","Домодедово","2","0.2500557750282679","0.025067215897771937","17729.00000","15729.00000"
"1202290894","Домодедово","3","0.34156766584821235","0.023574293451050683","14403.00000","12403.00000"
"396254754","Домодедово","1","0.31291912688337703","0.002043594120348453","17450.00000","15450.00000"
"152375522","Толмачёво","1","0.17091306347882662","0.06661566175486042","8299.00000","6299.00000"
"261371472","Домодедово","1","0.021653440362829877","0.14077943068873883","10185.00000","8185.00000"
"1196239336","Толмачёво","1","0.16819328400687364","0.08831549369122911","16918.00000","14918.00000"
"1030091953","Толмачёво","1","0.2300492310248723","0.021161459613361258","18169.00000","16169.00000"
"958870847","Толмачёво","3","0.2674642848818328","0.037528357908839835","6449.00000","4449.00000"
"1206657191","Домодедово","2","0.18962354419083738","0.026531321171918316","15620.00000","13620.00000"
"1208154196","Домодедово","2","0.25719352430430736","0.03230587139467753","18175.00000","16175.00000"
"1014126933","Домодедово","4","0.4443324207481874","0.007952556021567062","13262.00000","11262.00000"
"1212373935","Домодедово","1","0.21316738217222167","0.0859820418340421","6902.00000","4902.00000"
"1194902110","Толмачёво","2","0.26918098617262937","0.023923645593618127","10955.00000","8955.00000"
"245924247","Домодедово","2","0.30991749078948905","0.047230548104264344","3320.00000","1320.00000"
"1216561874","Толмачёво","3","0.3899079526163822","0.003854139419269583","3742.00000","1742.00000"
"650248005","Домодедово","1","0.2324681256098538","0.04154664027766301","15529.00000","13529.00000"
"1215865662","Толмачёво","2","0.17684531240735876","0.06110285222738825","2718.00000","718.00000"
"1222761055","Домодедово","2","0.18894378127284886","0.0604284713850786","5586.00000","3586.00000"
"1214625609","Домодедово","1","0.23092404800431873","0.05248226620363329","13169.00000","11169.00000"
"1205355352","Толмачёво","4","0.22748055829480346","0.01112431238789996","27963.00000","25963.00000"
"866279332","Домодедово","2","0.19885208827571607","0.08110041023379277","14138.00000","12138.00000"
"800904278","Домодедово","2","0.2175715628560151","0.004774097336861133","23494.00000","21494.00000"
"1051490525","Толмачёво","2","0.27625623438159236","0.012833909885639446","32642.00000","30642.00000"
"1219312353","Домодедово","2","0.25044937828475095","0.016327726605157213","3217.00000","1217.00000"
"1209615596","Домодедово","2","0.32331711268110824","0.0070239892966260905","5612.00000","3612.00000"
"612022425","Толмачёво","1","0.11602214736591394","0.1658812201509797","5065.00000","3065.00000"
"1206256333","Домодедово","1","0.16376705868073213","0.10804982364646973","2285.00000","285.00000"
"1218218904","Толмачёво","1","0.25275089469963935","0.011626244340134567","12805.00000","10805.00000"
"808171513","Толмачёво","2","0.2305747163789427","0.029015451334735685","3916.00000","1916.00000"
"1223192414","Толмачёво","2","0.14423869811344386","0.08240427498957402","19302.00000","17302.00000"
"331825075","Толмачёво","2","0.18514911996722305","0.030368226058253768","45354.00000","43354.00000"
"970891945","Толмачёво","3","0.21975697630147134","0.012206362900294246","40090.00000","38090.00000"
"1025398147","Толмачёво","2","0.24653103278975988","0.11608602749258586","4472.00000","2472.00000"
"1207163012","Толмачёво","1","0.18312914744838832","0.031650878084319746","46346.00000","44346.00000"
"1191231552","Домодедово","3","0.1702372571803438","0.01346945284285118","56331.00000","54331.00000"
"1218530502","Домодедово","1","0.21833861297970977","0.11148889051556836","2014.00000","14.00000"
"388732789","Толмачёво","1","0.3108254586663014","9.336095126037943E-4","10555.00000","8555.00000"
"1327990455","Домодедово","1","0.19251752847771902","0.014547235196208482","10440.00000","8440.00000"
"1043229498","Толмачёво","3","0.29052837486309413","0.019458321898889977","3235.00000","1235.00000"
"848971375","Толмачёво","2","0.2876941043473233","0.012074132244503976","3282.00000","1282.00000"
"1217132801","Толмачёво","2","0.2063234300780657","0.07537697863027068","3554.00000","1554.00000"
"756584701","Домодедово","3","0.33640737540174903","0.032868817402036545","9516.00000","7516.00000"
"1202506066","Домодедово","2","0.16976998211144245","0.14423133971402094","3147.00000","1147.00000"
"1027195591","Домодедово","3","0.3159263166080226","0.005694777031397342","7486.00000","5486.00000"
"319624357","Домодедово","1","0.18932242918095596","0.11961438815531303","4521.00000","2521.00000"
"1215621479","Домодедово","1","0.2412891202653753","0.006316229703147319","8846.00000","6846.00000"
"1206906329","Толмачёво","1","0.23433581637097814","0.035778966406548866","26100.00000","24100.00000"
"850459310","Домодедово","2","0.20796782618551007","0.0441028994088124","24015.00000","22015.00000"
"681015451","Домодедово","2","0.23191136745921034","0.011708274910729795","40971.00000","38971.00000"
"1190108621","Толмачёво","2","0.24319128192130243","0.023494085117189388","9292.00000","7292.00000"
"601722413","Толмачёво","1","0.31622650103978256","0.007973734588387165","14284.00000","12284.00000"
"960617800","Толмачёво","1","0.2282854807991382","0.020137584746042693","29274.00000","27274.00000"
"998097878","Толмачёво","2","0.20327558255267214","0.038196669410219035","10035.00000","8035.00000"
"1218634","Домодедово","3","0.2576706614522536","0.03454284746139603","13038.00000","11038.00000"
"1223555572","Толмачёво","2","0.2582608697033543","0.010746655415313463","10021.00000","8021.00000"
"696114389","Домодедово","2","0.21200310084924462","0.039810844227147674","37252.00000","35252.00000"
"287338147","Толмачёво","1","0.17090406415614362","0.013123028244679355","98517.00000","96517.00000"
"1033070005","Домодедово","2","0.24560461477751436","0.014011798608596825","16478.00000","14478.00000"
"1217875345","Толмачёво","1","0.31283878386804126","0.004571576678136367","3426.00000","1426.00000"
"1031392650","Толмачёво","2","0.2652310122740595","0.020340728485604743","23453.00000","21453.00000"
"1035328775","Толмачёво","3","0.24526929705063535","0.015536856694116433","2618.00000","618.00000"
"792916865","Толмачёво","3","0.21227320347003015","0.057954556262529995","11344.00000","9344.00000"
"357598458","Домодедово","2","0.27853855248878223","0.01311625270329105","2579.00000","579.00000"
"424930710","Домодедово","2","0.14643961473759504","0.024486116886001844","83828.00000","81828.00000"
"959596251","Домодедово","2","0.27826991215121494","0.030318876255409733","7807.00000","5807.00000"
"1201488461","Толмачёво","3","0.18416982336087423","0.02061164697411253","29717.00000","27717.00000"
"1031710707","Домодедово","2","0.2760683559419661","0.04487466685052023","2499.00000","499.00000"
"1179799115","Домодедово","1","0.16039658251014258","0.11096921918966883","4778.00000","2778.00000"
"696399306","Домодедово","3","0.3561347895655039","0.0027354667402672487","2553.00000","553.00000"
"1040076215","Домодедово","3","0.2778978018867068","0.015937173527804813","10623.00000","8623.00000"
"249548782","Толмачёво","2","0.29320177086843263","0.031107918599570596","26801.00000","24801.00000"
"1201026875","Толмачёво","2","0.15876832166864885","0.13633454134062944","2372.00000","372.00000"
"1214856340","Толмачёво","2","0.14344156284119408","0.037707982239071965","31561.00000","29561.00000"
"1065837369","Толмачёво","1","0.138450494986463","0.05333669854209796","16708.00000","14708.00000"
"1195894683","Домодедово","1","0.3202858566235219","0.03093612332021836","11095.00000","9095.00000"
"1033395880","Домодедово","1","0.08106975092034627","0.05525503543779325","17330.00000","15330.00000"
"1207101590","Домодедово","1","0.20594886198441853","0.03113008211906722","19090.00000","17090.00000"
"1033909658","Толмачёво","3","0.25866977746241065","0.042943225730862816","5527.00000","3527.00000"
"1225501755","Толмачёво","1","0.2347873111440213","0.004255639730835039","8401.00000","6401.00000"
"136599728","Толмачёво","1","0.10150422776278781","0.04010502241067066","22233.00000","20233.00000"
"1197186867","Толмачёво","2","0.30833087425578065","0.01980775966593574","7204.00000","5204.00000"
"259117966","Домодедово","1","0.24279311763461953","0.08476280606376077","4082.00000","2082.00000"
"1216992945","Домодедово","1","0.22354773827943275","0.039664465740811776","17574.00000","15574.00000"
"765965127","Толмачёво","3","0.2629070110601284","0.007804604865478268","22322.00000","20322.00000"
"1223720911","Толмачёво","2","0.22530208208705152","0.009307795255030952","21354.00000","19354.00000"
"893389088","Толмачёво","2","0.25660747910105114","0.11828544868323997","11042.00000","9042.00000"
"221102146","Домодедово","2","0.29063111047475276","0.019258435501687855","4463.00000","2463.00000"
"1071407811","Домодедово","3","0.242002345454051","0.09919798079104687","10952.00000","8952.00000"
"1219896595","Домодедово","1","0.22984559031571847","0.009923040126225748","7221.00000","5221.00000"
"1226644444","Домодедово","1","0.22807265998621393","0.005342472165964765","16527.00000","14527.00000"
"1080690019","Толмачёво","2","0.3178416706898582","0.028087599639149193","13154.00000","11154.00000"
"1223777545","Толмачёво","3","0.22536202180219866","0.04959960740965662","10576.00000","8576.00000"
"1215602981","Домодедово","1","0.33094373122567394","0.004996269104324334","7749.00000","5749.00000"
"156376083","Домодедово","1","0.24435755449331506","0.05866347529692249","7314.00000","5314.00000"
"1210075811","Домодедово","3","0.21330577078870852","0.030087449468156696","16463.00000","14463.00000"
"1206578718","Домодедово","1","0.11798898995063553","0.12844341449416763","3424.00000","1424.00000"
"1079981506","Домодедово","5","0.3223827750507737","0.005315727832452599","13582.00000","11582.00000"
"1205861992","Домодедово","2","0.17538253002556614","0.050221443112792745","10151.00000","8151.00000"
"161865916","Толмачёво","3","0.42569138531830714","0.008074553313012439","21167.00000","19167.00000"
"1054590352","Домодедово","1","0.23094514814459663","0.02857216275466246","34095.00000","32095.00000"
"770719510","Домодедово","3","0.210135304768447","0.035151576796257876","16838.00000","14838.00000"
"1213765134","Толмачёво","3","0.19239190215038843","0.03562195858573423","23262.00000","21262.00000"
"857802168","Толмачёво","1","0.16904330568287382","0.10905402970050133","7152.00000","5152.00000"
"1327616860","Толмачёво","2","0.27317952881234975","0.01044755549182272","32203.00000","30203.00000"
"1201877555","Домодедово","2","0.19441041111394852","0.030158097855556124","38040.00000","36040.00000"
"372404653","Домодедово","4","0.1500520296527348","0.022170780186625053","56638.00000","54638.00000"
"994241203","Толмачёво","3","0.18137406264441677","0.054547820621504546","10016.00000","8016.00000"
"293646629","Домодедово","1","0.2873100960724569","0.0012946257293968587","10500.00000","8500.00000"
"1074896870","Домодедово","1","0.27343536752352293","0.095591351649172","5653.00000","3653.00000"
"532363266","Толмачёво","2","0.2597300789549461","0.030766267767687174","16517.00000","14517.00000"
"1196303389","Толмачёво","2","0.2394932421972008","0.017615928748155936","24341.00000","22341.00000"
"1181645985","Толмачёво","3","0.19216563035076517","0.05158652659369433","10139.00000","8139.00000"
"1195625596","Толмачёво","3","0.16457067725645283","0.08925876072982943","2834.00000","834.00000"
"937294373","Домодедово","4","0.2887697850352174","0.03493976225889998","5075.00000","3075.00000"
"972580905","Домодедово","3","0.24684875687236563","0.06081396331814502","21886.00000","19886.00000"
"1219277939","Толмачёво","2","0.2690837007935418","0.023980583974060058","3127.00000","1127.00000"
"1215941730","Толмачёво","2","0.16195202282965368","0.04211803362307428","12883.00000","10883.00000"
"628802636","Домодедово","1","0.16478261091576302","0.036530138350218455","15885.00000","13885.00000"
"1031148498","Толмачёво","2","0.1694915175152089","0.06696829042716204","5470.00000","3470.00000"
"90181657","Домодедово","3","0.18574402860694217","0.04239201731568186","3178.00000","1178.00000"
"1212596889","Домодедово","3","0.30167214137800186","0.00776939379696473","8544.00000","6544.00000"
"1044024895","Домодедово","1","0.19311265067207956","0.01750614657165476","30737.00000","28737.00000"
"1089174257","Толмачёво","2","0.15459358762509928","0.006182516811235143","66904.00000","64904.00000"
"1414547","Толмачёво","2","0.27707160781123646","0.007800627291895103","3430.00000","1430.00000"
"264477544","Домодедово","2","0.24000973761356165","0.03694387010862201","19218.00000","17218.00000"
"1037493728","Толмачёво","2","0.29055942815879426","0.0271641103609929","5760.00000","3760.00000"
"266784832","Домодедово","1","0.17128243525925263","0.0025399214596782313","70701.00000","68701.00000"
"1155017771","Толмачёво","3","0.17612798738882599","0.011104017177256415","28114.00000","26114.00000"
"155427458","Домодедово","1","0.2418851980499254","0.00918979909991689","8909.00000","6909.00000"
"757910106","Домодедово","3","0.18367144505642985","0.014952351936890856","29662.00000","27662.00000"
"297483489","Толмачёво","1","0.30035555488411647","0.04408765611935434","7980.00000","5980.00000"
"1327841473","Толмачёво","2","0.14947457961011884","0.0169153871360785","55744.00000","53744.00000"
"567245710","Толмачёво","1","0.2083404571411408","0.00467304696649595","43073.00000","41073.00000"
"1205541608","Толмачёво","3","0.25331422466769726","0.03640485979724401","10564.00000","8564.00000"
"1215085212","Домодедово","1","0.27426670812523823","0.015997212404212317","9739.00000","7739.00000"
"1190833702","Толмачёво","4","0.26332335329175327","0.020107806699395412","19591.00000","17591.00000"
"1045170702","Толмачёво","1","0.2699970587975858","0.062404342739786935","16129.00000","14129.00000"
"531717101","Толмачёво","2","0.26122453740128293","0.003537460785181305","18158.00000","16158.00000"
"307531308","Домодедово","2","0.10971075103028714","0.029311271348856173","12019.00000","10019.00000"
"734436390","Домодедово","1","0.2930925163361209","0.004207377049779401","6722.00000","4722.00000"
"1216417864","Толмачёво","1","0.1304623931139164","0.19050814307907704","2595.00000","595.00000"
"424229509","Домодедово","4","0.2706042545172904","0.048851767929640744","14324.00000","12324.00000"
"681754135","Домодедово","2","0.22639407709967835","0.027762212533098716","4742.00000","2742.00000"
"1200724283","Толмачёво","2","0.31903503692780544","0.03140847812287422","4597.00000","2597.00000"
"1221861039","Толмачёво","1","0.2391565072638366","0.010293040011474937","21533.00000","19533.00000"
"386711708","Домодедово","1","0.2685840202805024","0.019195546301805737","27933.00000","25933.00000"
"1216100497","Толмачёво","1","0.19971172564964548","0.01998824047963004","4151.00000","2151.00000"
"639180703","Домодедово","1","0.20268708117977954","0.022038330583704514","23843.00000","21843.00000"
"1016056298","Толмачёво","2","0.2117640382071234","0.07206107325031304","7120.00000","5120.00000"
"1209511745","Толмачёво","1","0.10169461794371032","0.06475402839242668","26476.00000","24476.00000"
"1206968645","Толмачёво","2","0.2235094449519063","0.031473683320872956","22657.00000","20657.00000"
"1157610866","Толмачёво","3","0.32652251130946613","0.012670724690895195","10915.00000","8915.00000"
"381319239","Толмачёво","4","0.30717463199469863","0.008608582548973528","10479.00000","8479.00000"
"1021749341","Домодедово","2","0.19265828997572587","0.025463902483909107","32254.00000","30254.00000"
"1014122608","Толмачёво","2","0.15776885780713532","0.017805360480690667","56466.00000","54466.00000"
"1085611813","Толмачёво","2","0.18416730651255936","0.0974607578414089","19267.00000","17267.00000"
"230655057","Домодедово","3","0.18074140438004996","0.0375981728474775","21162.00000","19162.00000"
"1220851686","Толмачёво","1","0.15938348061458388","0.049819411196895196","14472.00000","12472.00000"
"1204860449","Толмачёво","1","0.248136415020975","0.006225649745233046","7264.00000","5264.00000"
"1218232841","Домодедово","1","0.2892747426547237","0.01515029113890528","28676.00000","26676.00000"
"1218626755","Домодедово","1","0.21847578346772809","0.051832668827987705","2432.00000","432.00000"
"1240730741","Толмачёво","2","0.13513117532891653","0.08148078724411822","10584.00000","8584.00000"
"1218868065","Домодедово","2","0.24315847440378932","0.059219905560109726","4627.00000","2627.00000"
"1201861234","Домодедово","1","0.11604557973342354","0.12160364469206697","15705.00000","13705.00000"
"795069998","Домодедово","1","0.1913988234961367","0.05263091092460619","2472.00000","472.00000"
"1221853354","Домодедово","3","0.20301802173948627","0.0355547201461956","8803.00000","6803.00000"
"1216984509","Домодедово","2","0.15674525336703732","0.1704357792344307","2294.00000","294.00000"
"1201173549","Толмачёво","2","0.2778961855908694","0.031253965226728915","2713.00000","713.00000"
"1040811278","Домодедово","3","0.2212471761112339","0.06463097732748282","22331.00000","20331.00000"
"1163332742","Толмачёво","1","0.11609537255205225","0.033370146117679425","9124.00000","7124.00000"
"807364617","Толмачёво","3","0.3178253863332076","0.009262961013602786","7053.00000","5053.00000"
"505606777","Домодедово","1","0.22680164989160487","0.004527889805692084","42232.00000","40232.00000"
"1201843369","Толмачёво","1","0.12950039863749238","0.09660606352626581","19731.00000","17731.00000"
"1226072698","Толмачёво","2","0.17280489043119018","0.05829741082370907","9893.00000","7893.00000"
"558487657","Толмачёво","2","0.3045639942796969","0.09541270126036058","2141.00000","141.00000"
"734508665","Домодедово","1","0.3273274890410513","0.03308549725819404","9549.00000","7549.00000"
"902475061","Толмачёво","4","0.206221993154736","0.020325346961653258","37593.00000","35593.00000"
"1139479546","Домодедово","3","0.3493949045623124","0.005562967596305124","5079.00000","3079.00000"
"1222646502","Домодедово","2","0.18079342828958986","0.05548169779149946","5908.00000","3908.00000"
"644371524","Домодедово","1","0.21285954704758314","0.044567042225996945","18634.00000","16634.00000"
"404182012","Домодедово","2","0.2961707278180478","0.06511502634787582","2233.00000","233.00000"
"267984927","Домодедово","2","0.2927975693798256","0.00812202081423352","13492.00000","11492.00000"
"1207197046","Домодедово","2","0.23675842174895656","0.055768792543652614","7794.00000","5794.00000"
"1046251813","Домодедово","2","0.3207144980076624","0.009873904137340711","2376.00000","376.00000"
"1199522578","Домодедово","1","0.17985306615558558","0.06009386947691639","12066.00000","10066.00000"
"144495733","Домодедово","3","0.1348230972835632","0.024120339476904677","12552.00000","10552.00000"
"758463949","Домодедово","1","0.37065143632354425","0.0027985553930559466","5982.00000","3982.00000"
"1190654684","Толмачёво","3","0.2924945711101455","0.01465190113525472","6413.00000","4413.00000"
"558500424","Толмачёво","1","0.1763448287914842","0.08073073949638913","6071.00000","4071.00000"
"1215152958","Домодедово","2","0.14901802315142387","0.13762148423579268","4825.00000","2825.00000"
"961448107","Толмачёво","4","0.33870867909061136","0.015176732323442424","6945.00000","4945.00000"
"1212114570","Домодедово","1","0.08948690720630463","0.12962689922141793","12778.00000","10778.00000"
"1213122825","Толмачёво","1","0.25231529861569113","0.01789217603285228","19354.00000","17354.00000"
"1218122986","Домодедово","1","0.19193859246648134","0.2796421085065419","-3152.00000","-5152.00000"
"672809666","Домодедово","1","0.17298740463172238","0.02039142487211683","22741.00000","20741.00000"
"865444026","Толмачёво","1","0.18710444239795368","0.018539059566970377","3803.00000","1803.00000"
"755785438","Домодедово","1","0.15043431837045043","0.12901212939859114","6269.00000","4269.00000"
"248868031","Толмачёво","2","0.33998917728361727","0.005749066573696976","4946.00000","2946.00000"
"543023569","Толмачёво","2","0.18918645878657886","0.06096506437757391","15764.00000","13764.00000"
"155651105","Толмачёво","2","0.32231739189530717","0.05806514254803068","3204.00000","1204.00000"
"822180550","Толмачёво","2","0.18211463702941344","0.08219077639521752","17459.00000","15459.00000"
"1213218284","Толмачёво","2","0.18743292315329085","0.06251918493831034","13526.00000","11526.00000"
"1205079727","Домодедово","1","0.27423584710376797","0.00722282916207074","19820.00000","17820.00000"
"1148803525","Домодедово","3","0.1411257595937688","0.10610992637907125","13361.00000","11361.00000"
"1213347678","Толмачёво","1","0.24352028576573553","0.07346207739380911","5857.00000","3857.00000"
"1212665122","Толмачёво","1","0.2826197895459311","0.02340056491444931","28275.00000","26275.00000"
"1045050543","Толмачёво","2","0.2334203139415001","0.014056116745795629","28573.00000","26573.00000"
"722779643","Толмачёво","2","0.20792805388061625","0.08401700548991298","9056.00000","7056.00000"
"394428134","Толмачёво","1","0.19359086591710262","0.013975956544039382","22739.00000","20739.00000"
"1327799746","Толмачёво","1","0.09928966301209953","0.021447900193656954","54675.00000","52675.00000"
"1006678536","Домодедово","2","0.22302330028852935","0.018628806443828028","6496.00000","4496.00000"
"1221485786","Домодедово","2","0.1771313536979162","0.04981214886883139","13437.00000","11437.00000"
"1043469819","Домодедово","2","0.16701684830562133","0.019272273142881404","39948.00000","37948.00000"
"803942076","Домодедово","1","0.2774613568605801","0.0077054132021113116","40157.00000","38157.00000"
"1217201664","Толмачёво","2","0.2136918891654209","0.005907075842756269","16926.00000","14926.00000"
"269456275","Домодедово","2","0.11480082460821724","0.05991753144051477","38554.00000","36554.00000"
"1210281449","Домодедово","2","0.17781964266788766","0.04290065783310884","26703.00000","24703.00000"
"741320625","Домодедово","1","0.2382336921332841","0.02254733282491496","9482.00000","7482.00000"
"542201022","Домодедово","1","0.10028216944019205","0.21416065602404621","3309.00000","1309.00000"
"116802028","Домодедово","2","0.26012676023776915","0.0351129300533667","11446.00000","9446.00000"
"1215091521","Домодедово","2","0.15959897263594391","0.07114413938451335","15390.00000","13390.00000"
"206465412","Толмачёво","1","0.04812776364805885","0.07061165229284472","75884.00000","73884.00000"
"1197825925","Толмачёво","2","0.15337394024607467","0.08693760109832759","11561.00000","9561.00000"
"670695328","Толмачёво","1","0.17895832098028522","0.05145155808918313","21268.00000","19268.00000"
"378921674","Толмачёво","3","0.37042480653519944","0.0063585719557451474","6671.00000","4671.00000"
"596255602","Домодедово","3","0.22614640224345073","0.014320381968753258","42270.00000","40270.00000"
"997625288","Толмачёво","2","0.2898375846485109","0.008263020169724968","12136.00000","10136.00000"
"1020963068","Домодедово","3","0.1570129812243475","0.06123278585594583","14067.00000","12067.00000"
"1071436567","Толмачёво","2","0.161230254363107","0.06617668703615703","11527.00000","9527.00000"
"1208883707","Домодедово","2","0.2816936489039337","0.025647877711279077","3978.00000","1978.00000"
"389153761","Домодедово","3","0.2208325376943316","0.015839350683504852","11809.00000","9809.00000"
"1194817096","Толмачёво","2","0.249754929535338","0.007712443118692423","26368.00000","24368.00000"
"1209588291","Домодедово","2","0.18294402994068926","0.10990263267874828","8780.00000","6780.00000"
"230185301","Домодедово","3","0.27241363469555474","0.030057004913614592","5600.00000","3600.00000"
"668730452","Толмачёво","1","0.21061631595158886","0.02299313540988815","41179.00000","39179.00000"
"512110320","Домодедово","1","0.27947555743078606","0.020695297552741156","23847.00000","21847.00000"
"1216161860","Толмачёво","1","0.19166765935525387","0.04580302125595837","3785.00000","1785.00000"
"1207117559","Домодедово","1","0.21348906844884077","0.11119977383445359","5178.00000","3178.00000"
"1199813044","Толмачёво","2","0.323951023686088","0.016120327607026853","3928.00000","1928.00000"
"611632876","Домодедово","1","0.26943804162498086","0.0268959531651746","11031.00000","9031.00000"
"1034998269","Толмачёво","1","0.1563554377242435","0.11686775398297276","5889.00000","3889.00000"
"1217469754","Толмачёво","2","0.2822867990932444","0.032741907006132276","7906.00000","5906.00000"
"635307613","Толмачёво","1","0.198645315508907","0.018078101905082116","2750.00000","750.00000"
"1210088492","Толмачёво","2","0.21213893178141402","0.04961553227729297","4307.00000","2307.00000"
"382297055","Толмачёво","1","0.23601168987077964","0.01408845013298459","8174.00000","6174.00000"
"600243575","Толмачёво","3","0.2722258035513674","0.022157876916161386","9118.00000","7118.00000"
"328361332","Толмачёво","3","0.28533054366497757","0.024733231982723466","7117.00000","5117.00000"
"784424094","Домодедово","1","0.3265499918112688","0.019790158184383216","29666.00000","27666.00000"
"1209046890","Толмачёво","1","0.11441243865898867","0.22307426397682129","3440.00000","1440.00000"
"1198155983","Домодедово","2","0.2301056535480831","0.02587308348722701","33272.00000","31272.00000"
"1089254451","Толмачёво","2","0.19413215377119822","0.058790086782150676","18724.00000","16724.00000"
"1079622626","Домодедово","2","0.16418167124868507","0.028594605097823238","8336.00000","6336.00000"
"153290943","Толмачёво","1","0.0830935370894854","0.23711794165513805","3115.00000","1115.00000"
"263130804","Домодедово","4","0.10154235355255095","0.11095818070776998","11862.00000","9862.00000"
"555777049","Домодедово","2","0.22747423472347109","0.011110372470440171","33545.00000","31545.00000"
"1031220950","Толмачёво","3","0.31748956978318454","0.03172094520466374","5551.00000","3551.00000"
"269156414","Толмачёво","1","0.27933656185155353","0.012099525998975593","7522.00000","5522.00000"
"1212065113","Домодедово","1","0.2659557695219923","0.07458889237254888","8971.00000","6971.00000"
"1028834452","Домодедово","1","0.15149898772848816","0.02516882116417412","51976.00000","49976.00000"
"859813056","Домодедово","2","0.17083616143243063","0.025769529272115604","26680.00000","24680.00000"
"962193233","Домодедово","2","0.24122035858304544","0.035262718833541255","13979.00000","11979.00000"
"754762839","Домодедово","3","0.18436528831251128","0.029531447642454356","8700.00000","6700.00000"
"297672601","Толмачёво","1","0.10615998442022838","0.06275561599191457","24431.00000","22431.00000"
"258947151","Домодедово","1","0.2003951801565988","0.03686004447217311","40665.00000","38665.00000"
"1220304775","Домодедово","3","0.25901888435410925","0.01646685435512256","6948.00000","4948.00000"
"1207199333","Домодедово","1","0.3238588784677632","0.005370376164427833","7470.00000","5470.00000"
"1037343123","Толмачёво","2","0.2553735893789393","0.008539978153266502","6271.00000","4271.00000"
"1222508263","Домодедово","1","0.18009299477898402","0.04170222338071331","22858.00000","20858.00000"
"1215285266","Домодедово","1","0.21767996528263014","0.06820703044206888","15258.00000","13258.00000"
"520176261","Домодедово","2","0.17295351727265967","0.0466853745088175","60476.00000","58476.00000"
"845074748","Толмачёво","2","0.21366458280157172","0.0334331547627616","9345.00000","7345.00000"
"584881601","Толмачёво","2","0.14170941750617824","0.059276562581196096","24348.00000","22348.00000"
"265433276","Толмачёво","2","0.1636263417667845","0.0201091292931533","41669.00000","39669.00000"
"111782489","Толмачёво","3","0.3095304785832347","0.007480668785001366","24164.00000","22164.00000"
"1205870300","Домодедово","4","0.24102128228731812","0.016061477898410437","7183.00000","5183.00000"
"803919573","Толмачёво","1","0.1912637984158169","0.05986288081765482","14458.00000","12458.00000"
"1205139110","Домодедово","1","0.23717753446226242","0.04893538696224012","14762.00000","12762.00000"
"897549546","Толмачёво","1","0.30120145044729996","0.009416936042471648","35686.00000","33686.00000"
"807803989","Толмачёво","2","0.19581168328781678","0.00458400377709894","86092.00000","84092.00000"
"706886128","Толмачёво","4","0.22591068271127349","0.034947305348269904","19663.00000","17663.00000"
"630751362","Домодедово","1","0.14302758566256626","0.08612515918603281","27548.00000","25548.00000"
"1005458253","Толмачёво","1","0.2193893059960035","0.07799162409528944","20878.00000","18878.00000"
"793936829","Домодедово","1","0.13611441736824825","0.012967637470544784","39245.00000","37245.00000"
"252051943","Домодедово","2","0.22158993951769956","0.0787686679303125","2306.00000","306.00000"
"1206985334","Толмачёво","2","0.23383059269757586","0.012908729914643735","6455.00000","4455.00000"
"1208060157","Толмачёво","1","0.27359186652760586","0.0283023618429605","5002.00000","3002.00000"
"846590090","Домодедово","2","0.30333440428041125","0.009763214852766443","8186.00000","6186.00000"
"706569869","Домодедово","2","0.04991379029440489","0.10614125257485466","50593.00000","48593.00000"
"746877316","Домодедово","2","0.1743858085744106","0.09262342431795406","3458.00000","1458.00000"
"893664165","Толмачёво","3","0.255456752984328","0.027941778068707387","28525.00000","26525.00000"
"761097814","Домодедово","2","0.251124800368801","0.038293511372334395","15239.00000","13239.00000"
"1034782268","Толмачёво","2","0.2654180794829618","0.06464304267497793","11550.00000","9550.00000"
"1213300342","Толмачёво","1","0.22712084936321109","0.05151618574399889","14183.00000","12183.00000"
"1212495039","Домодедово","1","0.17279782823224282","0.04140346973838123","68012.00000","66012.00000"
"1035001956","Домодедово","1","0.22957295880976633","0.014422265237886273","16098.00000","14098.00000"
"266568085","Домодедово","2","0.26821453446492965","0.01743700167900358","21354.00000","19354.00000"
"362305221","Домодедово","1","0.1483824802617544","0.037759692050105","31678.00000","29678.00000"
"233577688","Домодедово","3","0.19852829044864703","0.03343096833623299","24684.00000","22684.00000"
"704512893","Толмачёво","3","0.2637913990359585","0.025176264828524073","9683.00000","7683.00000"
"1220293190","Домодедово","1","0.19736560803450895","0.10838121285921351","4096.00000","2096.00000"
"1217424321","Толмачёво","2","0.18341064141522517","0.036917557202569125","13842.00000","11842.00000"
"906267938","Толмачёво","1","0.22651641459150493","0.023068402769713885","31846.00000","29846.00000"
"1039045575","Толмачёво","2","0.10723296490132657","0.03831496836934917","96778.00000","94778.00000"
"1039989671","Домодедово","3","0.3072942351235339","0.006779630292503268","40566.00000","38566.00000"
"1060407316","Толмачёво","2","0.208072599016345","0.03893958049276498","54571.00000","52571.00000"
"304979776","Домодедово","3","0.23481587444884827","0.003809878777603495","14197.00000","12197.00000"
"747721977","Толмачёво","4","0.3138970451855014","0.00738071669303412","8386.00000","6386.00000"
"1032005494","Толмачёво","1","0.21251858789933184","0.038782014351815906","8782.00000","6782.00000"
"1223709655","Домодедово","2","0.30611033209514527","0.0038570202390733202","23070.00000","21070.00000"
"349885506","Домодедово","1","0.2738683672876076","0.020446450679449234","8984.00000","6984.00000"
"843871696","Домодедово","5","0.29231915481476395","0.007192470987188669","16623.00000","14623.00000"
"1209579872","Домодедово","2","0.27123656054649964","0.02858362541348868","11470.00000","9470.00000"
"549404189","Домодедово","1","0.3238023214231766","0.006246581970943843","20050.00000","18050.00000"
"643027646","Толмачёво","4","0.14972559088687465","0.13102024624360117","5955.00000","3955.00000"
"639239808","Толмачёво","1","0.11003657555955039","0.1848740667594869","3542.00000","1542.00000"
"1206656539","Толмачёво","1","0.25121233006415944","0.022351072150854773","16377.00000","14377.00000"
"514847810","Домодедово","2","0.10370247661667259","0.16313943531187555","9648.00000","7648.00000"
"1009674986","Домодедово","1","0.15251128787075027","0.019613473407521405","37750.00000","35750.00000"
"1067428939","Толмачёво","3","0.23343798301721802","0.031058517575964006","23565.00000","21565.00000"
"1215433955","Толмачёво","2","0.26763758089765904","0.011832363139014925","11941.00000","9941.00000"
"1221792676","Домодедово","2","0.19554105637155655","0.03635455304528184","5930.00000","3930.00000"
"973578448","Толмачёво","1","0.2691399316987327","0.03048538321402072","43343.00000","41343.00000"
"161655855","Толмачёво","2","0.20645846828603343","0.014393125192553802","22322.00000","20322.00000"
"1219881199","Домодедово","2","0.30902763395683913","0.050133228347976656","12335.00000","10335.00000"
"1209741841","Домодедово","1","0.2481853687589632","0.025866026667466645","16727.00000","14727.00000"
"1213515831","Толмачёво","3","0.291340598541103","0.02321508060953986","2666.00000","666.00000"
"780269175","Домодедово","3","0.20774667558662982","0.018941087974178056","39713.00000","37713.00000"
"813912130","Домодедово","2","0.20417710277493878","0.019359087011387183","56965.00000","54965.00000"
"1206068279","Домодедово","2","0.18987643143228267","0.023424323176082864","36110.00000","34110.00000"
"999914232","Толмачёво","3","0.22989660649954943","0.03844675281317175","11875.00000","9875.00000"
"232066039","Толмачёво","3","0.17585640441206102","0.009373140864131456","32806.00000","30806.00000"
"1212073940","Домодедово","2","0.20009347757159487","0.02916947701123318","28168.00000","26168.00000"
"862987914","Толмачёво","2","0.16062897437022827","0.14343927202439904","9690.00000","7690.00000"
"377974796","Домодедово","2","0.2589511134693382","0.009390352337559485","20710.00000","18710.00000"
"756537976","Домодедово","3","0.32111772089662355","0.029213185906624743","13006.00000","11006.00000"
"1202062063","Домодедово","4","0.326434175075233","0.010912321778245042","8895.00000","6895.00000"
"1213777360","Домодедово","1","0.2803565127921244","0.04826631641020837","2616.00000","616.00000"
"1058185182","Домодедово","2","0.2773517507497824","0.0019072150043902172","21858.00000","19858.00000"
"646819542","Толмачёво","1","0.082569844180962","0.08568108196716394","28324.00000","26324.00000"
"828693880","Толмачёво","3","0.2922398488167535","0.008195234620024826","22105.00000","20105.00000"
"863914151","Толмачёво","4","0.25189986991864255","0.005879995781387871","13634.00000","11634.00000"
"969676089","Толмачёво","4","0.18999398404673465","0.015397543273790532","25329.00000","23329.00000"
"294889658","Домодедово","2","0.21022972394595757","0.025703043091848933","11133.00000","9133.00000"
"1215401822","Толмачёво","3","0.2827674805117909","0.014834695258146853","13426.00000","11426.00000"
"751577879","Домодедово","4","0.22981391434923432","0.01979189696850962","14559.00000","12559.00000"
"1030146746","Домодедово","2","0.21876522104351492","0.012347816642283849","51742.00000","49742.00000"
"1221398920","Толмачёво","1","0.21288212442172713","0.0120449546172542","10104.00000","8104.00000"
"1019875851","Толмачёво","2","0.23702539900217148","0.13359033242174104","4338.00000","2338.00000"
"1031116188","Толмачёво","1","0.2318322253495108","0.03350568226070122","12420.00000","10420.00000"
"1046712700","Толмачёво","4","0.1920633546923256","0.0289217298789116","31256.00000","29256.00000"
"1207368941","Толмачёво","1","0.10310025183781105","0.059405468733206325","44543.00000","42543.00000"
"1219030336","Толмачёво","1","0.3091790008481774","0.010014663905857955","29758.00000","27758.00000"
"272479414","Домодедово","1","0.2371904962321591","0.018365874183415183","35145.00000","33145.00000"
"1041781192","Домодедово","2","0.21035194774255306","0.007940294689261147","12603.00000","10603.00000"
"969897350","Домодедово","2","0.23911674580089723","0.09732289117505875","9196.00000","7196.00000"
"1215140142","Домодедово","2","0.29872962946719117","0.017697880269965677","6036.00000","4036.00000"
"1207503292","Толмачёво","1","0.1339141585602479","0.14884646686384598","6483.00000","4483.00000"
"1030673428","Домодедово","1","0.22591551578063104","0.02047128562846458","22857.00000","20857.00000"
"1223584675","Толмачёво","2","0.19885213369179744","0.014673818236703082","15420.00000","13420.00000"
"1041837497","Толмачёво","2","0.23259682481169935","0.04012351879101428","14267.00000","12267.00000"
"1327841094","Толмачёво","2","0.18801545755278187","0.06433756045675586","3205.00000","1205.00000"
"1195882874","Толмачёво","1","0.2541534827312463","0.03256087215256158","17306.00000","15306.00000"
"1043489710","Толмачёво","2","0.20879387779968459","0.02791744430015603","65011.00000","63011.00000"
"766643156","Толмачёво","1","0.21156960930309215","0.008839411552553798","46915.00000","44915.00000"
"1328098408","Толмачёво","1","0.1959562612444353","0.042005691403161724","4470.00000","2470.00000"
"1215220739","Домодедово","2","0.13286671826139582","0.09961637754907185","22237.00000","20237.00000"
"593733262","Домодедово","1","0.19482669564100605","0.024532533129722374","51957.00000","49957.00000"
"1213694920","Домодедово","1","0.1742826498626624","0.06900685620047932","13614.00000","11614.00000"
"1202644441","Домодедово","1","0.2624410084457406","0.0012897506733939136","35206.00000","33206.00000"
"1041695518","Толмачёво","1","0.303710478576264","0.006421521160837962","16795.00000","14795.00000"
"315786672","Домодедово","2","0.24905459323249193","0.02077366229741075","42053.00000","40053.00000"
"113009726","Домодедово","4","0.13550749449146238","0.035123512653464736","35461.00000","33461.00000"
"1050601423","Домодедово","5","0.2792961429228364","0.013116280548995347","3534.00000","1534.00000"
"806662127","Домодедово","2","0.260124513650934","0.008362758855620218","35115.00000","33115.00000"
"259283305","Толмачёво","1","0.24165037402988415","0.03916421481808538","11783.00000","9783.00000"
"868078701","Домодедово","2","0.2129644037416502","0.06576673205050042","3253.00000","1253.00000"
"741018957","Домодедово","3","0.28520895838779536","0.007630973637980632","33424.00000","31424.00000"
"1041514004","Домодедово","2","0.21470739906891562","0.05677641513514407","2177.00000","177.00000"
"1201803212","Домодедово","2","0.2502442994826965","0.01396458092778823","17575.00000","15575.00000"
"905055059","Домодедово","2","0.23022659134012785","0.012495129162492413","5583.00000","3583.00000"
"1220304591","Толмачёво","2","0.19311840683923098","0.05200744395245519","10610.00000","8610.00000"
"1045649231","Толмачёво","1","0.22531289893172235","0.004270003046242788","34193.00000","32193.00000"
"1223160624","Толмачёво","2","0.22622766849110662","0.03643898884668826","10076.00000","8076.00000"
"1201256379","Толмачёво","1","0.20643441404421992","0.08660130713971717","5614.00000","3614.00000"
"637963519","Домодедово","1","0.1856758187288623","0.03519738568751594","21692.00000","19692.00000"
"1210719840","Домодедово","1","0.22173461713851314","0.045752589264565456","6799.00000","4799.00000"
"1208007608","Домодедово","3","0.2852549629565903","0.05087745168962702","10766.00000","8766.00000"
"700476585","Домодедово","2","0.2594721041181189","0.010217186029286134","26697.00000","24697.00000"
"1045892620","Толмачёво","1","0.2805204442164725","0.01952878903931144","4895.00000","2895.00000"
"1221856055","Домодедово","1","0.18055859191489781","0.018801723709428297","13499.00000","11499.00000"
"1075520198","Толмачёво","2","0.12134468959414867","0.053519669244787654","15233.00000","13233.00000"
"1206322877","Домодедово","2","0.2082965481586797","0.030595443624839982","16316.00000","14316.00000"
"1223965425","Толмачёво","4","0.2770448741172269","0.011508708746857634","6737.00000","4737.00000"
"380274429","Домодедово","3","0.18502621288663876","0.03312097289637986","36118.00000","34118.00000"
"1208870018","Домодедово","3","0.2637188517403429","0.01502835871313804","21973.00000","19973.00000"
"1037298766","Толмачёво","3","0.24136616149561782","0.055200998975289635","12388.00000","10388.00000"
"870460914","Толмачёво","2","0.26248713660833156","0.014587843901469989","25165.00000","23165.00000"
"1219130240","Толмачёво","2","0.15363790711047065","0.11261284517308202","9668.00000","7668.00000"
"1211086733","Домодедово","1","0.2515218744707652","0.03449296257354671","10038.00000","8038.00000"
"532204207","Домодедово","1","0.18860437027692392","0.10753155804133402","7722.00000","5722.00000"
"506262749","Домодедово","1","0.09017589831269492","0.04313077490161569","125431.00000","123431.00000"
"1215075178","Толмачёво","2","0.28254708578683213","0.008268822665833573","4473.00000","2473.00000"
"743136840","Домодедово","3","0.33671215920268754","0.049793403489542996","7763.00000","5763.00000"
"666954550","Домодедово","2","0.20568182520742076","0.01031873846815817","6619.00000","4619.00000"
"1213972333","Домодедово","1","0.2400022396685693","0.0076486556315265505","46646.00000","44646.00000"
"121683087","Толмачёво","2","0.2406054973660989","0.019838997531110278","15509.00000","13509.00000"
"1171011087","Домодедово","2","0.282583724320511","0.02040548171416739","23958.00000","21958.00000"
"561442592","Толмачёво","1","0.30393022376047274","0.0027487257940492357","12242.00000","10242.00000"
"276341896","Толмачёво","1","0.11484774793124858","0.020329666844931538","71738.00000","69738.00000"
"766769993","Толмачёво","1","0.2746790209917454","0.11384876379893759","3920.00000","1920.00000"
"1195560058","Домодедово","3","0.29207113727963396","0.0025002102762190035","13556.00000","11556.00000"
"944566432","Домодедово","1","0.23276381593177511","0.027388367281617858","4890.00000","2890.00000"
"587256723","Домодедово","2","0.11377355278880188","0.02253532083513383","67648.00000","65648.00000"
"1140454559","Толмачёво","1","0.23757131880937238","0.010036425463712015","12843.00000","10843.00000"
"1214537875","Домодедово","2","0.25642214118865325","0.038865752749826524","6185.00000","4185.00000"
"696076339","Толмачёво","3","0.256250973643148","0.012910821137691712","62657.00000","60657.00000"
"1196471428","Домодедово","2","0.3492017061186507","0.010955641368485165","2994.00000","994.00000"
"1223385310","Толмачёво","1","0.14442611232900382","0.06274847198593651","22111.00000","20111.00000"
"1202364274","Толмачёво","1","0.23721557502353174","0.019365647487288938","28420.00000","26420.00000"
"901791834","Толмачёво","2","0.24811346199951417","0.00728054889174211","10508.00000","8508.00000"
"1261744743","Толмачёво","2","0.425992476393927","0.005469286475728747","-17239.00000","-19239.00000"
"1206673382","Толмачёво","2","0.13043361655207236","0.058453168477371385","35170.00000","33170.00000"
"516955904","Домодедово","1","0.21825161418446742","0.010403147959387316","27176.00000","25176.00000"
"1060096466","Толмачёво","1","0.2552549391288294","0.006354371919800395","2007.00000","7.00000"
"531987943","Толмачёво","4","0.26389503484064064","0.024725251904522565","7177.00000","5177.00000"
"693150639","Домодедово","3","0.3314740341310143","0.01333084326308736","7428.00000","5428.00000"
"280006061","Толмачёво","2","0.15957620530107938","0.03232595077172623","20338.00000","18338.00000"
"323791031","Домодедово","1","0.12676499911858752","0.03668589964127872","42522.00000","40522.00000"
"729899752","Домодедово","3","0.1408476631844038","0.09882527834615532","3936.00000","1936.00000"
"1029038482","Толмачёво","1","0.1940696806325914","0.010846545080620504","23927.00000","21927.00000"
"243070875","Домодедово","4","0.26393188646583726","0.023988136954280453","7314.00000","5314.00000"
"1214879236","Домодедово","1","0.20904463563717005","0.0976077137729571","4235.00000","2235.00000"
"1200936989","Толмачёво","2","0.27834716375708424","0.011341857447833417","4883.00000","2883.00000"
"599553943","Толмачёво","4","0.19666987897836388","0.02007487671007905","31251.00000","29251.00000"
"1027062055","Домодедово","3","0.22740518686982075","0.006133748812907115","38770.00000","36770.00000"
"899294944","Толмачёво","1","0.16991551087364828","0.06190642736527443","7806.00000","5806.00000"
"1199464038","Домодедово","2","0.2017579610301466","0.11215184492621573","7349.00000","5349.00000"
"1220613404","Толмачёво","1","0.24314978844681565","0.09419310808525327","5144.00000","3144.00000"
"1041942792","Толмачёво","2","0.13260566759563752","0.07254159266113097","29162.00000","27162.00000"
"518208065","Домодедово","1","0.2040317360171533","0.03306605505742025","30822.00000","28822.00000"
"1216795593","Толмачёво","2","0.22531235520044718","0.012640962710955226","42838.00000","40838.00000"
"779274233","Домодедово","3","0.18117832174390466","0.013458555782939315","56089.00000","54089.00000"
"1207263043","Домодедово","2","0.27484679536857065","0.07228480385781678","9583.00000","7583.00000"
"1196578613","Домодедово","2","0.3239547047041873","0.004946895662674615","6869.00000","4869.00000"
"377069863","Домодедово","1","0.1783803488812762","0.07544145284018763","9107.00000","7107.00000"
"1065725080","Домодедово","1","0.22306341272352367","0.012747425599298472","16704.00000","14704.00000"
"808082286","Толмачёво","1","0.16479617055964355","0.05280786282776994","24080.00000","22080.00000"
"403949665","Домодедово","1","0.22124580648368714","0.01015897256838206","11064.00000","9064.00000"
"741026118","Домодедово","1","0.14378762571454454","0.13751025211918144","7404.00000","5404.00000"
"163876522","Толмачёво","1","0.06995859300317507","0.06744359752712316","69661.00000","67661.00000"
"614895302","Домодедово","1","0.07104299334510028","0.08983665362638289","24771.00000","22771.00000"
"1221019208","Толмачёво","3","0.2302786556919396","0.016132452085932853","15778.00000","13778.00000"
"113048569","Домодедово","3","0.16537364435236188","0.06446176497727085","19718.00000","17718.00000"
"1212187456","Домодедово","1","0.175294280161162","0.02101746932758849","29985.00000","27985.00000"
"681628798","Домодедово","1","0.24995410262839","0.05913004267975604","6082.00000","4082.00000"
"342563363","Домодедово","1","0.17052104115287714","0.01621565235821479","72730.00000","70730.00000"
"239531041","Толмачёво","2","0.18645806416034308","0.011295936411542619","46009.00000","44009.00000"
"697126466","Толмачёво","1","0.2341170875579616","0.03802259151227756","3328.00000","1328.00000"
"1219469882","Толмачёво","2","0.24377511434199559","0.03255748486302461","11532.00000","9532.00000"
"1223009044","Домодедово","2","0.2593470712529738","0.006194390801922063","3374.00000","1374.00000"
"233180090","Домодедово","4","0.2874906184133893","0.006463973558736407","11637.00000","9637.00000"
"427495113","Домодедово","1","0.20228478712626663","0.008062654716911416","37099.00000","35099.00000"
"1327880963","Домодедово","2","0.22114358663032546","0.039437010820790555","13386.00000","11386.00000"
"1013472326","Домодедово","3","0.276219695659535","0.008398604258771558","14746.00000","12746.00000"
"1215928772","Толмачёво","1","0.17387239277001834","0.09758474732111283","5545.00000","3545.00000"
"1206369514","Домодедово","1","0.25721065781130054","0.009002678637009825","10512.00000","8512.00000"
"553001943","Толмачёво","2","0.26126060505024756","0.04685267417624652","6979.00000","4979.00000"
"1225569453","Домодедово","2","0.20203693618089638","0.021393119582619004","14417.00000","12417.00000"
"621315647","Домодедово","2","0.2650999006320171","0.019697418450177306","13915.00000","11915.00000"
"796206918","Домодедово","1","0.09569637259815436","0.10481500388863672","10428.00000","8428.00000"
"668207393","Домодедово","1","0.2826131813449888","0.005152942890392817","23031.00000","21031.00000"
"1205750046","Домодедово","2","0.22948209769733782","0.06644323311095673","12087.00000","10087.00000"
"1225292314","Толмачёво","2","0.23411916306858976","0.011069980701499858","4947.00000","2947.00000"
"1205158286","Толмачёво","1","0.2747263411717727","0.006640138152806369","16472.00000","14472.00000"
"1205377758","Домодедово","2","0.2716414898278018","0.023158333367187714","4830.00000","2830.00000"
"1220834840","Домодедово","1","0.26489090416351624","0.01688504992600513","30562.00000","28562.00000"
"1046708891","Толмачёво","2","0.1806408861126296","0.06279342725572115","22472.00000","20472.00000"
"1214528996","Толмачёво","2","0.19406950439693843","0.0662129136980969","18036.00000","16036.00000"
"1044835732","Толмачёво","2","0.22161318456544635","0.017236983922022286","6547.00000","4547.00000"
"1327664004","Толмачёво","2","0.19178170414655724","0.039897325334513296","6529.00000","4529.00000"
"531969550","Толмачёво","1","0.2193454504071402","0.009259022414425307","47716.00000","45716.00000"
"1224641707","Толмачёво","2","0.14400076393133382","0.05519076931447579","3354.00000","1354.00000"
"701855931","Толмачёво","1","0.2861642668737326","0.00340214713880485","31886.00000","29886.00000"
"1171642033","Толмачёво","2","0.18715733711791008","0.05632302113796877","7787.00000","5787.00000"
"429931653","Домодедово","2","0.3389676103093471","0.004563189572005941","11629.00000","9629.00000"
"945697439","Домодедово","3","0.30515615770343657","0.005991321854228539","25709.00000","23709.00000"
"1218786527","Домодедово","1","0.08685194945544711","0.08740330012023265","18659.00000","16659.00000"
"1211092789","Домодедово","1","0.1857052398584383","0.01113038397002483","37216.00000","35216.00000"
"1034642625","Домодедово","2","0.2614700521926699","0.027725377993240378","31127.00000","29127.00000"
"672398752","Толмачёво","1","0.21085674428820686","0.03620087539852084","26364.00000","24364.00000"
"866013284","Толмачёво","3","0.2261601648256286","0.024104823190743748","56561.00000","54561.00000"
"1223804021","Толмачёво","3","0.2357751119015728","0.01192311066326061","4543.00000","2543.00000"
"1210200634","Домодедово","2","0.2612536006103429","0.004315535520925004","21370.00000","19370.00000"
"1207542089","Толмачёво","1","0.2645290508252994","0.019244762023360017","10524.00000","8524.00000"
"549065170","Толмачёво","2","0.23186869320115594","0.026048476358649077","6783.00000","4783.00000"
"1225545222","Домодедово","1","0.18119721262890814","0.028132116622815433","7369.00000","5369.00000"
"1200301424","Домодедово","1","0.24131482344483948","0.005088606027326652","30657.00000","28657.00000"
"368927105","Толмачёво","2","0.2366114457265965","0.018196525364587886","11359.00000","9359.00000"
"893134749","Домодедово","1","0.18272213103249335","0.0395123898904712","22114.00000","20114.00000"
"234837110","Толмачёво","2","0.20585027928273594","0.03818885802391653","17603.00000","15603.00000"
"1218798458","Домодедово","1","0.19265009363313626","0.010829438095346988","14370.00000","12370.00000"
"1027218941","Домодедово","1","0.2995457865339644","0.0014251530284712884","4420.00000","2420.00000"
"968272354","Толмачёво","1","0.2787268764223111","0.007780655167876497","7135.00000","5135.00000"
"1213769618","Толмачёво","1","0.1747566996007806","0.025171859361746634","15158.00000","13158.00000"
"1033507325","Домодедово","3","0.25912515987062895","0.03325342796151441","8714.00000","6714.00000"
"998985245","Домодедово","2","0.2905257446730002","0.03377623060219984","12302.00000","10302.00000"
"745219936","Толмачёво","1","0.2119662062820736","0.003452830004818244","50534.00000","48534.00000"
"1146835568","Домодедово","2","0.31281610382266184","0.02101541074393273","7720.00000","5720.00000"
"904910739","Толмачёво","2","0.35132379905969885","0.0016952276852077266","7194.00000","5194.00000"
"630098276","Толмачёво","1","0.1449363930923186","0.17858771131227355","4297.00000","2297.00000"
"1209729905","Толмачёво","2","0.18197184173672554","0.03193390046188576","4063.00000","2063.00000"
"344339529","Домодедово","1","0.03884673687567315","0.04807450413679302","67719.00000","65719.00000"
"322209126","Толмачёво","2","0.14152011743436968","0.005757547176569857","74510.00000","72510.00000"
"54903503","Толмачёво","2","0.23031072754065493","0.05894447122016342","12468.00000","10468.00000"
"1035143892","Домодедово","2","0.2750081427009122","0.024608843815914223","8618.00000","6618.00000"
"1206436915","Домодедово","2","0.19562507442122204","0.015559370370563179","25023.00000","23023.00000"
"1078573361","Толмачёво","1","0.037975950564810824","0.15944234626066878","13722.00000","11722.00000"
"993927550","Домодедово","3","0.35297773955507544","0.011445207412824754","11183.00000","9183.00000"
"1210280264","Домодедово","1","0.29303191303914294","0.0053000825692661796","11156.00000","9156.00000"
"1034652381","Толмачёво","2","0.24736651916365857","0.025376729846585757","9882.00000","7882.00000"
"1041036821","Толмачёво","2","0.2445441770655964","0.01074181006425181","55176.00000","53176.00000"
"1098785981","Толмачёво","1","0.21538021570255977","0.08616287536363534","3036.00000","1036.00000"
"755816241","Толмачёво","2","0.31673242956941444","0.006204682493088641","5195.00000","3195.00000"
"1328020005","Домодедово","1","0.1714301534956501","0.05213845033223136","23505.00000","21505.00000"
"537084254","Толмачёво","3","0.22387584477004743","0.017772116271054444","31971.00000","29971.00000"
"428830245","Домодедово","1","0.21472301577611386","0.04484171312708625","14550.00000","12550.00000"
"1205377714","Толмачёво","1","0.20366972249985743","0.01631009106063364","35195.00000","33195.00000"
"630026448","Домодедово","2","0.22086751836162816","0.03668519116663791","8597.00000","6597.00000"
"852046660","Домодедово","2","0.14692155714975264","0.0960825246220375","5942.00000","3942.00000"
"944597306","Домодедово","3","0.3022901076561222","0.058775956143186286","14804.00000","12804.00000"
"905782059","Домодедово","1","0.298393405610159","0.1223758086763768","3602.00000","1602.00000"
"864674157","Толмачёво","2","0.09941827323507536","0.1351585037639649","8625.00000","6625.00000"
"785209639","Толмачёво","3","0.26599350123456234","0.019299664551194504","30811.00000","28811.00000"
"613388740","Домодедово","2","0.3535140501717458","0.026232335078391573","14563.00000","12563.00000"
"398475860","Толмачёво","3","0.1852444707622567","0.04052575069323699","20124.00000","18124.00000"
"254312593","Домодедово","2","0.1450332206340213","0.009315124174287202","100892.00000","98892.00000"
"941882488","Толмачёво","1","0.17733686381177494","0.18071580374430282","3770.00000","1770.00000"
"1207308475","Домодедово","1","0.26260878497802354","0.06254844588906705","6717.00000","4717.00000"
"1197853556","Толмачёво","2","0.2375626403033429","0.03728602934403051","24021.00000","22021.00000"
"672277886","Домодедово","1","0.19227644173274042","0.011421760545858105","49720.00000","47720.00000"
"1036652567","Домодедово","1","0.25666404077479804","0.006174925097266516","14439.00000","12439.00000"
"856924048","Домодедово","2","0.29348702494346063","0.03812783163283168","2793.00000","793.00000"
"1215324195","Домодедово","2","0.2438915327985855","0.021039211026903544","16020.00000","14020.00000"
"1039290236","Толмачёво","2","0.237655954662235","0.00623596897168321","41445.00000","39445.00000"
"235592114","Толмачёво","1","0.2075027907240193","0.023248590841548844","23035.00000","21035.00000"
"1219907966","Толмачёво","2","0.22091469491213242","0.027115455568548403","8382.00000","6382.00000"
"747262135","Домодедово","3","0.272804452267668","0.025319816283608052","7113.00000","5113.00000"
"730643462","Домодедово","3","0.3111850392204476","0.005865306198735039","10016.00000","8016.00000"
"1217005071","Домодедово","2","0.2008107233610146","0.008405268349384418","14394.00000","12394.00000"
"705667756","Домодедово","1","0.24511774989118623","0.05058130808159951","7905.00000","5905.00000"
"1070720949","Домодедово","3","0.12086138600981862","0.03647331583610703","48910.00000","46910.00000"
"512445596","Толмачёво","2","0.16325104575488864","0.05180698148902835","7276.00000","5276.00000"
"756632566","Домодедово","2","0.30915295061866904","0.01191750441742463","9406.00000","7406.00000"
"1200493767","Толмачёво","2","0.29550984489371573","0.014402428380926547","9327.00000","7327.00000"
"1210926018","Домодедово","1","0.11293075258655426","0.09675307601336938","21080.00000","19080.00000"
"1220477683","Домодедово","2","0.20595139719019245","0.04539015324042715","7550.00000","5550.00000"
"361825526","Толмачёво","1","0.1806356363662278","0.0463453736047537","26687.00000","24687.00000"
"776459386","Толмачёво","2","0.2662587194350483","0.07648239229407078","2651.00000","651.00000"
"752306544","Толмачёво","2","0.268549406818505","0.01688771616491316","21041.00000","19041.00000"
"1099433802","Толмачёво","1","0.21780433775006375","0.14298673860826625","5243.00000","3243.00000"
"1213171769","Домодедово","1","0.287761960428855","0.024300577189553932","11697.00000","9697.00000"
"556038167","Толмачёво","2","0.19710424160098147","0.026211512359747877","39060.00000","37060.00000"
"1225615352","Домодедово","1","0.17836339910618784","0.15153591038144185","2304.00000","304.00000"
"1204446788","Домодедово","1","0.16788000967644134","0.05600462154638241","14543.00000","12543.00000"
"1041439791","Толмачёво","2","0.27321896090180536","0.029908661202665433","13028.00000","11028.00000"
"1212706260","Толмачёво","1","0.19919260537871536","0.05768700753282974","20970.00000","18970.00000"
"968085270","Домодедово","2","0.14831212362131704","0.023236306015236546","43396.00000","41396.00000"
"893805975","Домодедово","1","0.19866249350369086","0.031193621161113957","19433.00000","17433.00000"
"652209594","Толмачёво","2","0.26148724283253066","0.021456675674163744","8153.00000","6153.00000"
"1222616629","Толмачёво","1","0.19060806084415496","0.1126846711733234","3991.00000","1991.00000"
"1327999061","Домодедово","1","0.19481276966842506","0.006616152601766553","27112.00000","25112.00000"
"1220998919","Домодедово","1","0.14257733693485003","0.068238262574453","15754.00000","13754.00000"
"619561024","Толмачёво","1","0.15614132155996752","0.12145439521177465","7913.00000","5913.00000"
"1225315914","Домодедово","2","0.08154662138145564","0.062350369505094885","32256.00000","30256.00000"
"366015796","Домодедово","2","0.15137440780612454","0.023514340381127867","38874.00000","36874.00000"
"706203480","Домодедово","1","0.18593397907727605","0.1639630625872473","2954.00000","954.00000"
"281868101","Домодедово","1","0.135614442176105","0.041940023808653665","34886.00000","32886.00000"
"862544892","Толмачёво","3","0.33303753227728067","0.010556729640696885","16240.00000","14240.00000"
"1164365922","Толмачёво","1","0.1666715375030962","0.07962683441950197","5143.00000","3143.00000"
"1211289253","Домодедово","2","0.20525173799064697","0.07304492690264869","9067.00000","7067.00000"
"745907841","Толмачёво","3","0.25619756482835704","0.004271916708630532","42746.00000","40746.00000"
"1194929384","Толмачёво","1","0.2780357893550608","0.05138702945159806","13892.00000","11892.00000"
"1203311851","Домодедово","2","0.23698383370534093","0.07681359070036237","6614.00000","4614.00000"
"1214126005","Домодедово","1","0.0978780950551285","0.05601907498697214","21424.00000","19424.00000"
"1219092558","Домодедово","1","0.19697820330116236","0.03572462290932658","6132.00000","4132.00000"
"1067299698","Домодедово","2","0.2129501753991289","0.04388788742502163","22907.00000","20907.00000"
"1220509692","Домодедово","1","0.08855277569656696","0.14022434018606317","14111.00000","12111.00000"
"1014634191","Толмачёво","1","0.30203494892689525","0.0989164983207325","10244.00000","8244.00000"
"1217633888","Толмачёво","2","0.23779070442247238","0.023198518910790323","35781.00000","33781.00000"
"1232547242","Домодедово","1","0.2193689337559541","0.037580058562918114","8111.00000","6111.00000"
"1029167397","Толмачёво","3","0.23939103669458828","0.009326488734832215","17952.00000","15952.00000"
"269132519","Толмачёво","2","0.13108310336096785","0.007664287364678167","50870.00000","48870.00000"
"664442691","Домодедово","2","0.12298455526969487","0.12778232508086645","5272.00000","3272.00000"
"1185157296","Домодедово","3","0.21255665746413857","0.018540274044313233","43509.00000","41509.00000"
"1221676374","Домодедово","1","0.1894772603973982","0.07249982660308005","10247.00000","8247.00000"
"1219170717","Толмачёво","3","0.28727924860179777","0.027310449525563118","2650.00000","650.00000"
"386581731","Толмачёво","3","0.24273087951609595","0.01868628770868973","48372.00000","46372.00000"
"167923514","Толмачёво","1","0.26239639681417654","0.023026216276871198","4158.00000","2158.00000"
"1221064711","Толмачёво","1","0.20663415795759185","0.03540616879616934","8886.00000","6886.00000"
"734741242","Домодедово","3","0.29837226029617064","0.04034634603316362","11723.00000","9723.00000"
"975052063","Толмачёво","3","0.16174102678171687","0.008925900888603533","34411.00000","32411.00000"
"372716705","Толмачёво","2","0.2171979820144362","0.08039909304724396","23578.00000","21578.00000"
"694565161","Домодедово","1","0.2690373755827311","0.04142870333827174","12647.00000","10647.00000"
"892607386","Домодедово","2","0.16752143447533585","0.11563432537682151","3497.00000","1497.00000"
"677701998","Толмачёво","1","0.12409464953057901","0.031128500137652157","44124.00000","42124.00000"
"519632799","Толмачёво","1","0.3251863775809576","0.005770618542242619","15696.00000","13696.00000"
"1224013412","Домодедово","2","0.15939119263963833","0.021032094785183083","16672.00000","14672.00000"
"1044634005","Толмачёво","2","0.23981313508671226","0.042360021648423146","9053.00000","7053.00000"
"1205435291","Толмачёво","2","0.23447951237827805","0.019337539467491546","5707.00000","3707.00000"
"1009570946","Толмачёво","1","0.2263404583842264","0.032113316516906895","29799.00000","27799.00000"
"744392898","Толмачёво","1","0.20835129185884382","0.05145213828850285","15472.00000","13472.00000"
"597567017","Домодедово","3","0.1560586154853606","0.08855028786191459","7602.00000","5602.00000"
"1202072231","Домодедово","3","0.25752134685624894","0.0124129023510933","17982.00000","15982.00000"
"133230555","Домодедово","2","0.23488789455193887","0.03278440061642937","8785.00000","6785.00000"
"1210942657","Толмачёво","1","0.2503518185655162","0.014815011543501146","17833.00000","15833.00000"
"1203758282","Домодедово","1","0.27769325081281937","0.03474503316839108","15487.00000","13487.00000"
"552689362","Домодедово","1","0.2718779506795486","0.010410913377141732","16810.00000","14810.00000"
"590973170","Домодедово","3","0.12987619330428454","0.030900999689703158","21094.00000","19094.00000"
"1033799816","Домодедово","2","0.2455771764646045","0.03578508927790167","12636.00000","10636.00000"
"356213830","Толмачёво","2","0.21545296297363858","0.057230237376904046","4293.00000","2293.00000"
"939092725","Толмачёво","1","0.2565080183187564","0.04608786322275516","20203.00000","18203.00000"
"1191428587","Толмачёво","4","0.2179096016034049","0.029973420910388723","8757.00000","6757.00000"
"1052050622","Домодедово","2","0.26443991301685765","0.0027847372772930624","13032.00000","11032.00000"
"1213272307","Домодедово","1","0.14500528171262694","0.10889324478960094","11849.00000","9849.00000"
"1098243538","Толмачёво","2","0.2942405359439587","0.037753794474169995","10936.00000","8936.00000"
"630048862","Домодедово","1","0.20691273660378798","0.00827709399391142","28072.00000","26072.00000"
"1055956292","Толмачёво","1","0.2653375127825876","0.019587912528971067","14431.00000","12431.00000"
"1219148886","Домодедово","2","0.2404994293229191","0.022447420472157708","13150.00000","11150.00000"
"1219538902","Домодедово","1","0.19661257085710926","0.02448385197921735","8523.00000","6523.00000"
"1214880676","Домодедово","2","0.2921566348648664","0.03219241747657526","10344.00000","8344.00000"
"727863288","Толмачёво","1","0.2482585225403864","0.004212077243267374","9729.00000","7729.00000"
"1327911634","Толмачёво","3","0.20148518596978776","0.02912340546711162","25587.00000","23587.00000"
"373226882","Домодедово","1","0.10998029337282172","0.02295855048257979","9895.00000","7895.00000"
"571291709","Толмачёво","1","0.192221963355251","0.09132250027882399","7914.00000","5914.00000"
"1206727262","Толмачёво","1","0.14186520448575668","0.011070860177151212","43835.00000","41835.00000"
"1211445537","Домодедово","1","0.16277713851994685","0.07901905363794028","24719.00000","22719.00000"
"1200589916","Домодедово","1","0.2301557039886125","0.062201290705205754","10303.00000","8303.00000"
"346522126","Домодедово","2","0.1418520939779511","0.0039209897890407725","86965.00000","84965.00000"
"1223591246","Толмачёво","2","0.22789849520749597","0.016113081755582178","8973.00000","6973.00000"
"1215463464","Домодедово","2","0.21726548540029336","0.08054877984646623","14435.00000","12435.00000"
"1225845436","Толмачёво","2","0.18961427664280894","0.038825074228321654","11298.00000","9298.00000"
"291487497","Толмачёво","2","0.28830229289638515","0.025605715608356398","4498.00000","2498.00000"
"952288134","Домодедово","5","0.3108654590554399","0.00981767839639234","10183.00000","8183.00000"
"1221309539","Толмачёво","1","0.22404862087997332","0.029866159351171193","3313.00000","1313.00000"
"1218370000","Толмачёво","1","0.18555067774394143","0.05600762738951265","14755.00000","12755.00000"
"373721394","Толмачёво","1","0.13108610446196722","0.03024730911934714","52319.00000","50319.00000"
"1207815436","Толмачёво","1","0.1803787160966652","0.02203157567834119","17526.00000","15526.00000"
"593499469","Домодедово","1","0.20138944923315247","0.07546296271162248","12984.00000","10984.00000"
"1083065184","Домодедово","1","0.18562787121297186","0.18441715447977425","3233.00000","1233.00000"
"1165855665","Домодедово","1","0.1684338553059952","0.01643417062467902","19263.00000","17263.00000"
"1327535794","Домодедово","2","0.20946184725008335","0.01861889741391486","22307.00000","20307.00000"
"1164368497","Толмачёво","2","0.25656684097400534","0.05361657554549563","9437.00000","7437.00000"
"1225359489","Толмачёво","1","0.18980108267626203","0.005652238125573665","27251.00000","25251.00000"
"1187618127","Толмачёво","1","0.29839328066910675","0.006361386467468856","21415.00000","19415.00000"
"1209569233","Домодедово","3","0.1328771861930957","0.0836155277395138","9806.00000","7806.00000"
"1210908455","Толмачёво","2","0.2826973621253691","0.006043725978881111","9121.00000","7121.00000"
"1327960406","Домодедово","1","0.18507724564947312","0.032193699932926804","23446.00000","21446.00000"
"1215298408","Толмачёво","1","0.2022424615977459","0.002764425087345091","20542.00000","18542.00000"
"1214252456","Домодедово","3","0.3025931728736742","0.0068330134780507255","18312.00000","16312.00000"
"782404046","Домодедово","2","0.19230225881674556","0.04160813595329227","11741.00000","9741.00000"
"1089286649","Домодедово","1","0.19544802899721705","0.046658825340329245","8269.00000","6269.00000"
"760443402","Толмачёво","2","0.0907036220729856","0.00999327746263994","82776.00000","80776.00000"
"1172634675","Домодедово","1","0.20715099433879572","0.0942561702229797","5389.00000","3389.00000"
"1032752738","Толмачёво","3","0.2703609037690106","0.06070608122511801","3505.00000","1505.00000"
"1191597153","Домодедово","2","0.18535362574072078","0.011103577219465408","22290.00000","20290.00000"
"1026829870","Домодедово","2","0.22120045602117552","0.0061650536945818514","45050.00000","43050.00000"
"1180825334","Толмачёво","1","0.2601112397986734","0.03184889060533309","5498.00000","3498.00000"
"1212693787","Домодедово","1","0.23190285201001715","0.09424991271970148","2212.00000","212.00000"
"1209038512","Толмачёво","3","0.2812988172419993","0.012210478310464313","5033.00000","3033.00000"
"1222272547","Домодедово","1","0.1758603069018694","0.10141101324431279","4322.00000","2322.00000"
"1206343667","Толмачёво","1","0.11053290927232709","0.1627451837510409","7440.00000","5440.00000"
"860832620","Толмачёво","1","0.288428706741277","0.07345037935171866","7320.00000","5320.00000"
"28552465","Домодедово","3","0.21109059261884477","0.012504500542677464","10475.00000","8475.00000"
"604923289","Домодедово","1","0.24168865635556028","0.006675320579168094","61409.00000","59409.00000"
"601325065","Домодедово","1","0.21788328984932887","0.026294408552077663","29353.00000","27353.00000"
"1141924627","Домодедово","1","0.04223888905889063","0.1804671794676114","14232.00000","12232.00000"
"849447992","Домодедово","2","0.22364032182868207","0.026135684965153963","25088.00000","23088.00000"
"546522612","Толмачёво","3","0.2686099967902009","0.010432345933122996","32898.00000","30898.00000"
"388161621","Домодедово","1","0.2148147417460425","0.028529517409783805","16453.00000","14453.00000"
"627027437","Толмачёво","1","0.21977241041407933","0.09644957595565672","18039.00000","16039.00000"
"115756814","Толмачёво","3","0.15603844599079517","0.07229985400133385","27420.00000","25420.00000"
"975411183","Толмачёво","2","0.2789949203693537","0.01575280799202273","5424.00000","3424.00000"
"1210702795","Толмачёво","2","0.27318125443076297","0.019293730849619332","10262.00000","8262.00000"
"1191258747","Толмачёво","1","0.2455602787417752","0.016333828549852658","9823.00000","7823.00000"
"768253397","Домодедово","2","0.25536443910933","0.034952827589540464","9143.00000","7143.00000"
"1203234038","Толмачёво","1","0.2539080279278425","0.0033312247877073176","15643.00000","13643.00000"
"136600791","Домодедово","2","0.2274432857446507","0.04527014245139641","22774.00000","20774.00000"
"1034299834","Домодедово","4","0.27434309657608313","0.010216110872397136","2914.00000","914.00000"
"1211974639","Домодедово","1","0.1951942591212571","0.05988633281062731","5022.00000","3022.00000"
"1218557643","Домодедово","1","0.09464251968554184","0.7246001223994105","-7544.00000","-9544.00000"
"206975618","Толмачёво","1","0.09018863418240196","0.15501271396494237","6874.00000","4874.00000"
"1029676579","Домодедово","2","0.20167170002689402","0.018718439526011356","8787.00000","6787.00000"
"386709896","Толмачёво","1","0.20870687540013022","0.014764245326577951","6012.00000","4012.00000"
"265026893","Домодедово","4","0.26880355544485884","0.006042117074723945","8870.00000","6870.00000"
"1219240451","Домодедово","1","0.2029504156571948","0.010033581549695584","29301.00000","27301.00000"
"1225647715","Толмачёво","2","0.2705499602057935","0.03992871295635423","3401.00000","1401.00000"
"1220036013","Домодедово","1","0.23411916306858976","0.005148226688477539","13524.00000","11524.00000"
"1220574402","Домодедово","2","0.26079090557670853","0.04855224707451572","16338.00000","14338.00000"
"1001114535","Домодедово","1","0.15591900794180033","0.04389462653876622","40555.00000","38555.00000"
"1219436097","Домодедово","1","0.1934564641892776","0.10916784275077361","6252.00000","4252.00000"
"563677327","Домодедово","2","0.12587126120205985","0.0590960122814964","45780.00000","43780.00000"
"760743699","Толмачёво","1","0.26818989039876007","0.005387600725393876","28272.00000","26272.00000"
"645018650","Домодедово","2","0.19551476006774934","0.08878856551678509","8606.00000","6606.00000"
"588237343","Толмачёво","3","0.33685487328067504","0.004329500186270029","11133.00000","9133.00000"
"1216287414","Толмачёво","3","0.2951392777467067","0.002228270845501142","9836.00000","7836.00000"
"1192314795","Толмачёво","2","0.2046446306119017","0.06507009486092476","2024.00000","24.00000"
"967760878","Домодедово","1","0.266856715435392","0.04224091690289379","13721.00000","11721.00000"
"1037071953","Толмачёво","1","0.17684368426467234","0.005657726746653076","19582.00000","17582.00000"
"369511090","Домодедово","3","0.22258218283873243","0.010613392521707175","36141.00000","34141.00000"
"142406909","Толмачёво","2","0.18194175925176498","0.03997439266779387","35587.00000","33587.00000"
"342075219","Домодедово","2","0.28010850582462765","0.0021314532159143625","19850.00000","17850.00000"
"1210431009","Толмачёво","1","0.18266444889730676","0.05084918821134683","4618.00000","2618.00000"
"1000982125","Домодедово","2","0.15808856845978625","0.030402610629690657","33523.00000","31523.00000"
"370958031","Толмачёво","2","0.3549099198156085","0.004198157866333985","9939.00000","7939.00000"
"677821594","Домодедово","1","0.08869189333142004","0.016753680929805382","11393.00000","9393.00000"
"1218437077","Толмачёво","1","0.11017993306314808","0.11813669453202487","17887.00000","15887.00000"
"1011921156","Домодедово","1","0.2800711210851449","0.007341646718363196","16278.00000","14278.00000"
"313746063","Толмачёво","2","0.29968685230630465","0.001544860490104801","20767.00000","18767.00000"
"866321000","Домодедово","2","0.20043295962107166","0.06116643074810987","4885.00000","2885.00000"
"1163946269","Толмачёво","3","0.2088623338759575","0.01274699824808019","23221.00000","21221.00000"
"792375695","Домодедово","2","0.2341903252669872","0.03955961216828446","35084.00000","33084.00000"
"508200183","Домодедово","2","0.20268607986387324","0.08208113964966778","10037.00000","8037.00000"
"722887439","Толмачёво","2","0.12007013645527723","0.12821076782320834","12012.00000","10012.00000"
"1213832677","Домодедово","2","0.21203177141653717","0.056109711980435927","26651.00000","24651.00000"
"905566582","Домодедово","2","0.2277099144831993","0.06085742669977548","6718.00000","4718.00000"
"1043341820","Домодедово","2","0.2569407640428746","0.03707767038055572","16015.00000","14015.00000"
"890878551","Толмачёво","2","0.281788000346205","0.0035784411802405776","11173.00000","9173.00000"
"1223160743","Толмачёво","1","0.17415112670757246","0.09821711335874234","4375.00000","2375.00000"
"122793329","Домодедово","2","0.10555879912120358","0.0921485556513106","27819.00000","25819.00000"
"1217077723","Толмачёво","1","0.20235585157885422","0.018851353334283266","3459.00000","1459.00000"
"1203711775","Толмачёво","1","0.24919128524105694","0.008430522801158538","14216.00000","12216.00000"
"1042557807","Толмачёво","2","0.17011731652551942","0.033906784118416966","17686.00000","15686.00000"
"136508106","Толмачёво","1","0.06405957960079742","0.10957042256238787","22065.00000","20065.00000"
"1191083300","Толмачёво","2","0.260397583667316","0.03611858362467897","4096.00000","2096.00000"
"1034582844","Домодедово","1","0.18386329287527922","0.015257755504880578","11791.00000","9791.00000"
"328083649","Домодедово","2","0.27916099211098017","0.006614999852554002","21725.00000","19725.00000"
"1005295079","Толмачёво","3","0.2941945949035828","0.010558682811140252","13401.00000","11401.00000"
"843234722","Домодедово","1","0.16696788491732498","0.029543892515969828","26010.00000","24010.00000"
"967724532","Толмачёво","1","0.11849759203997469","0.11514446952014747","21187.00000","19187.00000"
"1009334377","Толмачёво","3","0.16786812632359563","0.03599902914239425","26766.00000","24766.00000"
"555888122","Домодедово","1","0.24089875171033157","0.007028867240897428","41041.00000","39041.00000"
"1029917123","Толмачёво","1","0.21182313060527128","0.10821523935203585","4512.00000","2512.00000"
"1218356714","Толмачёво","2","0.25057674176796685","0.054856367774799304","11976.00000","9976.00000"
"30208810","Домодедово","1","0.20186716970996182","0.026336781512217643","11026.00000","9026.00000"
"733043464","Домодедово","1","0.06443341398060264","0.17664612244768024","4392.00000","2392.00000"
"1219595876","Домодедово","2","0.24976783408670641","0.013704892745403041","7080.00000","5080.00000"
"1045731037","Домодедово","2","0.21203627007392206","0.021623162293452684","4627.00000","2627.00000"
"1030832756","Толмачёво","1","0.18280934951179645","0.06202914609699588","11646.00000","9646.00000"
"972977629","Домодедово","2","0.2870856524319262","0.01933316909807042","26377.00000","24377.00000"
"1074977481","Толмачёво","1","0.19897593962790996","0.023611132035315938","16280.00000","14280.00000"
"848861804","Толмачёво","2","0.09468257135250159","0.11139071233431191","11191.00000","9191.00000"
"1188873441","Толмачёво","2","0.261619408099311","0.020322597181486934","10225.00000","8225.00000"
"1194332932","Домодедово","3","0.2536859292645197","0.017133065717139323","8313.00000","6313.00000"
"1058611441","Толмачёво","1","0.09180761733402783","0.014352378948923362","71097.00000","69097.00000"
"562195592","Домодедово","3","0.2248930947708222","0.00592471960035704","66123.00000","64123.00000"
"315444154","Толмачёво","1","0.24562686081133783","0.07116957810353632","19350.00000","17350.00000"
"1027157405","Толмачёво","2","0.3339379382616169","0.010877205263897795","27623.00000","25623.00000"
"606605720","Домодедово","1","0.11189374238632423","0.12636358493615774","10730.00000","8730.00000"
"1204650297","Толмачёво","1","0.11179150385035938","0.01638437856233106","18789.00000","16789.00000"
"1028801645","Домодедово","1","0.1913544790094525","0.03953317561617319","43715.00000","41715.00000"
"333772050","Толмачёво","3","0.18245217862260954","0.028278051437890507","20430.00000","18430.00000"
"898461287","Толмачёво","2","0.18565390228013529","0.05569348788434463","29840.00000","27840.00000"
"237428505","Толмачёво","1","0.07699736112234203","0.029268198309076184","95968.00000","93968.00000"
"513064060","Толмачёво","1","0.21165567183728604","0.02448440185845677","47199.00000","45199.00000"
"942078698","Домодедово","2","0.2447161955636724","0.0111314908826592","7518.00000","5518.00000"
"625054684","Толмачёво","2","0.28731835907825276","0.07945017605026412","3673.00000","1673.00000"
"1261246626","Толмачёво","2","0.1957265472089849","0.05948891769243959","6192.00000","4192.00000"
"524791850","Домодедово","2","0.11556247366022543","0.05233981538075452","28570.00000","26570.00000"
"1128183277","Толмачёво","3","0.27697667484501853","0.009416686141404488","17200.00000","15200.00000"
"1220926731","Толмачёво","1","0.13537461627485306","0.05083521514253729","32766.00000","30766.00000"
"1073194141","Толмачёво","3","0.16503061621414797","0.037355410657686744","33863.00000","31863.00000"
"1021153805","Домодедово","2","0.22638204306172646","0.03905923346038122","28331.00000","26331.00000"
"265151582","Домодедово","2","0.15001722209292861","0.007495216851807473","9871.00000","7871.00000"
"1043080593","Домодедово","2","0.2648358562498044","0.008507982816134817","18511.00000","16511.00000"
"1216422009","Домодедово","1","0.1630239926183053","0.1270409094951938","6261.00000","4261.00000"
"867191724","Домодедово","1","0.2982032316947905","0.021788012154444057","10126.00000","8126.00000"
"1208388949","Толмачёво","1","0.0776847308117369","0.19406070351688567","8241.00000","6241.00000"
"1327960391","Толмачёво","2","0.2324224550224761","0.027420765909266905","7462.00000","5462.00000"
"867921309","Домодедово","2","0.29060137928214547","0.01652136101373348","4508.00000","2508.00000"
"1044401845","Домодедово","3","0.2379688932567698","0.01471408881663275","23880.00000","21880.00000"
"349851995","Толмачёво","4","0.2416786140303598","0.014255226020156636","14546.00000","12546.00000"
"1218726252","Толмачёво","2","0.16588517336046793","0.0278718206444241","20143.00000","18143.00000"
"366561156","Домодедово","2","0.2538096543146097","0.034018926318113624","17096.00000","15096.00000"
"1220679495","Домодедово","2","0.2575569274213881","0.013381151666527709","9341.00000","7341.00000"
"389032319","Толмачёво","1","0.09986378259975534","0.1558858393748186","8377.00000","6377.00000"
"1222889757","Домодедово","2","0.2142527885012783","0.030929218891219804","13163.00000","11163.00000"
"558834561","Толмачёво","2","0.22474492707242605","0.022335610827008176","33365.00000","31365.00000"
"972896571","Толмачёво","1","0.3203413027221611","0.0069283597637245795","8969.00000","6969.00000"
"1214328337","Домодедово","2","0.18727136960729202","0.00744479659250307","15985.00000","13985.00000"
"694455277","Толмачёво","1","0.24292176966456652","0.030785477455620033","32082.00000","30082.00000"
"1327971462","Толмачёво","1","0.17153457760515123","0.18103874723613442","4486.00000","2486.00000"
"162235638","Толмачёво","1","0.1248134190324451","0.08805343127789314","17439.00000","15439.00000"
"1211978363","Домодедово","3","0.26874493587324494","0.00874222239137128","37469.00000","35469.00000"
"1199650006","Домодедово","4","0.2896401910775976","0.005331859131367416","4057.00000","2057.00000"
"1203540784","Домодедово","1","0.19616085666329544","0.08795588850892454","15586.00000","13586.00000"
"95417079","Домодедово","2","0.2455934048968136","0.03857124545313919","13812.00000","11812.00000"
"1029120534","Домодедово","2","0.3021754154076638","0.023556307478387436","9645.00000","7645.00000"
"1214904645","Толмачёво","1","0.31168648887525957","0.009213748914216557","20429.00000","18429.00000"
"1197932696","Толмачёво","1","0.23196997209716558","0.04022726568013713","37247.00000","35247.00000"
"1206715198","Домодедово","1","0.22324267269283588","0.0829972321899763","17597.00000","15597.00000"
"1043693204","Толмачёво","3","0.21078109275942633","0.03218594521776298","37609.00000","35609.00000"
"1207259105","Толмачёво","1","0.11556596040799623","0.048520139146211935","48933.00000","46933.00000"
"1005349821","Домодедово","1","0.16751979547123774","0.05107178521204111","8430.00000","6430.00000"
"1032977821","Толмачёво","1","0.1957634073686437","0.01602423102635393","2474.00000","474.00000"
"693261300","Домодедово","5","0.2974400930942355","0.007912930667972594","19910.00000","17910.00000"
"819991673","Толмачёво","3","0.23841101987427968","0.034627754765799254","5944.00000","3944.00000"
"1223911274","Толмачёво","1","0.1708637370994819","0.02031396324799467","41491.00000","39491.00000"
"273048603","Домодедово","2","0.2820871687562218","0.020511914665108946","7112.00000","5112.00000"
"1176229038","Толмачёво","2","0.18994479688363575","0.030662606384630014","53601.00000","51601.00000"
"156094769","Домодедово","2","0.18065432504515214","0.008933903369526187","41342.00000","39342.00000"
"136384405","Толмачёво","1","0.34640854556513495","0.027147497345312507","26311.00000","24311.00000"
"962008473","Толмачёво","2","0.24235155563251345","0.010143852634613483","13928.00000","11928.00000"
"1161069214","Толмачёво","1","0.25978724014985105","0.0025775994250116377","22677.00000","20677.00000"
"705592290","Толмачёво","1","0.20884136795455105","0.027656281591617742","34940.00000","32940.00000"
"518173399","Толмачёво","4","0.1601573204507753","0.04397725467531065","18063.00000","16063.00000"
"1030083068","Толмачёво","1","0.30130535893279287","0.02318708444735784","17486.00000","15486.00000"
"136425173","Домодедово","2","0.2957182534874922","0.020783383281238414","13643.00000","11643.00000"
"1214539395","Толмачёво","2","0.31779385524979104","0.05496640900654422","22247.00000","20247.00000"
"1221299221","Домодедово","4","0.2438554993530045","0.00629568740750977","14464.00000","12464.00000"
"343221926","Домодедово","2","0.22461642407556445","0.010712379253137335","16394.00000","14394.00000"
"1208450456","Толмачёво","2","0.20837460077300113","0.025455205860810338","33747.00000","31747.00000"
"1027328442","Домодедово","2","0.2648673898295608","0.029322007333757442","2564.00000","564.00000"
"859711930","Домодедово","2","0.1253937211585168","0.008485271860877344","63047.00000","61047.00000"
"1043588389","Толмачёво","2","0.2526930911595681","0.04125706878580503","4030.00000","2030.00000"
"565453434","Домодедово","1","0.12575948567051745","0.17069021948302024","4110.00000","2110.00000"
"389696251","Толмачёво","1","0.24072081182778116","0.017597465573186952","36191.00000","34191.00000"
"1215126875","Толмачёво","1","0.19938862283863462","0.06110124187216475","5401.00000","3401.00000"
"1195188230","Толмачёво","2","0.2600636525385295","0.04860027084368799","3328.00000","1328.00000"
"787956992","Толмачёво","3","0.2408782683733168","0.026875156722059913","31984.00000","29984.00000"
"1219779574","Домодедово","2","0.18142711622871271","0.04490109608402723","7046.00000","5046.00000"
"1225999188","Толмачёво","2","0.17199912155709737","0.06968890748343279","5071.00000","3071.00000"
"1008232379","Домодедово","1","0.14531259742404343","0.11615774851705264","10140.00000","8140.00000"
"1059845453","Толмачёво","4","0.25699165931876694","0.008522619906685966","24963.00000","22963.00000"
"1209391759","Домодедово","3","0.2829701673613","0.0022266439600741746","6604.00000","4604.00000"
"1215660798","Толмачёво","2","0.19318076453393196","0.11825730693249538","4105.00000","2105.00000"
"1195463619","Домодедово","2","0.29460978759015866","0.016670674216106227","9064.00000","7064.00000"
"1208592144","Толмачёво","1","0.22889754402104376","0.07850486959099455","2353.00000","353.00000"
"1187017466","Толмачёво","2","0.303513799801244","0.02919549190320692","19748.00000","17748.00000"
"273096635","Толмачёво","4","0.1565630026558316","0.012899042659609125","50179.00000","48179.00000"
"998762845","Домодедово","1","0.1832062625059599","0.060147141164067996","19454.00000","17454.00000"
"1173509651","Толмачёво","2","0.29901708182679426","0.02133007992228565","22958.00000","20958.00000"
"1201491318","Домодедово","1","0.33229656743415886","0.0037016075523052944","8606.00000","6606.00000"
"965292017","Толмачёво","2","0.2813049343343089","0.02098297454955018","40971.00000","38971.00000"
"1210084811","Домодедово","2","0.12124262077602217","0.08675704943555339","19123.00000","17123.00000"
"859224306","Домодедово","1","0.17267394219257545","0.03352888891524714","20592.00000","18592.00000"
"1216481330","Домодедово","3","0.18149712441497481","0.10331276880866991","15302.00000","13302.00000"
"108251959","Толмачёво","1","0.1337518348729407","0.14088677732960161","7014.00000","5014.00000"
"1172098356","Домодедово","1","0.18359913804729297","0.11093611379295507","11287.00000","9287.00000"
"1086595112","Толмачёво","1","0.23741407405167128","0.010991167996833038","12799.00000","10799.00000"
"1224596292","Домодедово","2","0.22803939450594443","0.006228551375639223","24385.00000","22385.00000"
"368458537","Домодедово","2","0.1859623894385173","0.02994626367488087","3040.00000","1040.00000"
"333161922","Толмачёво","4","0.21928973418096526","0.025684110084826985","14774.00000","12774.00000"
"152221841","Толмачёво","2","0.3373673143301225","0.003886933738694166","17890.00000","15890.00000"
"759828386","Домодедово","3","0.21259795983930785","0.11529078986422481","3718.00000","1718.00000"
"1222596761","Домодедово","1","0.19481109027604598","0.05914435275630841","13931.00000","11931.00000"
"1043812954","Домодедово","2","0.14172447447792885","0.09944522127121926","11405.00000","9405.00000"
"1223870437","Домодедово","1","0.14969333511302577","0.08735754151138599","10495.00000","8495.00000"
"1226285516","Толмачёво","2","0.17209002553621353","0.029028347793100033","32163.00000","30163.00000"
"379890477","Толмачёво","1","0.17942561884084623","0.13400087242556089","2326.00000","326.00000"
"1327633719","Толмачёво","3","0.19009400562508752","0.01835516604964066","33783.00000","31783.00000"
"517712538","Домодедово","2","0.18614886484196252","0.06101582465266483","21175.00000","19175.00000"
"311639922","Домодедово","1","0.2740170921707996","0.005593432567577638","3618.00000","1618.00000"
"529060877","Домодедово","1","0.278952329212907","0.017131576273147583","5060.00000","3060.00000"
"761140591","Толмачёво","1","0.43760809550855867","0.02967602419742271","3849.00000","1849.00000"
"1031777033","Толмачёво","2","0.21263430462217028","0.0681578711211256","4495.00000","2495.00000"
"1046500002","Толмачёво","2","0.18050067506759299","0.010421736233513116","33459.00000","31459.00000"
"1027736698","Домодедово","1","0.07361370471012048","0.1322448221461427","9164.00000","7164.00000"
"701312705","Толмачёво","1","0.27942814561310997","0.04862028349423362","19520.00000","17520.00000"
"1204728800","Толмачёво","1","0.17641464742112953","0.0832627334253115","10270.00000","8270.00000"
"1221855524","Домодедово","1","0.15553378436054202","0.07949858934969585","17253.00000","15253.00000"
"1029835888","Домодедово","1","0.3359366073945068","0.0039307561434312474","3752.00000","1752.00000"
"331425681","Толмачёво","3","0.1638318218632188","0.008824854504694817","73665.00000","71665.00000"
"1041671298","Толмачёво","1","0.18388491407149773","0.04244939190190621","19532.00000","17532.00000"
"1214444388","Толмачёво","1","0.15050554087008342","0.05209703602046725","14170.00000","12170.00000"
"1201613752","Домодедово","2","0.2396826940994728","0.04979390683191205","5401.00000","3401.00000"
"909491775","Толмачёво","2","0.3677816500218625","0.0017683156093898796","7489.00000","5489.00000"
"1192580465","Домодедово","1","0.3042427957201439","0.008255678283352701","9475.00000","7475.00000"
"397931312","Толмачёво","1","0.2285591123697703","0.02899026213636817","35751.00000","33751.00000"
"1208778760","Домодедово","1","0.21675679679858753","0.02662442203499473","41081.00000","39081.00000"
"613114076","Домодедово","1","0.254869633643281","0.014623634974070689","39482.00000","37482.00000"
"1224009386","Домодедово","2","0.26082749558837215","0.02015754851369898","5643.00000","3643.00000"
"1219853839","Толмачёво","2","0.20883892006318813","0.014254591579189718","18241.00000","16241.00000"
"1219231197","Домодедово","2","0.19857237939253564","0.06048433758293702","5348.00000","3348.00000"
"330666701","Домодедово","2","0.1602310153281028","0.04919523678435713","10358.00000","8358.00000"
"1036175000","Домодедово","2","0.2920098648345417","0.0020295313195618212","17147.00000","15147.00000"
"1219295347","Домодедово","1","0.248971237597642","0.01683205267094158","7692.00000","5692.00000"
"1040448265","Домодедово","1","0.19772086555841342","0.014096982051049554","28690.00000","26690.00000"
"723166109","Толмачёво","3","0.2833874118647125","0.020890393283363","11441.00000","9441.00000"
"1216462063","Домодедово","2","0.2595458959931092","0.043099642927686796","11225.00000","9225.00000"
"993203924","Домодедово","2","0.32652872503733105","0.052795962580593395","4443.00000","2443.00000"
"286059331","Домодедово","3","0.24142223231630353","0.01020125124029997","50387.00000","48387.00000"
"396183332","Толмачёво","3","0.14657696231212167","0.04949935692583571","44690.00000","42690.00000"
"374435090","Домодедово","4","0.3354046873496282","0.004783636089100035","24108.00000","22108.00000"
"762796916","Толмачёво","2","0.15203725158784126","0.038512271931685924","49294.00000","47294.00000"
"1197323350","Толмачёво","1","0.21157843255837547","0.08410516377984509","5802.00000","3802.00000"
"1212969307","Домодедово","2","0.27517387924384074","0.05490286172238177","3582.00000","1582.00000"
"630164146","Толмачёво","1","0.2812472442629446","0.01282438405292461","9169.00000","7169.00000"
"1205807195","Домодедово","2","0.2282520126288902","0.03472499384672541","8051.00000","6051.00000"
"537888343","Толмачёво","4","0.1641829044776668","0.013998083208510103","74448.00000","72448.00000"
"430556349","Домодедово","2","0.20903012671873017","0.03739998626690222","29531.00000","27531.00000"
"999090989","Домодедово","3","0.09314308475860042","0.1359872179324221","3311.00000","1311.00000"
"104909890","Домодедово","2","0.205882386888533","0.03100276151277187","20212.00000","18212.00000"
"640077907","Толмачёво","3","0.19185876014478243","0.014972643667935735","62427.00000","60427.00000"
"1056886620","Толмачёво","2","0.26733292581334844","0.04451992081739381","10229.00000","8229.00000"
"1218981039","Домодедово","1","0.18058732238251934","0.08808088869180981","19626.00000","17626.00000"
"1212745897","Домодедово","1","0.1481249151576834","0.026345504019976977","41335.00000","39335.00000"
"1214954529","Толмачёво","1","0.14471641106579244","0.12393722806434844","7011.00000","5011.00000"
"822422379","Толмачёво","2","0.3459379151651372","0.06641421721149265","4857.00000","2857.00000"
"294574443","Толмачёво","4","0.10326012291130417","0.002757578958163924","80070.00000","78070.00000"
"1039980099","Домодедово","1","0.16149010595113988","0.026433201515525268","20810.00000","18810.00000"
"275458168","Толмачёво","2","0.19229178316121992","0.015868993290019964","17494.00000","15494.00000"
"759815259","Домодедово","1","0.21001265572274566","0.004680381315240117","28315.00000","26315.00000"
"1042428314","Толмачёво","2","0.32946214353672176","0.014916876986702791","11300.00000","9300.00000"
"204306","Толмачёво","1","0.16230882906842253","0.04693367293468763","35376.00000","33376.00000"
"634712681","Толмачёво","3","0.30398613484884146","0.0088595556379665","9158.00000","7158.00000"
"1327757784","Домодедово","3","0.18986472301309046","0.0230028015733498","25070.00000","23070.00000"
"1203442873","Домодедово","1","0.1185033348134707","0.028153903665209607","52722.00000","50722.00000"
"1209373791","Домодедово","2","0.2436733261594369","0.05581603025468708","8482.00000","6482.00000"
"1215310855","Домодедово","2","0.19749292617685033","0.029087146981853343","10425.00000","8425.00000"
"1212796750","Толмачёво","2","0.24142358350201434","0.024418496024993405","30101.00000","28101.00000"
"1211166250","Домодедово","3","0.19137487161770808","0.022804612729070826","61554.00000","59554.00000"
"373706064","Домодедово","3","0.17261296867882744","0.08605786234405796","2241.00000","241.00000"
"1225299879","Домодедово","2","0.19366914768860433","0.003420215145946146","28215.00000","26215.00000"
"1218178370","Толмачёво","1","0.20670086189470607","0.023794104878103357","18819.00000","16819.00000"
"614908595","Домодедово","2","0.15479825815256082","0.10807701823000311","8347.00000","6347.00000"
"1206640414","Толмачёво","3","0.2750803414578537","0.030890955328224612","10011.00000","8011.00000"
"398947311","Толмачёво","3","0.20849257502294918","0.025634899744926328","10665.00000","8665.00000"
"1050477904","Толмачёво","1","0.2669119984371637","0.05616024898744659","3749.00000","1749.00000"
"1196226536","Толмачёво","1","0.2254111138479727","0.04756462335011985","4810.00000","2810.00000"
"1204241957","Толмачёво","1","0.06915239865335365","0.12385923933478435","15825.00000","13825.00000"
"1216132829","Домодедово","1","0.18724989096206165","0.08278243180198135","5740.00000","3740.00000"
"266075359","Домодедово","1","0.24638000088196768","0.08658865157716558","2537.00000","537.00000"
"1225001656","Толмачёво","2","0.1635875537030037","0.039241635076358874","20693.00000","18693.00000"
"1213944842","Домодедово","2","0.30307040754110554","0.012185111282087482","3852.00000","1852.00000"
"998731176","Толмачёво","1","0.25484578445141265","0.05845685193088747","17656.00000","15656.00000"
"1226097597","Домодедово","2","0.1784964661826612","0.04442508724952795","12007.00000","10007.00000"
"1225679560","Домодедово","1","0.25950239077602266","0.040086760012570395","8324.00000","6324.00000"
"734242701","Толмачёво","2","0.19838883658126563","0.02372298419474455","3100.00000","1100.00000"
"1224668383","Домодедово","2","0.2988462719515147","0.017106816014569138","25828.00000","23828.00000"
"301024465","Толмачёво","2","0.26375966296175996","0.027002895387031094","9244.00000","7244.00000"
"623052395","Толмачёво","5","0.2456481455002736","0.0020868109679933423","13444.00000","11444.00000"
"1140348874","Толмачёво","1","0.13181761813681883","0.15021030181056208","2645.00000","645.00000"
"158010708","Толмачёво","2","0.25470371158919974","0.010486341893496239","12431.00000","10431.00000"
"1327960991","Толмачёво","2","0.18656873134812169","0.08801673934175316","7552.00000","5552.00000"
"1208707725","Домодедово","2","0.28380854845158127","0.017948476066719298","5722.00000","3722.00000"
"1032022221","Домодедово","2","0.23820609539257642","0.040727012403928675","21682.00000","19682.00000"
"1031700526","Толмачёво","2","0.24407241523866618","0.021065617951457255","20333.00000","18333.00000"
"1030440314","Домодедово","1","0.2535926732085801","0.003180634013390064","13659.00000","11659.00000"
"653035714","Толмачёво","2","0.2904577373204362","0.00516484506844077","20372.00000","18372.00000"
"596232205","Толмачёво","1","0.21899957985335056","0.00981827840340477","21559.00000","19559.00000"
"867227567","Толмачёво","1","0.26979210227808065","0.07487081121880694","12115.00000","10115.00000"
"620115588","Толмачёво","2","0.16573377263039393","0.022307650711957623","33417.00000","31417.00000"
"1211734606","Толмачёво","2","0.21940558105503835","0.02478641823024157","16198.00000","14198.00000"
"423318158","Толмачёво","3","0.218623617936699","0.024868605295393933","30844.00000","28844.00000"
"652241604","Толмачёво","2","0.1878489697296379","0.03015669575237999","14860.00000","12860.00000"
"1216257692","Домодедово","1","0.13464732315146097","0.12297291854563866","5214.00000","3214.00000"
"1216306658","Толмачёво","2","0.2343437988704025","0.03705312525214759","2703.00000","703.00000"
"1052911597","Толмачёво","4","0.24017596688725545","0.0064726670281517506","35187.00000","33187.00000"
"1215336265","Толмачёво","4","0.362865183806596","0.009591501115432216","10265.00000","8265.00000"
"1029918006","Толмачёво","1","0.1690367106520994","0.011792775471474469","47407.00000","45407.00000"
"1220897612","Домодедово","2","0.23488799523060694","0.017250487315695007","3944.00000","1944.00000"
"1191814650","Толмачёво","1","0.24617541659205688","0.027087977293654347","4784.00000","2784.00000"
"1202808054","Толмачёво","1","0.2835574951119341","0.028320217120965857","15741.00000","13741.00000"
"1085363697","Домодедово","1","0.26393198327870376","0.007493548328430526","33315.00000","31315.00000"
"764844405","Домодедово","3","0.3708359448216896","0.0071836248671638845","14738.00000","12738.00000"
"741281571","Домодедово","2","0.08532160412433441","0.03502699286329137","89900.00000","87900.00000"
"1225711575","Толмачёво","2","0.20599768220015743","0.014121643602161444","6317.00000","4317.00000"
"621030984","Домодедово","3","0.17789544722690603","0.008728046477339785","28334.00000","26334.00000"
"647791635","Толмачёво","2","0.1829629400904614","0.02589494314672135","25199.00000","23199.00000"
"428563489","Толмачёво","1","0.1460026280499009","0.026182949510313244","62486.00000","60486.00000"
"1030513455","Толмачёво","2","0.22934731971491287","0.10301211308602613","4096.00000","2096.00000"
"1218254401","Домодедово","1","0.31491959359068544","0.004465306807324192","29759.00000","27759.00000"
"1217929586","Домодедово","1","0.1538846007450116","0.11834313724382307","6461.00000","4461.00000"
"1047860042","Толмачёво","3","0.3137446711907774","0.024072028741946937","39472.00000","37472.00000"
"258553470","Толмачёво","2","0.1790011512338759","0.017112372400857345","32534.00000","30534.00000"
"908684153","Домодедово","1","0.2331073652677217","0.003272854419018157","36716.00000","34716.00000"
"1251947053","Толмачёво","3","0.21601853620737477","0.06202414101614526","10934.00000","8934.00000"
"112226342","Толмачёво","2","0.2764204629561942","0.007917144936159819","7736.00000","5736.00000"
"1213135501","Толмачёво","1","0.23163963644503457","0.006220341380651373","17488.00000","15488.00000"
"729993806","Толмачёво","1","0.22767712578881166","0.019558841791520166","11213.00000","9213.00000"
"1226176618","Домодедово","1","0.1526644451157848","0.0811315454773421","17983.00000","15983.00000"
"549783629","Домодедово","1","0.18980806174334164","0.016450544863118383","32091.00000","30091.00000"
"1218226687","Домодедово","2","0.27046443334228526","0.0526372800966176","2658.00000","658.00000"
"1210586352","Домодедово","3","0.16792916050851267","0.03560757714912849","45091.00000","43091.00000"
"808048720","Толмачёво","1","0.21646842534743016","0.04639058545777938","16203.00000","14203.00000"
"1027493092","Толмачёво","1","0.312330811630876","0.0022152960256178974","27518.00000","25518.00000"
"974631455","Домодедово","1","0.08716547911328294","0.057686934371521115","36148.00000","34148.00000"
"544877782","Домодедово","2","0.24476810671061053","0.023193650928784944","36182.00000","34182.00000"
"1201771346","Домодедово","2","0.1845764299670946","0.03905562910328559","55540.00000","53540.00000"
"1204232872","Домодедово","1","0.25920326397389937","0.059035710358396665","9242.00000","7242.00000"
"1211693872","Толмачёво","1","0.2475985132677528","0.010528373659566817","49067.00000","47067.00000"
"1220785358","Домодедово","2","0.1883097128675023","0.06358086526754027","3657.00000","1657.00000"
"1034529041","Толмачёво","1","0.328388190079985","0.004012026137067149","3349.00000","1349.00000"
"161026530","Толмачёво","1","0.24524574375534672","0.014119876433064617","4248.00000","2248.00000"
"1033318679","Толмачёво","2","0.23415130211236213","0.09131184151655274","10647.00000","8647.00000"
"570098391","Толмачёво","3","0.28434845035998696","0.03059328768194347","10554.00000","8554.00000"
"596409194","Домодедово","1","0.1313670520403338","0.0795713767587556","7736.00000","5736.00000"
"1208998812","Толмачёво","1","0.13432252025228938","0.10582530157078691","8887.00000","6887.00000"
"1042297644","Толмачёво","2","0.2202106850645705","0.02436663982471321","9087.00000","7087.00000"
"789309400","Домодедово","1","0.15468466415795382","0.1847154717604512","2556.00000","556.00000"
"1211103081","Домодедово","1","0.24959596909820658","0.09782172515146455","4598.00000","2598.00000"
"1328017587","Домодедово","2","0.20237346179405352","0.01570159117493135","22879.00000","20879.00000"
"1154802076","Домодедово","3","0.2930051860887","0.018972128339342174","34814.00000","32814.00000"
"1221534463","Домодедово","1","0.3040021350034107","0.012184273862182808","3480.00000","1480.00000"
"533697185","Домодедово","3","0.22189238622401972","0.009959901724120389","17752.00000","15752.00000"
"629461419","Домодедово","2","0.1929173126932897","0.1593528245757111","2866.00000","866.00000"
"304140673","Толмачёво","1","0.14161205834425797","0.08386364094409088","41636.00000","39636.00000"
"1217174198","Толмачёво","2","0.2972239234996826","0.009503496440879344","11491.00000","9491.00000"
"366974095","Домодедово","1","0.19643611882215378","0.059459346752433445","3496.00000","1496.00000"
"1039804348","Домодедово","1","0.21929869126278162","0.0021759068614391904","11792.00000","9792.00000"
"939842252","Толмачёво","1","0.10771231135520269","0.05270705590983686","32863.00000","30863.00000"
"1013203055","Домодедово","1","0.18009299477898402","0.019758607543191822","25943.00000","23943.00000"
"1218332551","Домодедово","1","0.26224531489157593","0.06071049033022647","3431.00000","1431.00000"
"1211066697","Толмачёво","1","0.19875529290236854","0.07778129018191282","9417.00000","7417.00000"
"868347198","Толмачёво","2","0.25319954811536627","0.013083722968381936","47169.00000","45169.00000"
"696817598","Домодедово","3","0.24548961451129775","0.043539189953389484","27763.00000","25763.00000"
"626530351","Толмачёво","3","0.23542983270860768","0.0016844964736769787","30506.00000","28506.00000"
"643706702","Домодедово","1","0.22714994640443947","0.09417676341917425","5286.00000","3286.00000"
"233019189","Толмачёво","1","0.30700605321053764","0.04499092678157265","3385.00000","1385.00000"
"1210607647","Толмачёво","1","0.25474789832470945","0.007469294960733586","33321.00000","31321.00000"
"907379630","Толмачёво","1","0.24633927018370913","0.06283978215511579","6828.00000","4828.00000"
"1207985211","Толмачёво","2","0.30798176520524395","0.01742353347385277","8733.00000","6733.00000"
"524958534","Домодедово","1","0.27667555047034864","0.10354186191880554","7437.00000","5437.00000"
"1169738918","Домодедово","2","0.16861810385606443","0.01486345179144104","50924.00000","48924.00000"
"344339938","Толмачёво","1","0.23545306261592042","0.03132047332338147","11080.00000","9080.00000"
"1212655495","Толмачёво","1","0.22242833297814704","0.013406123162758436","18463.00000","16463.00000"
"537034199","Домодедово","1","0.21324316185637257","0.06791843375624063","2257.00000","257.00000"
"379010295","Толмачёво","2","0.2896926050971288","0.03982891036696655","28877.00000","26877.00000"
"513538812","Толмачёво","3","0.26382243423658114","0.028656762127195604","5958.00000","3958.00000"
"996426472","Толмачёво","2","0.22045658016291278","0.056843361878997564","2541.00000","541.00000"
"395127250","Домодедово","2","0.15510632164148547","0.018021538926286138","71248.00000","69248.00000"
"1187846261","Толмачёво","2","0.24438942134851507","0.07426464117807081","5611.00000","3611.00000"
"1226207929","Толмачёво","1","0.1758500376463331","0.03729508551025759","43986.00000","41986.00000"
"1211585963","Домодедово","2","0.18054251411187175","0.08555622731539994","2331.00000","331.00000"
"1220900176","Домодедово","2","0.14631595973356276","0.024084931748928232","38129.00000","36129.00000"
"701432818","Толмачёво","1","0.14298583290497419","0.05953900867105466","32527.00000","30527.00000"
"1226643179","Толмачёво","1","0.19783457063259022","0.01572510878460092","17064.00000","15064.00000"
"515791305","Толмачёво","1","0.11640207304626933","0.026307568402572035","67625.00000","65625.00000"
"565826842","Домодедово","1","0.19994329420782594","0.06439729842528391","5860.00000","3860.00000"
"1216417889","Домодедово","3","0.16254760446171312","0.040057772547350004","10119.00000","8119.00000"
"546597477","Домодедово","2","0.29184156035011233","0.03556398568912233","19528.00000","17528.00000"
"1072404646","Домодедово","2","0.27974113438806075","0.018195900326563364","33659.00000","31659.00000"
"1216469824","Домодедово","1","0.0582365229496145","0.04092878718736382","78177.00000","76177.00000"
"1219287356","Домодедово","1","0.28263300558461324","0.016467273864094162","26568.00000","24568.00000"
"1140432800","Домодедово","2","0.19900758098346158","0.01812168996613507","70675.00000","68675.00000"
"1188447326","Толмачёво","3","0.3162607492661258","0.004336955999714555","2013.00000","13.00000"
"1154005014","Домодедово","4","0.3375510129583431","0.028320156713446877","3648.00000","1648.00000"
"222136768","Домодедово","1","0.16483009912305785","0.019175547880855813","45571.00000","43571.00000"
"1062390996","Домодедово","2","0.17285573550563788","0.041060404545404904","16853.00000","14853.00000"
"275708138","Домодедово","1","0.17326675934613922","0.08363865951419715","17941.00000","15941.00000"
"247669573","Домодедово","2","0.20808711551372427","0.016109898750166957","27952.00000","25952.00000"
"267475739","Домодедово","2","0.20349949647471463","0.02724535571790579","14440.00000","12440.00000"
"261614188","Толмачёво","3","0.3633151728434811","0.008469908495057516","2178.00000","178.00000"
"802116687","Толмачёво","2","0.1947382923466272","0.005197754993007625","38431.00000","36431.00000"
"751157939","Толмачёво","1","0.13794665034533404","0.2925489212647662","-351.00000","-2351.00000"
"1224610265","Толмачёво","3","0.24290025172420224","0.01690242156019212","4730.00000","2730.00000"
"1218449063","Домодедово","2","0.22295163592928524","0.04747947058912384","4473.00000","2473.00000"
"901577950","Толмачёво","6","0.26484862658668173","0.0036748313502218176","20037.00000","18037.00000"
"388238575","Домодедово","2","0.12437065990375522","0.006355510163916534","101408.00000","99408.00000"
"156638260","Домодедово","1","0.2631959048773861","0.012665819020895846","5904.00000","3904.00000"
"363901916","Толмачёво","1","0.1063731312336937","0.03046560091709121","48705.00000","46705.00000"
"1211478405","Толмачёво","3","0.19549179577641732","0.008536965400267577","19079.00000","17079.00000"
"115807686","Толмачёво","2","0.23470904455773128","0.04160472537465827","22122.00000","20122.00000"
"1035291874","Домодедово","1","0.20624806017255606","0.025370147448566933","21937.00000","19937.00000"
"532015684","Толмачёво","2","0.18999412718541062","0.08900714453552432","7484.00000","5484.00000"
"1025904406","Толмачёво","5","0.17061829546561033","0.019099518761531317","26835.00000","24835.00000"
"430952340","Толмачёво","1","0.11711624308545457","0.1249031758631006","8571.00000","6571.00000"
"771576697","Толмачёво","1","0.03157795639058865","0.23413208371881553","6523.00000","4523.00000"
"1181846064","Домодедово","1","0.2264352519534889","0.08954696204365906","3741.00000","1741.00000"
"1206075402","Толмачёво","2","0.2676681125243963","0.008570916448428834","18774.00000","16774.00000"
"425940463","Домодедово","3","0.2680430486195309","0.004976555098388225","9372.00000","7372.00000"
"1148317573","Толмачёво","1","0.06460866733303805","0.07559093473120705","29610.00000","27610.00000"
"324050158","Толмачёво","1","0.08382692738388349","0.19854761032880927","7163.00000","5163.00000"
"697712654","Толмачёво","1","0.23477959183528524","0.06629074121975892","2935.00000","935.00000"
"322776017","Толмачёво","2","0.11600981191937254","0.014911659257257117","65850.00000","63850.00000"
"909095158","Толмачёво","1","0.16203272412688974","0.13094191888230808","7925.00000","5925.00000"
"941834656","Домодедово","1","0.30208621633014754","0.012816227498289779","18782.00000","16782.00000"
"1211963165","Домодедово","2","0.18187851737514116","0.039629564710857317","29899.00000","27899.00000"
"1214048551","Домодедово","1","0.15520758915460242","0.12097163500871527","7165.00000","5165.00000"
"1205471892","Толмачёво","2","0.17869730995448752","0.02696132578766359","14669.00000","12669.00000"
"1225480146","Толмачёво","1","0.19460922136412723","0.01075296526157506","26555.00000","24555.00000"
"729832450","Толмачёво","3","0.10343825532468848","0.07199355179279246","60205.00000","58205.00000"
"901839282","Толмачёво","3","0.25593366412028506","0.02105636652172865","20732.00000","18732.00000"
"251720675","Домодедово","3","0.3330929356671004","0.003693060223332873","15516.00000","13516.00000"
"317309887","Домодедово","2","0.3601621827920253","0.003374602426750333","7968.00000","5968.00000"
"593010303","Толмачёво","2","0.19825094851590058","0.010532566447658327","4999.00000","2999.00000"
"893197450","Толмачёво","1","0.3031337864074689","0.04006453555994665","38884.00000","36884.00000"
"1213180868","Домодедово","1","0.15988499136071616","0.1051717227796895","18208.00000","16208.00000"
"847722426","Домодедово","1","0.33203368433711733","0.008546911014813178","20958.00000","18958.00000"
"613209592","Толмачёво","2","0.19346932363659372","0.009912289085124907","14658.00000","12658.00000"
"730288279","Домодедово","1","0.24075665126288134","0.00239853433228939","5786.00000","3786.00000"
"1219056056","Домодедово","2","0.26765932874891035","0.007748999246921743","19942.00000","17942.00000"
"728618649","Домодедово","2","0.177554332741496","0.09323534225939484","11045.00000","9045.00000"
"909251844","Домодедово","1","0.11856455376959958","0.25793029146922614","2662.00000","662.00000"
"129495240","Толмачёво","1","0.3507469136666174","0.07754152680071687","7686.00000","5686.00000"
"323482301","Толмачёво","2","0.21310851982908852","0.005734512605338449","20598.00000","18598.00000"
"866253225","Толмачёво","3","0.1674585332031676","0.053644731810926646","31332.00000","29332.00000"
"306153679","Домодедово","1","0.15846554228902254","0.03010377818252109","26364.00000","24364.00000"
"1218849187","Толмачёво","2","0.28402591091954743","0.013360981836299414","53436.00000","51436.00000"
"910962380","Толмачёво","3","0.18478138046212478","0.033099466156929304","5935.00000","3935.00000"
"1042217487","Домодедово","1","0.14192992599082643","0.11263648845854515","6686.00000","4686.00000"
"901245281","Домодедово","1","0.2360139829517263","0.08143662444596506","14572.00000","12572.00000"
"374153133","Домодедово","1","0.16938273632419468","0.16731894191145746","3034.00000","1034.00000"
"1042114422","Домодедово","1","0.19190584913702033","0.02530226159003489","13459.00000","11459.00000"
"1220397000","Толмачёво","1","0.17718281676693273","0.021316056814904224","9992.00000","7992.00000"
"688587990","Домодедово","4","0.2420633673652421","0.010966637694529498","36574.00000","34574.00000"
"1204094060","Домодедово","1","0.23772496518380873","0.012910204093231672","33149.00000","31149.00000"
"1026260883","Толмачёво","2","0.2704775135009078","0.012555795946614061","29647.00000","27647.00000"
"338675243","Толмачёво","1","0.16972783633628277","0.003639831938600376","11245.00000","9245.00000"
"800120121","Домодедово","4","0.2014292006730622","0.0038655967545961623","18719.00000","16719.00000"
"1099685877","Домодедово","4","0.21438271773379292","0.009391597476803246","57610.00000","55610.00000"
"328085325","Толмачёво","2","0.2981956901498875","0.009363521732606883","15530.00000","13530.00000"
"168246590","Домодедово","2","0.2708740568213303","0.022956611252688497","6880.00000","4880.00000"
"1053648024","Толмачёво","2","0.2671213341128334","0.0583724447137842","8994.00000","6994.00000"
"515524787","Толмачёво","1","0.14961561860299283","0.01419985307903068","49242.00000","47242.00000"
"1221449502","Домодедово","2","0.17382676115588916","0.010534286978910222","39405.00000","37405.00000"
"771121601","Толмачёво","2","0.25930409079851335","0.03800328575067469","2438.00000","438.00000"
"1215187146","Домодедово","1","0.14800745403173018","0.00812749427965218","65810.00000","63810.00000"
"821332334","Домодедово","2","0.2880683346353638","0.05120033320563396","10474.00000","8474.00000"
"1201329324","Толмачёво","1","0.22955778609160113","0.06571365518836422","6248.00000","4248.00000"
"1201068188","Толмачёво","3","0.22364794779322658","0.016807142199446536","12977.00000","10977.00000"
"1039337369","Домодедово","3","0.26428255701232944","0.009710783027295274","6545.00000","4545.00000"
"1225381287","Домодедово","1","0.21743729440862852","0.012717223300486075","33673.00000","31673.00000"
"1219758363","Домодедово","1","0.2613419571186453","0.01054052968933415","10920.00000","8920.00000"
"551857609","Домодедово","1","0.06941075956177323","0.18216957697181843","3217.00000","1217.00000"
"1203704540","Толмачёво","1","0.1860600157540288","0.010594590074830297","25320.00000","23320.00000"
"1208336616","Толмачёво","4","0.20312770244114106","0.03744025186849049","35305.00000","33305.00000"
"1039879290","Толмачёво","2","0.37405104771615455","0.022176189690483676","9347.00000","7347.00000"
"159026718","Домодедово","1","0.18377556756662367","0.024457762347746086","24617.00000","22617.00000"
"1218634443","Толмачёво","3","0.185125943587807","0.04403058316537113","6903.00000","4903.00000"
"210696696","Толмачёво","1","0.1864388661210423","0.10136683376685188","19822.00000","17822.00000"
"592833390","Домодедово","1","0.24075223958233374","0.06611074898893037","18233.00000","16233.00000"
"389427738","Толмачёво","1","0.07537885487660781","0.19358950838778527","5530.00000","3530.00000"
"1099861270","Домодедово","2","0.1696422637288005","0.08381061314489285","7306.00000","5306.00000"
"1041538003","Домодедово","2","0.2521435225580162","0.06648856632000015","7618.00000","5618.00000"
"164027756","Толмачёво","1","0.13120433000884277","0.13167014246095585","17990.00000","15990.00000"
"1193348326","Толмачёво","1","0.1786894060054228","0.01161172626355864","30625.00000","28625.00000"
"731015793","Толмачёво","3","0.2796078077022079","0.012268024074941484","20413.00000","18413.00000"
"1059604102","Домодедово","1","0.21185891065116808","0.05585072020410528","5911.00000","3911.00000"
"1211179196","Домодедово","1","0.2861457462332684","0.018509141388868243","34151.00000","32151.00000"
"1218524145","Толмачёво","1","0.18964889508809973","0.022562074970568523","8729.00000","6729.00000"
"1100254811","Толмачёво","1","0.20191516301545132","0.006410114270539308","32972.00000","30972.00000"
"1200735262","Домодедово","2","0.14403071033135004","0.1660107471205836","2729.00000","729.00000"
"790862753","Домодедово","1","0.24072352405493608","0.011254879203301156","33809.00000","31809.00000"
"1039893138","Домодедово","2","0.2864455887498677","0.018344210395211537","3609.00000","1609.00000"
"1220856243","Толмачёво","1","0.10232200217921462","0.1947960631872229","5275.00000","3275.00000"
"945947878","Домодедово","3","0.23414539103491072","0.01724316302813999","16791.00000","14791.00000"
"1219474615","Домодедово","2","0.15280240472072074","0.04097147676704895","47058.00000","45058.00000"
"757439726","Толмачёво","2","0.074876125674075","0.04746922438503073","39239.00000","37239.00000"
"1206334719","Толмачёво","2","0.285276290244181","0.004228232727363306","19154.00000","17154.00000"
"321544161","Толмачёво","2","0.15424160440018148","0.02698969943339253","3886.00000","1886.00000"
"589868593","Домодедово","2","0.2797325168232354","0.0825284943477607","6571.00000","4571.00000"
"1203126238","Толмачёво","1","0.262669921965729","0.03913709109580793","3957.00000","1957.00000"
"1212732150","Толмачёво","2","0.18489696668429917","0.03224383736910077","25595.00000","23595.00000"
"1206914359","Домодедово","2","0.2566327684602957","0.04067696148634879","4014.00000","2014.00000"
"892311031","Домодедово","1","0.19388795254006658","0.14997561689283118","4691.00000","2691.00000"
"646733738","Домодедово","1","0.2068646537918935","0.03351174603804333","20823.00000","18823.00000"
"797398257","Домодедово","2","0.21133698966372214","0.10141137053710832","6057.00000","4057.00000"
"354766018","Домодедово","1","0.16569885333497877","0.12712097815042134","8175.00000","6175.00000"
"247554191","Домодедово","2","0.26564216496675047","0.0112921329356977","12759.00000","10759.00000"
"1187656394","Домодедово","1","0.2664376473371214","0.05342598140600222","3030.00000","1030.00000"
"1220374854","Домодедово","2","0.1896662002947522","0.058938807879565465","5824.00000","3824.00000"
"353026295","Домодедово","1","0.22822733422198113","0.019134260784915244","2024.00000","24.00000"
"1204139124","Домодедово","3","0.215387149527662","0.09099498251252436","7629.00000","5629.00000"
"276604981","Домодедово","2","0.1479322721714587","0.012689369627490179","69024.00000","67024.00000"
"1199754587","Толмачёво","2","0.16844191840386857","0.015383988489099247","38385.00000","36385.00000"
"677813701","Домодедово","2","0.28258544941327124","0.048896099293649437","16507.00000","14507.00000"
"211972797","Домодедово","1","0.21796314752967647","0.0374786937279075","33493.00000","31493.00000"
"1212064327","Домодедово","2","0.2627840075027345","0.019475033115395182","3492.00000","1492.00000"
"1207982969","Толмачёво","1","0.22690036931730878","0.016244962296954966","33622.00000","31622.00000"
"1214451490","Домодедово","1","0.15881685429594583","0.1779259277615526","2632.00000","632.00000"
"902526025","Домодедово","2","0.08799658536595668","0.1761406346425699","5201.00000","3201.00000"
"783609478","Толмачёво","1","0.2154828757065141","0.07511358741529721","7379.00000","5379.00000"
"615286900","Домодедово","1","0.11956560013774802","0.07302646823870156","27138.00000","25138.00000"
"1213124468","Толмачёво","2","0.18894609004312504","0.004640160226141836","32596.00000","30596.00000"
"1194677082","Домодедово","3","0.3503410315266833","0.0022088337671932927","7501.00000","5501.00000"
"905356043","Домодедово","1","0.2763593891397459","0.0044086107590702835","10299.00000","8299.00000"
"972840062","Домодедово","1","0.1840121151477978","0.1473833611971988","2170.00000","170.00000"
"389969309","Толмачёво","1","0.22625733521090594","0.004418931745070273","32403.00000","30403.00000"
"1248070445","Домодедово","2","0.20708651054673988","0.15013205832380397","2025.00000","25.00000"
"582978023","Домодедово","2","0.2545620223230781","0.01099162174273332","53135.00000","51135.00000"
"1024542834","Домодедово","1","0.16989384708858543","0.148570089554036","5557.00000","3557.00000"
"1040175792","Домодедово","2","0.269489119390503","0.01652833445914811","15748.00000","13748.00000"
"1206925868","Толмачёво","1","0.21802311176907108","0.06998297415144174","15177.00000","13177.00000"
"1214140390","Домодедово","1","0.17989718175183192","0.06797975866016112","10604.00000","8604.00000"
"1221762171","Толмачёво","2","0.2411622256915545","0.0038130713106024013","10971.00000","8971.00000"
"1058233917","Домодедово","5","0.30902496001551577","0.020475690983262754","14255.00000","12255.00000"
"1223629317","Толмачёво","1","0.19315739325297443","0.012427136754768768","22515.00000","20515.00000"
"542640256","Толмачёво","1","0.10530066954552801","0.2717503232671612","3379.00000","1379.00000"
"1076868487","Толмачёво","2","0.24198744341683806","0.01635959161982538","13048.00000","11048.00000"
"1209939534","Домодедово","2","0.30746736142314385","0.01753784523279876","3915.00000","1915.00000"
"1210810153","Домодедово","2","0.21670043182890045","0.09138177793031722","7437.00000","5437.00000"
"1222247431","Домодедово","2","0.2337924426038856","0.04382842463845417","2596.00000","596.00000"
"905207462","Домодедово","1","0.23704361807764499","0.00843548945955428","71867.00000","69867.00000"
"1063313686","Толмачёво","3","0.2938158122628291","0.005986322030091741","12395.00000","10395.00000"
"392143642","Домодедово","1","0.19628118355627847","0.031104596180399516","28737.00000","26737.00000"
"1203630859","Толмачёво","2","0.206414570234511","0.028098133891099518","13735.00000","11735.00000"
"1041503858","Толмачёво","2","0.2560709302044516","0.017068583712468652","7642.00000","5642.00000"
"376153314","Домодедово","1","0.17642056288808977","0.053190561222663336","35628.00000","33628.00000"
"1220321660","Толмачёво","2","0.17935234767824215","0.039101002912531956","54057.00000","52057.00000"
"1209099546","Домодедово","2","0.27941261909701676","0.04876294086719604","5243.00000","3243.00000"
"1216947683","Домодедово","2","0.21063745132531664","0.038685212150691414","8503.00000","6503.00000"
"1042066589","Домодедово","2","0.183717513705501","0.10107535752610994","2466.00000","466.00000"
"1159096533","Толмачёво","1","0.10569962345881835","0.1624684043838721","4978.00000","2978.00000"
"705975307","Толмачёво","1","0.15683648186331503","0.048429298196308194","39358.00000","37358.00000"
"696698369","Толмачёво","2","0.2783937148560388","0.011092950057176344","10181.00000","8181.00000"
"781633940","Домодедово","1","0.11453922283651635","0.20393572270182594","3229.00000","1229.00000"
"974064598","Домодедово","3","0.3321968552718857","0.012488170993695046","20059.00000","18059.00000"
"1161069214","Толмачёво","1","0.25978724014985105","0.0025775994250116377","22677.00000","20677.00000"
"1191492068","Толмачёво","2","0.18725767783010538","0.029967616715556387","31303.00000","29303.00000"
"1040541012","Домодедово","1","0.23921755461961824","0.009402038544523223","36642.00000","34642.00000"
"1039506179","Толмачёво","2","0.23165531276226498","0.0085948250190621","10740.00000","8740.00000"
"626103674","Домодедово","4","0.19121058198749416","0.005462204454099207","12037.00000","10037.00000"
"291871477","Толмачёво","1","0.26536757723909493","0.0022642219959606623","12972.00000","10972.00000"
"390665411","Толмачёво","2","0.2160198798820936","0.03742720394111577","8244.00000","6244.00000"
"428089983","Толмачёво","2","0.2688219249407949","0.013221867817427797","18831.00000","16831.00000"
"795090787","Толмачёво","2","0.24673060620203627","0.07049981199271052","3211.00000","1211.00000"
"1175271504","Домодедово","1","0.11171625262230077","0.0803591241192094","56603.00000","54603.00000"
"815965793","Домодедово","2","0.23190940184287748","0.03129000177710087","39295.00000","37295.00000"
"856058228","Домодедово","2","0.24632702654390848","0.10520892735529877","3729.00000","1729.00000"
"1196004132","Толмачёво","2","0.20843398927276074","0.03210092871011577","14523.00000","12523.00000"
"258417292","Домодедово","1","0.24351541469110416","0.014684285350971236","18632.00000","16632.00000"
"1216387641","Толмачёво","2","0.24979409361457758","0.0030454597234081996","37210.00000","35210.00000"
"1002806472","Толмачёво","2","0.2316152142813573","0.03838210053334546","10012.00000","8012.00000"
"1032337821","Домодедово","3","0.1385811041205446","0.005638249177873276","70279.00000","68279.00000"
"1210068903","Толмачёво","2","0.25973682747661875","0.014635725822331792","7443.00000","5443.00000"
"1208595554","Домодедово","3","0.2646461986514518","0.02792565701419403","15778.00000","13778.00000"
"731960454","Домодедово","1","0.2696417054767322","0.03921673807734655","30548.00000","28548.00000"
"730413997","Домодедово","1","0.27508345647333166","0.09431853021303141","6245.00000","4245.00000"
"1226082226","Толмачёво","2","0.19610230949212937","0.01623510463276803","42429.00000","40429.00000"
"1224201504","Толмачёво","1","0.1916240023104015","0.028272317806416637","31085.00000","29085.00000"
"939111654","Домодедово","1","0.1840851265391102","0.017750133930356887","13915.00000","11915.00000"
"1042001001","Толмачёво","1","0.22431471221135982","0.014040806083070498","22624.00000","20624.00000"
"1191408755","Толмачёво","2","0.2365879968113385","0.0367444941511127","4256.00000","2256.00000"
"783243914","Домодедово","3","0.1931040192376324","0.01176401789564079","32228.00000","30228.00000"
"1224431432","Домодедово","1","0.2417478062525568","0.04659038883188","20096.00000","18096.00000"
"753945794","Домодедово","3","0.10034837363981042","0.05167621053721904","12880.00000","10880.00000"
"803918849","Домодедово","1","0.257008371262823","0.03862527758547251","16009.00000","14009.00000"
"1098682134","Домодедово","1","0.29296882431767346","0.05854577066265789","3065.00000","1065.00000"
"255982994","Толмачёво","3","0.19754801482737094","0.017095951105789545","44361.00000","42361.00000"
"68859381","Домодедово","1","0.15907816453474738","0.08749302970793957","12267.00000","10267.00000"
"725015482","Толмачёво","1","0.08383969144785115","0.10162166639205006","20794.00000","18794.00000"
"1032832575","Домодедово","1","0.29307230006425433","0.023262747889572978","13178.00000","11178.00000"
"1208804481","Толмачёво","2","0.21558618135451768","0.03435744422818004","5732.00000","3732.00000"
"703013130","Толмачёво","3","0.20712882788973452","0.06697768734689467","20603.00000","18603.00000"
"289996556","Толмачёво","2","0.19745736953675008","0.021249945680661388","32145.00000","30145.00000"
"1043574528","Толмачёво","3","0.22960050114385588","0.007898056317277958","34806.00000","32806.00000"
"1220749419","Толмачёво","3","0.1951923446475292","0.004472362066417697","30788.00000","28788.00000"
"1202693218","Толмачёво","1","0.23097803304998799","0.009790404868248849","4937.00000","2937.00000"
"389459082","Толмачёво","2","0.1519878525899669","0.030612003746006422","55677.00000","53677.00000"
"1036389085","Домодедово","1","0.2600871678819936","0.009161203464061653","31158.00000","29158.00000"
"383669528","Домодедово","1","0.12828537954617317","0.09408897869759189","19778.00000","17778.00000"
"1211023148","Домодедово","1","0.20386853458433668","0.029301338701079604","30612.00000","28612.00000"
"969267400","Домодедово","1","0.23897270844416027","0.05278810561231574","7273.00000","5273.00000"
"1181599806","Толмачёво","4","0.2761967660466101","0.0043750180573990495","11893.00000","9893.00000"
"1219796205","Домодедово","1","0.258278308462197","0.005885827372437554","13360.00000","11360.00000"
"865216696","Толмачёво","2","0.12918491952014635","0.08267697382468424","26099.00000","24099.00000"
"591016065","Домодедово","5","0.23730769601681206","0.02163352145726164","12206.00000","10206.00000"
"699237095","Толмачёво","3","0.21853077727158002","0.04692745750174836","4047.00000","2047.00000"
"280920952","Домодедово","2","0.21901335720612777","0.008215809464224283","51236.00000","49236.00000"
"140126960","Толмачёво","3","0.1620505637433817","0.07147162477147102","19044.00000","17044.00000"
"312904914","Домодедово","3","0.28030977905288823","0.0356426220261381","3223.00000","1223.00000"
"1217585538","Домодедово","2","0.28529369871126586","0.06937772108343201","7047.00000","5047.00000"
"370571340","Домодедово","1","0.19182407150662295","0.00542076997783409","49230.00000","47230.00000"
"667089767","Домодедово","3","0.31787107808838244","0.009741928505994481","3948.00000","1948.00000"
"339634057","Домодедово","2","0.10815675330277519","0.08870202828393835","25337.00000","23337.00000"
"1193499372","Домодедово","1","0.22640491536586937","0.02046514828505697","31729.00000","29729.00000"
"1173799222","Толмачёво","3","0.20566250253083992","0.030655425834893262","59498.00000","57498.00000"
"1202368955","Домодедово","2","0.18828309113171515","0.04816840900258374","3971.00000","1971.00000"
"1194855710","Толмачёво","2","0.20656818664995696","0.1179195050924548","2496.00000","496.00000"
"960651798","Домодедово","2","0.2921901921378466","0.016487626194188074","4705.00000","2705.00000"
"980073","Домодедово","3","0.23796424891578732","0.008400973389248638","19142.00000","17142.00000"
"774908231","Домодедово","3","0.21126664103318119","0.021629433751454773","4512.00000","2512.00000"
"1221637419","Домодедово","1","0.16075795544774235","0.03590907161003139","25459.00000","23459.00000"
"262373848","Домодедово","2","0.20409886855295786","0.03175792980153576","13426.00000","11426.00000"
"570823974","Толмачёво","1","0.2610696857421034","0.014812032280892546","2752.00000","752.00000"
"289917132","Толмачёво","1","0.16471985269428796","0.06570506777526057","3479.00000","1479.00000"
"825796683","Домодедово","2","0.19313159168650768","0.10099973371239657","8518.00000","6518.00000"
"567520039","Домодедово","1","0.04362386203093965","0.08872782099447754","15306.00000","13306.00000"
"1029980902","Домодедово","2","0.2274805841380812","0.028358792756288255","8150.00000","6150.00000"
"222586538","Толмачёво","2","0.2384188326830195","0.025822888951037147","10703.00000","8703.00000"
"1213089895","Домодедово","1","0.3053117098229897","0.023170258545903075","12588.00000","10588.00000"
"1227552418","Домодедово","2","0.28654254731065837","0.011444903956673474","7973.00000","5973.00000"
"679694416","Домодедово","2","0.24869865580447076","0.022342161715845677","30485.00000","28485.00000"
"1042768992","Домодедово","3","0.13534194587525122","0.06493012974867331","33884.00000","31884.00000"
"1192221132","Толмачёво","3","0.1590682935931742","0.011162319301230336","32341.00000","30341.00000"
"309730139","Домодедово","4","0.18805761813201635","0.036654391310976364","15431.00000","13431.00000"
"945328853","Домодедово","1","0.07493840893045418","0.05309529708150356","34408.00000","32408.00000"
"1190805556","Толмачёво","1","0.1854291315733035","0.1615118292234056","3306.00000","1306.00000"
"530172451","Толмачёво","4","0.2841174301773807","0.020845083728363058","21583.00000","19583.00000"
"1211727193","Домодедово","2","0.19753083873434546","0.05608632136072204","10353.00000","8353.00000"
"1207057471","Домодедово","2","0.20069073172837282","0.09433750673523926","3439.00000","1439.00000"
"525731081","Толмачёво","1","0.22446130298204092","0.02723703999014624","20400.00000","18400.00000"
"809050149","Домодедово","2","0.30247974016674334","0.03540075096035593","17141.00000","15141.00000"
"1041478531","Толмачёво","1","0.3457189178087508","0.003566997077229336","14980.00000","12980.00000"
"1210630541","Толмачёво","1","0.27899536033390965","0.010848461959767176","19346.00000","17346.00000"
"1208846072","Домодедово","3","0.25622731260768494","0.08877982902696273","2238.00000","238.00000"
"376179817","Домодедово","2","0.23444197049970847","0.028118124228044813","20663.00000","18663.00000"
"1210585191","Толмачёво","3","0.30042451066346637","0.013219800282833961","14733.00000","12733.00000"
"1213363598","Толмачёво","1","0.24743871051993","0.007777533510127496","36480.00000","34480.00000"
"1209201129","Домодедово","1","0.21399249338893073","0.08927500004833999","11997.00000","9997.00000"
"1217416521","Домодедово","1","0.1875271016776771","0.01378005959884785","35487.00000","33487.00000"
"1211581542","Толмачёво","1","0.26903861965815207","0.01106657042226943","30739.00000","28739.00000"
"1206755069","Домодедово","2","0.17102964017505345","0.025250843557128422","10238.00000","8238.00000"
"1218269448","Толмачёво","1","0.18325317776963768","0.018687624906479645","23556.00000","21556.00000"
"1202249139","Домодедово","2","0.2530445910710445","0.015843623044649823","5925.00000","3925.00000"
"1213638026","Толмачёво","1","0.2553353189184731","0.005579471395856039","4442.00000","2442.00000"
"1214775735","Домодедово","2","0.18715057079849412","0.11693560728036612","2205.00000","205.00000"
"1200909624","Домодедово","2","0.2673568679567412","0.006046518384482075","18863.00000","16863.00000"
"273445316","Домодедово","2","0.30285793077108913","0.036915621924521656","20711.00000","18711.00000"
"1211334809","Домодедово","2","0.17174484658258526","0.029909933290608735","22239.00000","20239.00000"
"1033043507","Толмачёво","1","0.22984559031571847","0.08146025384828569","3546.00000","1546.00000"
"1208560694","Толмачёво","2","0.17853744117282289","0.02201848827191529","14488.00000","12488.00000"
"164079130","Домодедово","1","0.06805863975481541","0.1206544501828336","7223.00000","5223.00000"
"270823618","Домодедово","3","0.24703456040569566","0.008263798121146988","45979.00000","43979.00000"
"975155512","Домодедово","1","0.1350650536304003","0.07622804026353286","19692.00000","17692.00000"
"1195014675","Домодедово","1","0.24107075102772402","0.024555620545500225","22799.00000","20799.00000"
"561040099","Толмачёво","3","0.2625772758868177","0.004340189691173633","14869.00000","12869.00000"
"937550111","Толмачёво","1","0.1478131156702775","0.07025553023232442","39311.00000","37311.00000"
"700978800","Домодедово","1","0.08242207475270179","0.05529935505801822","28885.00000","26885.00000"
"1201659154","Домодедово","1","0.10703068890187717","0.05325869351287206","29168.00000","27168.00000"
"248027294","Домодедово","1","0.1232894779018879","0.12122093034812792","16836.00000","14836.00000"
"670776185","Домодедово","2","0.2696642955685311","0.014849740457639109","3647.00000","1647.00000"
"231179748","Домодедово","4","0.3185870833940209","0.00874672558513787","11786.00000","9786.00000"
"164907409","Домодедово","2","0.29339732099453353","0.011650705424921809","34877.00000","32877.00000"
"1077075687","Толмачёво","1","0.18672300207631692","0.0590801918748422","6703.00000","4703.00000"
"1213936408","Толмачёво","1","0.16943872018352918","0.22041801172022693","560.00000","-1440.00000"
"119030305","Домодедово","4","0.22970043394985748","0.01764593549081623","17784.00000","15784.00000"
"1221255811","Домодедово","2","0.19664123711542325","0.031019868241631842","16472.00000","14472.00000"
"1162054501","Толмачёво","2","0.2501240335194474","0.016190017728966114","19085.00000","17085.00000"
"1148101727","Домодедово","3","0.2841683155596387","0.014537028140026555","56071.00000","54071.00000"
"802149891","Домодедово","3","0.2407699811485407","0.03517830191299677","13805.00000","11805.00000"
"1043857078","Толмачёво","2","0.26832110571363305","0.0027549550158809284","8214.00000","6214.00000"
"1051821358","Домодедово","2","0.33907410107103625","0.012767076571524538","2931.00000","931.00000"
"387389961","Толмачёво","2","0.12746309578414508","0.24956663465396106","2578.00000","578.00000"
"1217536989","Домодедово","2","0.22429756822501937","0.0633086999128934","12611.00000","10611.00000"
"1192376845","Домодедово","1","0.18407405972716184","0.027803131138707315","49269.00000","47269.00000"
"219596583","Домодедово","1","0.24281210309644968","0.011163563948427938","21813.00000","19813.00000"
"1039516306","Домодедово","2","0.22209385174148885","0.08388133395403524","12973.00000","10973.00000"
"897028627","Домодедово","1","0.20156707103397298","0.05921392540441061","12355.00000","10355.00000"
"1208786717","Толмачёво","2","0.24476955385851296","0.01241471743005255","25846.00000","23846.00000"
"1208041566","Домодедово","1","0.16146680956391068","0.15954769760937612","5317.00000","3317.00000"
"1218714958","Толмачёво","1","0.21011919320749922","0.03949390956998147","18831.00000","16831.00000"
"1225011849","Толмачёво","1","0.22359310566310475","0.010960804437030203","16021.00000","14021.00000"
"1213755107","Домодедово","2","0.3313053107422296","0.028542967470288564","9194.00000","7194.00000"
"649442454","Толмачёво","1","0.21554267088053639","0.06773486835328568","13413.00000","11413.00000"
"1019618009","Толмачёво","3","0.26372769602093743","0.06555905781288236","4325.00000","2325.00000"
"302512521","Толмачёво","1","0.17107017170418296","0.013165947352357193","5600.00000","3600.00000"
"1031189288","Домодедово","1","0.2930031633061312","0.010881748948875926","20713.00000","18713.00000"
"1192777223","Домодедово","2","0.1582855670477306","0.10532237310226664","19655.00000","17655.00000"
"1020389187","Толмачёво","3","0.2666648083032815","0.037494359093713486","26120.00000","24120.00000"
"727387071","Толмачёво","1","0.05099900963717256","0.1889118432416912","3088.00000","1088.00000"
"262801541","Толмачёво","1","0.2861334382697226","0.012664544668681431","4209.00000","2209.00000"
"1040918655","Домодедово","2","0.16554985387328028","0.1412223926486043","5862.00000","3862.00000"
"628493831","Толмачёво","2","0.11791287495743666","0.06824518054928512","23740.00000","21740.00000"
"784049463","Домодедово","2","0.17849771224195876","0.011428120559619946","26034.00000","24034.00000"
"1073194141","Толмачёво","3","0.16503061621414797","0.037355410657686744","33863.00000","31863.00000"
"1200856006","Домодедово","1","0.25257519102924","0.007416169363368631","12683.00000","10683.00000"
"1042601693","Толмачёво","1","0.13955573235848656","0.15561581636290345","5726.00000","3726.00000"
"894533978","Толмачёво","5","0.2691071192520381","0.008724505223041462","6134.00000","4134.00000"
"510031438","Домодедово","3","0.18706601137770576","0.10179236113898561","2203.00000","203.00000"
"1043004312","Толмачёво","1","0.25175833433994294","0.008942532924440994","7228.00000","5228.00000"
"1046721233","Домодедово","2","0.2033664541969511","0.012612585216072681","16006.00000","14006.00000"
"1219137954","Домодедово","3","0.23469763841509517","0.015849435357952635","11355.00000","9355.00000"
"1223544277","Домодедово","2","0.16556039324712127","0.015368480756880227","12120.00000","10120.00000"
"1223237130","Толмачёво","2","0.17966358845577157","0.01898276086887135","15280.00000","13280.00000"
"1226082430","Толмачёво","1","0.19246442224424942","0.07519294430976584","7180.00000","5180.00000"
"1225697691","Толмачёво","1","0.2860537971538079","0.028659174410801454","21552.00000","19552.00000"
"144999392","Домодедово","1","0.2416801540529253","0.0029441790060630423","3978.00000","1978.00000"
"1273555697","Домодедово","3","0.2358126935868499","0.03809140474757329","2095.00000","95.00000"
"1218838220","Домодедово","1","0.24768648037277322","0.05029704386215622","14560.00000","12560.00000"
"1215924568","Толмачёво","2","0.2076822058822168","0.01732110452541773","20653.00000","18653.00000"
"211701496","Толмачёво","2","0.2830674436640098","0.02040192235582797","2460.00000","460.00000"
"1218496393","Толмачёво","1","0.20822503671869563","0.07711729132452139","9788.00000","7788.00000"
"892021295","Толмачёво","2","0.3110568422774645","0.06642291339667075","5962.00000","3962.00000"
"615271908","Толмачёво","4","0.32051907139718694","0.027264445881521628","12648.00000","10648.00000"
"1036960321","Домодедово","1","0.2585214631605549","0.00911635731718279","20000.00000","18000.00000"
"430491720","Толмачёво","2","0.19140693002639153","0.011825391128025066","53929.00000","51929.00000"
"1041945800","Толмачёво","2","0.26925767555096397","0.007943711283026825","4345.00000","2345.00000"
"1039655369","Толмачёво","1","0.22838082674807156","0.0839118028246461","18254.00000","16254.00000"
"1215487552","Домодедово","2","0.1768323171332881","0.021537494984891242","62163.00000","60163.00000"
"1048948311","Домодедово","1","0.22085678182272264","0.03692760909866744","36771.00000","34771.00000"
"975369084","Домодедово","2","0.2416301349870592","0.01443969645338118","18705.00000","16705.00000"
"1035523013","Домодедово","3","0.26951157918768065","0.027484423422779843","6169.00000","4169.00000"
"747672203","Домодедово","1","0.19233600168253934","0.1329677985126356","5211.00000","3211.00000"
"786170059","Толмачёво","1","0.21396873872520467","0.1226559705279762","3320.00000","1320.00000"
"1044997262","Домодедово","1","0.18407656594768454","0.10216412089194617","5388.00000","3388.00000"
"783609302","Толмачёво","2","0.18326548461225228","0.06327742616159825","2360.00000","360.00000"
"1248708459","Толмачёво","3","0.10140166816333482","0.012068640502643441","84033.00000","82033.00000"
"1035516006","Домодедово","1","0.22442941611964753","0.020890764045335013","45378.00000","43378.00000"
"217437207","Домодедово","1","0.1723590603089537","0.007291734842309203","74073.00000","72073.00000"
"1209886092","Домодедово","2","0.25479915916846535","0.03219950005313013","7339.00000","5339.00000"
"1040099906","Домодедово","1","0.22966008744204583","0.05051629346932621","16344.00000","14344.00000"
"572018843","Толмачёво","1","0.16168952585728275","0.02070380276856893","51650.00000","49650.00000"
"1223696151","Толмачёво","1","0.20602801878156693","0.04801105145598369","3025.00000","1025.00000"
"1035247899","Домодедово","1","0.21211084757179774","0.07905731004052781","18560.00000","16560.00000"
"1206132540","Домодедово","1","0.08683659265140029","0.11471882851284608","8374.00000","6374.00000"
"1062744313","Толмачёво","2","0.28156826259654943","0.03609845399348769","2707.00000","707.00000"
"758496852","Толмачёво","1","0.22017965565193662","0.011242258792876589","51588.00000","49588.00000"
"1207099749","Домодедово","1","0.29096958693297176","0.005575731991584051","3120.00000","1120.00000"
"1222927059","Домодедово","1","0.1806559808460498","0.08676292892721296","3847.00000","1847.00000"
"296272805","Толмачёво","2","0.2665616957293192","0.026992106861019497","12489.00000","10489.00000"
"347105529","Толмачёво","4","0.1204201053501572","0.0048710526626277","101234.00000","99234.00000"
"1207801172","Толмачёво","1","0.2325892121511459","0.038780757686860436","19624.00000","17624.00000"
"865522789","Домодедово","2","0.2778828802652321","0.033373083865017986","12520.00000","10520.00000"
"90849193","Толмачёво","1","0.15643012507959184","0.022415899665590253","18768.00000","16768.00000"
"1038255463","Домодедово","2","0.3074291502967501","0.02908922802539864","11862.00000","9862.00000"
"1190985358","Домодедово","2","0.19876593629965122","0.022091614950931385","16743.00000","14743.00000"
"1215223694","Толмачёво","1","0.1840047598862242","0.1816331479699261","2764.00000","764.00000"
"621083664","Домодедово","2","0.2899058505715536","0.021398137114096952","3221.00000","1221.00000"
"786413013","Толмачёво","3","0.29149413366273774","0.06091638843598924","10459.00000","8459.00000"
"1217428252","Домодедово","1","0.17012416474657635","0.0855984534012354","6207.00000","4207.00000"
"802593473","Домодедово","1","0.16594310195227283","0.06206350486149653","20932.00000","18932.00000"
"1214652728","Домодедово","2","0.16693574161877736","0.04440986468675021","21621.00000","19621.00000"
"326001995","Толмачёво","3","0.19251594625027868","0.0034335499302455457","53937.00000","51937.00000"
"430987643","Толмачёво","3","0.3570212588719589","0.01627461352364499","5425.00000","3425.00000"
"753042359","Домодедово","3","0.29410060971368174","0.009742130318374313","13960.00000","11960.00000"
"385334420","Домодедово","3","0.23943358088448008","0.013852126338867173","69451.00000","67451.00000"
"1172629683","Толмачёво","1","0.23345275562554266","0.013548216691794256","20986.00000","18986.00000"
"1217584862","Толмачёво","2","0.2785171015637045","0.028989829226446367","21310.00000","19310.00000"
"688773996","Домодедово","2","0.23628559801463223","0.04061994744802619","19741.00000","17741.00000"
"620699276","Толмачёво","3","0.19745937291500623","0.10841832555410805","6182.00000","4182.00000"
"1025001413","Толмачёво","1","0.2513190759477797","0.07048417214334907","2350.00000","350.00000"
"1036102017","Домодедово","3","0.29664718697615755","0.0026958648903936317","3756.00000","1756.00000"
"1024773255","Домодедово","3","0.2516777489775433","0.027688378759389815","22760.00000","20760.00000"
"335921590","Толмачёво","3","0.07070082329844285","0.06081743308678591","52202.00000","50202.00000"
"1208405626","Домодедово","1","0.154649301388691","0.01547624359550958","46562.00000","44562.00000"
"1032710582","Толмачёво","1","0.24420387365057442","0.004720780942846541","37843.00000","35843.00000"
"768001406","Толмачёво","3","0.16585153257569257","0.009131376901101284","11801.00000","9801.00000"
"845178524","Толмачёво","2","0.23069595155993455","0.03168401760956741","8515.00000","6515.00000"
"646258763","Толмачёво","3","0.21379984873967978","0.03370223503609976","34557.00000","32557.00000"
"944701592","Домодедово","3","0.22076569581287123","0.014086618804995829","26017.00000","24017.00000"
"1030185255","Толмачёво","2","0.22926962831796693","0.021670049953378102","7854.00000","5854.00000"
"390318632","Толмачёво","3","0.28670104795446033","0.020071528364876454","7423.00000","5423.00000"
"1218903634","Домодедово","1","0.2923639685077774","0.00706567725198332","22885.00000","20885.00000"
"547210280","Толмачёво","1","0.1663325930301143","0.011044418419130621","44748.00000","42748.00000"
"1073424279","Домодедово","2","0.3044040460919851","0.007523267360823878","46822.00000","44822.00000"
"775689286","Толмачёво","1","0.19062024814376896","0.05820579002571532","12065.00000","10065.00000"
"1044908620","Домодедово","2","0.17596599039238625","0.07845154626632236","17669.00000","15669.00000"
"1189660136","Толмачёво","3","0.2275461706114276","0.012189610642245587","16537.00000","14537.00000"
"1218728346","Домодедово","2","0.1471314142837716","0.08588066262472838","9577.00000","7577.00000"
"967317913","Толмачёво","1","0.11581695264682541","0.11304637212267997","13037.00000","11037.00000"
"138009398","Толмачёво","2","0.25206191269719286","0.023846076126246524","27175.00000","25175.00000"
"1076711078","Толмачёво","2","0.20821765875144266","0.06652194238704459","12056.00000","10056.00000"
"534328439","Домодедово","2","0.12715151424530105","0.029529410623841353","50989.00000","48989.00000"
"858078731","Домодедово","1","0.22705960653339588","0.020334865546182836","33497.00000","31497.00000"
"909990009","Толмачёво","3","0.21416147156648632","0.10797015661455801","5594.00000","3594.00000"
"393238909","Толмачёво","3","0.2832324070647395","0.002122003087065778","25570.00000","23570.00000"
"1327891336","Домодедово","2","0.19887122082719316","0.0684675897119966","2762.00000","762.00000"
"1191596192","Толмачёво","2","0.24926950031694295","0.10130726876841623","4227.00000","2227.00000"
"365828357","Домодедово","3","0.27972915826370337","0.01948043270410094","18995.00000","16995.00000"
"1033085254","Домодедово","2","0.2616722724631686","0.00980969364593589","12562.00000","10562.00000"
"1038080673","Толмачёво","1","0.22186917460222869","0.01615113322240525","23079.00000","21079.00000"
"868765890","Толмачёво","1","0.25447242864710934","0.12141582027680123","2749.00000","749.00000"
"801258903","Толмачёво","4","0.23114696154276107","0.003048008916213114","61122.00000","59122.00000"
"323764424","Толмачёво","1","0.21398290917485405","0.0033641617132607574","22432.00000","20432.00000"
"559288487","Домодедово","2","0.31259622596196046","0.0481036135135825","13311.00000","11311.00000"
"1194103133","Толмачёво","1","0.28628295746208576","0.00862569090328288","4070.00000","2070.00000"
"1207249347","Толмачёво","1","0.16900220539419192","0.05243345077759739","14499.00000","12499.00000"
"780642125","Домодедово","1","0.2029408777542317","0.02474061919021794","36805.00000","34805.00000"
"1215617503","Толмачёво","2","0.2331690887846308","0.006816132670395182","19094.00000","17094.00000"
"1196144075","Толмачёво","3","0.18687622698369977","0.01369894416108257","29482.00000","27482.00000"
"899934379","Домодедово","3","0.25218950461927025","0.02618459123542873","18021.00000","16021.00000"
"359562440","Домодедово","2","0.18575812379587603","0.014079305289566696","18173.00000","16173.00000"
"1214138787","Толмачёво","1","0.17101013034527315","0.16861507411241894","2146.00000","146.00000"
"1200187236","Толмачёво","1","0.22978090826300146","0.005696672970711275","24003.00000","22003.00000"
"506619453","Толмачёво","2","0.025630001723894586","0.023010524773577824","102947.00000","100947.00000"
"1213284004","Домодедово","2","0.2788434280912269","0.015429408599946074","22982.00000","20982.00000"
"870961663","Домодедово","4","0.28349244266027035","0.0045191327605807845","15801.00000","13801.00000"
"164226279","Толмачёво","2","0.24619343802285265","0.021193877693689297","39516.00000","37516.00000"
"642816726","Толмачёво","2","0.15742191793389326","0.16491497750605896","2469.00000","469.00000"
"668040263","Толмачёво","1","0.09309263228576532","0.11437087944820211","22155.00000","20155.00000"
"1208025336","Домодедово","2","0.2172215490170372","0.06244401572045265","3826.00000","1826.00000"
"669338066","Толмачёво","1","0.3020527698040969","0.027012710424652534","8125.00000","6125.00000"
"782487207","Толмачёво","1","0.16527926110271515","0.1034299918855486","12563.00000","10563.00000"
"1208963664","Толмачёво","2","0.33778101655760784","0.03687422910795009","2157.00000","157.00000"
"734158072","Домодедово","3","0.23781619003143983","0.009868731296351286","15585.00000","13585.00000"
"808009640","Толмачёво","2","0.2578029506092136","0.047136317467339345","14110.00000","12110.00000"
"1035025967","Толмачёво","2","0.26186431907975605","0.009498500276179473","7014.00000","5014.00000"
"1225804586","Домодедово","1","0.2543700197038346","0.09477293926778174","8619.00000","6619.00000"
"1025887483","Домодедово","1","0.2248179678067935","0.0386687985393649","10808.00000","8808.00000"
"1191441325","Толмачёво","2","0.2040748503918774","0.06763498591533365","10216.00000","8216.00000"
"1038626956","Домодедово","2","0.22115777413848708","0.03636282855620736","17350.00000","15350.00000"
"751189288","Толмачёво","2","0.23388127757409846","0.017358850996337986","13293.00000","11293.00000"
"1026833662","Домодедово","2","0.2561739311284602","0.026110880612853517","4426.00000","2426.00000"
"1327659463","Домодедово","2","0.19221560977297936","0.02191002440481941","17418.00000","15418.00000"
"943337280","Домодедово","1","0.22882382389162664","0.02313885494410753","21837.00000","19837.00000"
"273228286","Толмачёво","2","0.27195492168166696","0.0027695561794528843","63088.00000","61088.00000"
"363172312","Домодедово","1","0.2686126295859465","0.0210727735340277","8563.00000","6563.00000"
"993517927","Домодедово","1","0.2503871363867769","0.011518299026750852","18764.00000","16764.00000"
"863809375","Толмачёво","1","0.1922334777297107","0.05677761630165369","41183.00000","39183.00000"
"1029074406","Домодедово","1","0.28899769746800746","0.005584615004740733","2193.00000","193.00000"
"1057583397","Толмачёво","1","0.17430326996538512","0.004222122593969753","39057.00000","37057.00000"
"632209633","Толмачёво","2","0.09993487323551305","0.06918667444232678","26717.00000","24717.00000"
"1035953258","Толмачёво","2","0.21269001960128428","0.05544832165241857","8538.00000","6538.00000"
"1172015517","Домодедово","1","0.19879379898849622","0.024528208994601296","35733.00000","33733.00000"
"1043286979","Домодедово","2","0.19332959480454756","0.04419322050608896","21566.00000","19566.00000"
"1170856034","Толмачёво","1","0.16498730792890695","0.05800100484562526","9260.00000","7260.00000"
"1204203007","Толмачёво","3","0.2068635298472189","0.028335274875270364","59699.00000","57699.00000"
"1221084201","Толмачёво","3","0.20722859194552404","0.01747892299804677","22728.00000","20728.00000"
"1219743815","Домодедово","1","0.14867852903909246","0.14484057912207354","5885.00000","3885.00000"
"598713","Домодедово","2","0.24551041204061697","0.001393500447145849","32264.00000","30264.00000"
"124475658","Толмачёво","2","0.24507167173568972","0.023570580563360453","4768.00000","2768.00000"
"207017337","Толмачёво","3","0.2949155588864475","0.010092359989036723","22237.00000","20237.00000"
"650859440","Домодедово","2","0.14897165145453495","0.06934081891497079","18155.00000","16155.00000"
"993994252","Толмачёво","3","0.21725830636814691","0.020260029405923512","36176.00000","34176.00000"
"380375491","Домодедово","3","0.18471569436043175","0.01908367623230249","15697.00000","13697.00000"
"397499249","Толмачёво","1","0.28011918593843704","0.005246490532532324","26189.00000","24189.00000"
"1217753628","Толмачёво","2","0.2457636448050151","0.1560810824684325","2625.00000","625.00000"
"1327841024","Толмачёво","2","0.2911542989832687","0.02678744105707893","2025.00000","25.00000"
"1042682066","Домодедово","2","0.21480228047871375","0.06036548167457511","16952.00000","14952.00000"
"1216443003","Толмачёво","1","0.11986181618823777","0.040315650200853946","45379.00000","43379.00000"
"1024524924","Толмачёво","2","0.2611713168294406","0.08044961090544477","12383.00000","10383.00000"
"1043141231","Толмачёво","2","0.2140157919825278","0.020044678741166","8048.00000","6048.00000"
"20949597","Домодедово","4","0.24229468767537043","0.0069943404111643525","40510.00000","38510.00000"
"370923490","Домодедово","1","0.11536930301070686","0.021261885095529894","92703.00000","90703.00000"
"852262231","Толмачёво","1","0.1736010799900404","0.01965975002337115","3548.00000","1548.00000"
"1210175695","Толмачёво","1","0.18289732817668072","0.009138021103465675","17322.00000","15322.00000"
"319008795","Толмачёво","1","0.2737813384229436","0.10558024268765216","5214.00000","3214.00000"
"280922634","Домодедово","2","0.23911322084790532","0.030589198939659366","10705.00000","8705.00000"
"1221692372","Домодедово","2","0.1870806037966214","0.07050094238699456","5451.00000","3451.00000"
"1214505926","Толмачёво","2","0.1417317240217087","0.035512984883209066","56784.00000","54784.00000"
"905777807","Толмачёво","2","0.15646361925996055","0.14447774555588638","2382.00000","382.00000"
"346498661","Толмачёво","2","0.28505844603005154","0.0179322341794067","45111.00000","43111.00000"
"1030313924","Толмачёво","1","0.2960416518664845","0.018077993128631783","25796.00000","23796.00000"
"1207633021","Домодедово","1","0.11259529681123502","0.1454504491734902","7390.00000","5390.00000"
"996277165","Толмачёво","3","0.24525560793852302","0.021822206807632655","45973.00000","43973.00000"
"1024683079","Домодедово","3","0.3611764003994426","0.009848483683806778","10888.00000","8888.00000"
"404460078","Толмачёво","1","0.17915778344466113","0.09797079165121826","3084.00000","1084.00000"
"1185888934","Домодедово","4","0.21360685560673096","0.022894781491071176","6627.00000","4627.00000"
"972395101","Толмачёво","3","0.26158023231136873","0.0015196705077058106","8643.00000","6643.00000"
"740996367","Толмачёво","2","0.22579197305331006","0.06725417181386509","14025.00000","12025.00000"
"1166531371","Домодедово","3","0.22031409948782799","0.030552733512208136","16489.00000","14489.00000"
"907073059","Домодедово","5","0.2843362668785563","0.008078513100890866","29626.00000","27626.00000"
"1224013908","Толмачёво","1","0.23371706050329497","0.009898676517875547","55912.00000","53912.00000"
"1035474611","Толмачёво","1","0.18465954802583304","0.0075357758842352065","68519.00000","66519.00000"
"1218272250","Толмачёво","1","0.29342497730392997","0.007298910428100274","2533.00000","533.00000"
"864881211","Домодедово","1","0.19179839851768876","0.08176132071112784","5565.00000","3565.00000"
"209851800","Толмачёво","1","0.2348860213664076","0.027568776946342837","24055.00000","22055.00000"
"378811812","Толмачёво","1","0.27903802835842095","0.07203658839213929","12549.00000","10549.00000"
"618718780","Толмачёво","1","0.15180754599527843","0.0292020398606795","58394.00000","56394.00000"
"1210934571","Домодедово","2","0.22948074516797","0.03761279542744556","27432.00000","25432.00000"
"518214207","Домодедово","4","0.22789892203205242","0.005299521931203145","56312.00000","54312.00000"
"568949949","Толмачёво","2","0.1780096636324461","0.019819775214644612","36316.00000","34316.00000"
"1216975343","Толмачёво","1","0.2710030033399181","0.00687626307868805","43006.00000","41006.00000"
"386234749","Толмачёво","1","0.26194029320689655","0.17428755941801954","2789.00000","789.00000"
"235367470","Толмачёво","2","0.29314107694049607","0.0395573375766477","7618.00000","5618.00000"
"363127661","Толмачёво","2","0.17152801198175952","0.006357334605238919","60133.00000","58133.00000"
"993989539","Толмачёво","1","0.2550236228199445","0.005170746683085929","31531.00000","29531.00000"
"1209839360","Толмачёво","2","0.23977626765117635","0.04623249705612667","9164.00000","7164.00000"
"1213470518","Домодедово","1","0.21772868679915722","0.03686333803335348","32072.00000","30072.00000"
"746857368","Толмачёво","2","0.22192906148620709","0.025871711033166885","10261.00000","8261.00000"
"1040803156","Толмачёво","3","0.257038115112237","0.03241669013277251","12608.00000","10608.00000"
"1162077148","Домодедово","2","0.22529585971355814","0.11578579885343926","3478.00000","1478.00000"
"971382919","Домодедово","3","0.26700462750954695","0.01807731329450816","8684.00000","6684.00000"
"209020169","Домодедово","2","0.2901698811148988","0.022662911460968035","5572.00000","3572.00000"
"1201099493","Домодедово","1","0.23278445789421043","0.026044368734448067","7819.00000","5819.00000"
"1044895867","Домодедово","1","0.28104467992012044","0.00915585642786434","14088.00000","12088.00000"
"316106865","Домодедово","2","0.0745085518751069","0.06194148929526576","32436.00000","30436.00000"
"786144478","Толмачёво","3","0.23882123392319052","0.007687357462726677","53495.00000","51495.00000"
"1216252059","Домодедово","2","0.14264704777042772","0.07179248131417777","21908.00000","19908.00000"
"1040060141","Домодедово","2","0.26855325514090794","0.012352472242423864","18237.00000","16237.00000"
"963113910","Домодедово","3","0.1785359464843111","0.019258357965554095","76656.00000","74656.00000"
"1213236479","Толмачёво","1","0.12335908234438514","0.031193458981298307","64513.00000","62513.00000"
"267246074","Домодедово","3","0.2758362757342811","0.058727264647131815","8964.00000","6964.00000"
"1028714692","Толмачёво","1","0.29417086213825744","0.005281741626627328","9243.00000","7243.00000"
"1217522335","Толмачёво","2","0.21213683634901262","0.030349281904440403","8946.00000","6946.00000"
"1223334162","Толмачёво","2","0.24448125827021222","0.009966105333396898","38478.00000","36478.00000"
"1034219506","Домодедово","3","0.24401682364243213","0.008335472190071061","30721.00000","28721.00000"
"1216193680","Домодедово","2","0.2599674191391658","0.043728994953516405","6687.00000","4687.00000"
"390719722","Домодедово","1","0.10946791817748064","0.16931726893512952","7617.00000","5617.00000"
"1221822944","Домодедово","1","0.2718007571332703","0.004073373557134794","15854.00000","13854.00000"
"1221356714","Домодедово","1","0.41218586898636517","0.007886717316364807","15546.00000","13546.00000"
"746141033","Толмачёво","3","0.23766109946645148","0.011177777411791682","19739.00000","17739.00000"
"341503500","Домодедово","3","0.2933474545464562","0.002860086170944161","12841.00000","10841.00000"
"564449176","Домодедово","3","0.18932242918095596","0.01496506577896835","34096.00000","32096.00000"
"1206031523","Домодедово","1","0.18086473254367494","0.14209743345474987","2757.00000","757.00000"
"249446643","Домодедово","4","0.3807318057571306","0.004597623773369919","",""
"1221035570","Толмачёво","2","0.2696323618737434","0.048444326626216436","7430.00000","5430.00000"
"383204492","Домодедово","3","0.15200820156097927","0.06393833637500589","14834.00000","12834.00000"
"1199868022","Толмачёво","2","0.19750433919298135","0.08438971486904111","10069.00000","8069.00000"
"526779064","Домодедово","3","0.26815706464446876","0.008970517448485982","12867.00000","10867.00000"
"1063381589","Толмачёво","2","0.2861336151158871","0.01434476415260306","12640.00000","10640.00000"
"1219946326","Толмачёво","2","0.23508732300031163","0.016481518135182848","7321.00000","5321.00000"
"1216677121","Толмачёво","2","0.2566824441220873","0.006433998434807805","8736.00000","6736.00000"
"1168073042","Толмачёво","1","0.2093882170868353","0.05618823829841148","26162.00000","24162.00000"
"621348963","Толмачёво","1","0.220777776201603","0.025475739217773956","27074.00000","25074.00000"
"1031160536","Толмачёво","2","0.21751246793746185","0.034102908865961366","15902.00000","13902.00000"
"1034604582","Толмачёво","1","0.1763115232006618","0.08128333612037313","23172.00000","21172.00000"
"504241090","Толмачёво","1","0.2383725021304788","0.0278588454535314","14480.00000","12480.00000"
"374608399","Толмачёво","4","0.2608365191144212","0.010119778024995158","24281.00000","22281.00000"
"1215347286","Домодедово","2","0.2677881162157476","0.011602805803261403","3461.00000","1461.00000"
"1208767620","Домодедово","1","0.21533012659705916","0.025355052744512926","25585.00000","23585.00000"
"1209208420","Толмачёво","1","0.19603741767128116","0.0413403217126747","6683.00000","4683.00000"
"366000238","Толмачёво","4","0.29815214248966015","0.023478535380926303","3455.00000","1455.00000"
"1225747320","Домодедово","1","0.20961423963754952","0.01639210832402551","36819.00000","34819.00000"
"680123740","Толмачёво","1","0.17122034494945138","0.013417220908404179","13810.00000","11810.00000"
"1034209783","Домодедово","2","0.28703268182639774","0.01793055909112522","10663.00000","8663.00000"
"1085099626","Толмачёво","1","0.08437769023984176","0.08051536537250611","30314.00000","28314.00000"
"1216311103","Толмачёво","2","0.19271675031385987","0.03861438712974886","24208.00000","22208.00000"
"316041916","Толмачёво","3","0.13135355802825066","0.02836576755430617","45174.00000","43174.00000"
"970852391","Толмачёво","2","0.22488143811197228","0.02201055338475269","28327.00000","26327.00000"
"1217817690","Толмачёво","1","0.30764616763445474","0.0063828068753338","11841.00000","9841.00000"
"264460575","Толмачёво","3","0.17275634181166155","0.01690488087893327","75423.00000","73423.00000"
"1216504776","Домодедово","1","0.25974106937780617","0.013724439459086748","20526.00000","18526.00000"
"815926749","Толмачёво","2","0.1660287897714338","0.024143110767232384","74040.00000","72040.00000"
"394993550","Домодедово","1","0.19688108457739437","0.006358377823664074","26499.00000","24499.00000"
"1043579635","Домодедово","3","0.22431141034770974","0.006729036626218723","28503.00000","26503.00000"
"1028877590","Домодедово","1","0.1759078462773766","0.026972100180657953","18838.00000","16838.00000"
"998187139","Толмачёво","1","0.23307881581544834","0.03498864609105737","12240.00000","10240.00000"
"527099386","Толмачёво","1","0.19842874364840674","0.10894607800468284","5792.00000","3792.00000"
"1207883493","Домодедово","3","0.21101612620861268","0.018995782395317354","12005.00000","10005.00000"
"608926392","Домодедово","3","0.3929517860313845","0.002013334041124484","8532.00000","6532.00000"
"1039496838","Домодедово","1","0.23674313200569047","0.021311008705516353","18167.00000","16167.00000"
"729639421","Толмачёво","4","0.29187845314016336","0.0077764935487792735","10475.00000","8475.00000"
"689898759","Толмачёво","1","0.24558598705875878","0.009825002702861813","20495.00000","18495.00000"
"1217879401","Домодедово","2","0.31666335239719773","0.024603170934071817","2499.00000","499.00000"
"1209912286","Домодедово","3","0.20483715237599215","0.03525933840045959","3886.00000","1886.00000"
"1042664840","Толмачёво","2","0.2123625702330199","0.046697592274506504","7875.00000","5875.00000"
"828678251","Домодедово","1","0.3488758487822783","0.003380508618601659","7485.00000","5485.00000"
"1214211134","Толмачёво","3","0.17025927037316926","0.018589603107719583","9096.00000","7096.00000"
"701539898","Толмачёво","1","0.2895406235128199","0.05498542903160042","18906.00000","16906.00000"
"527658108","Толмачёво","2","0.2441243450105408","0.019725140170803956","18472.00000","16472.00000"
"696631859","Домодедово","2","0.27659687532112953","0.0041130578052502205","17284.00000","15284.00000"
"1071685753","Домодедово","2","0.2189964118344791","0.008355557011252115","44436.00000","42436.00000"
"1205274995","Толмачёво","2","0.19630368165205297","0.04662560980369404","20853.00000","18853.00000"
"1044040423","Домодедово","1","0.307290169330528","0.02056304853617814","9715.00000","7715.00000"
"1196371490","Домодедово","1","0.11422184229823307","0.21787223822406548","3015.00000","1015.00000"
"1042324020","Толмачёво","2","0.2753028368084282","0.008832907053596493","31432.00000","29432.00000"
"624837634","Толмачёво","1","0.25299435689483646","0.13154631863799193","3514.00000","1514.00000"
"1029025556","Толмачёво","3","0.2788991577191226","0.002632509077146153","13657.00000","11657.00000"
"385334580","Толмачёво","3","0.21754114777377886","0.034125347863301465","19207.00000","17207.00000"
"1327894754","Толмачёво","1","0.17830554147315067","0.15586779249008487","2154.00000","154.00000"
"755823422","Толмачёво","1","0.1676297686097386","0.07116354232667778","33298.00000","31298.00000"
"1031691955","Толмачёво","1","0.22543875783388806","0.014385729852310966","12541.00000","10541.00000"
"1027596366","Домодедово","2","0.3753956535132985","0.0010741491095100188","3473.00000","1473.00000"
"1211478534","Домодедово","1","0.2124208279016699","0.01775113226270977","19702.00000","17702.00000"
"1221133395","Толмачёво","2","0.24050312452853806","0.008540063855843091","3977.00000","1977.00000"
"1207672575","Толмачёво","1","0.2410382246352484","0.0635313162292687","3363.00000","1363.00000"
"1214615457","Домодедово","2","0.2640653731606237","0.03311626207004204","14446.00000","12446.00000"
"361457931","Толмачёво","4","0.11083416175941904","0.02833112219766129","76444.00000","74444.00000"
"1224066556","Толмачёво","2","0.22356500131066048","0.09541656570575198","2852.00000","852.00000"
"1213840657","Домодедово","2","0.2619706465942295","0.018755679535742736","10585.00000","8585.00000"
"1008596452","Толмачёво","1","0.2421303351840893","0.06253889402382413","4356.00000","2356.00000"
"1029706547","Домодедово","3","0.18938505852684623","0.0047360903876068755","41691.00000","39691.00000"
"1045051945","Домодедово","1","0.27263404012684145","0.034373650139631465","6939.00000","4939.00000"
"534964034","Домодедово","3","0.28718111916594197","0.02026196155747632","10746.00000","8746.00000"
"745231060","Домодедово","4","0.21051157495934283","0.027154856823681597","21682.00000","19682.00000"
"1205306156","Домодедово","1","0.1871537767828513","0.010416141630104587","29889.00000","27889.00000"
"1249003246","Толмачёво","3","0.21032126796221065","0.048771895653591","11029.00000","9029.00000"
"213826809","Толмачёво","1","0.26451313243486413","0.06260821009696654","6931.00000","4931.00000"
"1212547069","Домодедово","2","0.2824452332478588","0.00788545557705963","14689.00000","12689.00000"
"1226005052","Домодедово","2","0.21191956887525676","0.03975182312266424","14700.00000","12700.00000"
"943918115","Домодедово","2","0.3124116968604349","0.023378922496964372","17355.00000","15355.00000"
"869830527","Домодедово","2","0.2581837407719599","0.026305277529248598","8357.00000","6357.00000"
"351353664","Толмачёво","1","0.26410233085149903","0.017112390949553802","14421.00000","12421.00000"
"1218377666","Домодедово","2","0.2049554855528244","0.012756371198265172","16819.00000","14819.00000"
"385382496","Толмачёво","2","0.22762491062498028","0.06875179634244567","3643.00000","1643.00000"
"140435707","Толмачёво","3","0.1691215813444231","0.014210101276011123","68371.00000","66371.00000"
"1036470721","Толмачёво","1","0.23425932500045998","0.06231102570121845","5762.00000","3762.00000"
"799884766","Домодедово","2","0.17505985550374323","0.07306227056654109","5811.00000","3811.00000"
"1224567323","Толмачёво","2","0.2127638852923704","0.027524738013859313","32138.00000","30138.00000"
"1220548682","Домодедово","2","0.2646219528116578","0.03551938745362039","8181.00000","6181.00000"
"1205764094","Толмачёво","1","0.28942646017894635","0.036753911839936676","9351.00000","7351.00000"
"705361334","Домодедово","2","0.16088975574715156","0.01135815058975775","66738.00000","64738.00000"
"1218625585","Толмачёво","3","0.2641015710384903","0.008105711367584633","8546.00000","6546.00000"
"1224683671","Толмачёво","2","0.20859989872459034","0.03997635590841318","23881.00000","21881.00000"
"702565878","Толмачёво","2","0.30258481130877674","0.01331838698718859","26497.00000","24497.00000"
"113075121","Толмачёво","4","0.22382233248974115","0.0057438082364831815","53050.00000","51050.00000"
"770733904","Толмачёво","2","0.15855642015230523","0.005184008645603103","15637.00000","13637.00000"
"239653508","Толмачёво","1","0.24167230645801996","0.01111137459058215","10285.00000","8285.00000"
"1214965253","Толмачёво","1","0.18330240178866444","0.010541277396785745","30316.00000","28316.00000"
"544901047","Домодедово","4","0.3751489934187964","0.002054942461253589","2943.00000","943.00000"
"809857995","Толмачёво","3","0.22060104478416542","0.009415009734462557","48985.00000","46985.00000"
"600585951","Толмачёво","2","0.12851578801724645","0.07060959576917376","18429.00000","16429.00000"
"1215995400","Домодедово","2","0.2076147745335266","0.1108563832229579","3206.00000","1206.00000"
"1209165875","Домодедово","1","0.12353982196862164","0.15036600479409362","3949.00000","1949.00000"
"326581091","Толмачёво","3","0.17821347487108694","0.04266374385269145","2549.00000","549.00000"
"159303645","Домодедово","2","0.1683227875173121","0.012332270485859465","29019.00000","27019.00000"
"1210063882","Толмачёво","2","0.18030661046123878","0.08109309539124833","14050.00000","12050.00000"
"1210048000","Толмачёво","1","0.13848769550976806","0.15721623970968146","2683.00000","683.00000"
"1201173549","Толмачёво","2","0.2778961855908694","0.031253965226728915","2713.00000","713.00000"
"697014192","Толмачёво","2","0.19401627884027037","0.10471608435943576","6194.00000","4194.00000"
"1185687675","Толмачёво","2","0.23566940123606564","0.055385203476132606","13760.00000","11760.00000"
"1216757940","Домодедово","1","0.2826640314135555","0.01792849281649995","9649.00000","7649.00000"
"807295218","Толмачёво","1","0.24742044037877658","0.0495671765772826","12810.00000","10810.00000"
"776461114","Домодедово","1","0.27027124962813137","0.1845772375202946","2896.00000","896.00000"
"1203337338","Толмачёво","4","0.22264221663718392","0.015473408682609411","45214.00000","43214.00000"
"1212567721","Толмачёво","1","0.28532006163751333","0.05411172411938651","3206.00000","1206.00000"
"1218681353","Домодедово","2","0.26622729804549344","0.0573551991142014","3090.00000","1090.00000"
"801253827","Домодедово","1","0.23004903215315486","0.07505616277931637","10333.00000","8333.00000"
"1203146077","Домодедово","1","0.24081288371961426","0.010393774967524862","22766.00000","20766.00000"
"1007393604","Домодедово","1","0.2061659257907567","0.08801256180883665","15682.00000","13682.00000"
"333166846","Толмачёво","1","0.2156986866802295","0.050500547647614816","28962.00000","26962.00000"
"1211081013","Домодедово","1","0.244104165557535","0.013860023737309882","13784.00000","11784.00000"
"1223646704","Домодедово","2","0.2773940571558644","0.024194760299799615","2960.00000","960.00000"
"1209908719","Толмачёво","2","0.1772418107236177","0.028471804988235906","49037.00000","47037.00000"
"138954017","Домодедово","1","0.1314254891416702","0.04556130418939774","67249.00000","65249.00000"
"944181775","Толмачёво","1","0.15170941054030154","0.09845396444867605","9766.00000","7766.00000"
"1197060207","Толмачёво","1","0.1870187643475572","0.08876858992462554","5063.00000","3063.00000"
"1193199681","Толмачёво","2","0.2701766657943988","0.03239408750424615","3493.00000","1493.00000"
"1220006004","Домодедово","2","0.19181635213790144","0.07933815184682812","4842.00000","2842.00000"
"396412610","Домодедово","1","0.23777865385543473","0.008775145620376873","36702.00000","34702.00000"
"251199845","Толмачёво","1","0.07089667583486255","0.021086080738982577","32942.00000","30942.00000"
"665048075","Толмачёво","1","0.20670808410354138","0.09300745350405157","10897.00000","8897.00000"
"1035089706","Толмачёво","2","0.1978151173457673","0.01632195712695031","53272.00000","51272.00000"
"1209790539","Домодедово","2","0.1656971446232556","0.09056623971315211","13171.00000","11171.00000"
"1175761914","Толмачёво","2","0.27358654882324757","0.007807290002214632","13712.00000","11712.00000"
"1328017563","Домодедово","1","0.1632105338461357","0.02428869095815415","12746.00000","10746.00000"
"1224180879","Домодедово","1","0.08024850008197432","0.1303944567774506","11037.00000","9037.00000"
"1219376512","Толмачёво","1","0.20931804195719042","0.029801879111426642","12451.00000","10451.00000"
"777177352","Домодедово","2","0.11903202267985054","0.039740004657157296","20538.00000","18538.00000"
"427090128","Толмачёво","2","0.22944432244936597","0.04258412501696202","12235.00000","10235.00000"
"1191171205","Толмачёво","1","0.2577939160543959","0.005658887771266628","14559.00000","12559.00000"
"901732859","Толмачёво","1","0.17394235683099715","0.13685318392174395","15053.00000","13053.00000"
"1216672888","Толмачёво","2","0.27127311865461173","0.006556288739770092","8610.00000","6610.00000"
"765752863","Домодедово","1","0.10278786472493762","0.18903886787636526","4727.00000","2727.00000"
"800798059","Толмачёво","1","0.1691611608145338","0.16235870678545775","5057.00000","3057.00000"
"1217195263","Домодедово","1","0.23073759328385052","0.013996088537969147","13231.00000","11231.00000"
"1036274140","Толмачёво","1","0.2124580533301417","0.02602118871697018","22566.00000","20566.00000"
"1044296567","Домодедово","2","0.19550321868882753","0.021295417989477514","23009.00000","21009.00000"
"596864386","Толмачёво","2","0.18718138884535324","0.011921543023185288","28480.00000","26480.00000"
"617161524","Домодедово","3","0.15693474874473032","0.056176791784932116","4504.00000","2504.00000"
"968974709","Толмачёво","1","0.14039176020140876","0.09855172002008498","34177.00000","32177.00000"
"1216800235","Толмачёво","2","0.17858735027133307","0.06536681549102608","14450.00000","12450.00000"
"1213610241","Домодедово","2","0.2288511419118176","0.01588270570885404","43206.00000","41206.00000"
"1031207008","Домодедово","1","0.17015032989523105","0.03143921647774835","33572.00000","31572.00000"
"362941197","Домодедово","4","0.21005484830520574","0.0033496974895489773","34597.00000","32597.00000"
"863499467","Домодедово","3","0.18749855768473844","0.019831421251876712","67001.00000","65001.00000"
"1211058524","Домодедово","1","0.1407876536667299","0.18740621091393292","2896.00000","896.00000"
"1207032146","Домодедово","2","0.2633404318550241","0.037441211664596345","3143.00000","1143.00000"
"1040542152","Толмачёво","1","0.16218878742931297","0.02781739316634467","38617.00000","36617.00000"
"97418666","Толмачёво","1","0.10139825522860209","0.03136138271734091","33924.00000","31924.00000"
"1207042531","Толмачёво","2","0.2513765482753182","0.017919782257485403","4742.00000","2742.00000"
"367872870","Толмачёво","1","0.2563416428947668","0.012247651781124528","42562.00000","40562.00000"
"890386748","Домодедово","1","0.08762978287784919","0.2267956287229421","3535.00000","1535.00000"
"733585217","Домодедово","2","0.35729693922196004","0.028220597871536267","11624.00000","9624.00000"
"1225813531","Домодедово","2","0.18152507752570132","0.0366731419353148","26035.00000","24035.00000"
"236530924","Домодедово","3","0.18937756342381976","0.022167771200133808","33224.00000","31224.00000"
"610078295","Домодедово","1","0.16554315572783096","0.016497031336084784","28774.00000","26774.00000"
"1204722866","Домодедово","2","0.19658947172250182","0.07567903529244804","10375.00000","8375.00000"
"967801844","Домодедово","1","0.11295509259533923","0.04433557679402177","83252.00000","81252.00000"
"1055453580","Домодедово","1","0.2428658406111564","0.04841563373599612","26186.00000","24186.00000"
"1187066238","Домодедово","2","0.27180639320934247","0.013715472988766447","33184.00000","31184.00000"
"213587189","Домодедово","2","0.1881013378399485","0.10246626568865809","2039.00000","39.00000"
"751981179","Толмачёво","2","0.12066445109084402","0.03458684714664896","70382.00000","68382.00000"
"1215039405","Толмачёво","2","0.2310214653983982","0.018321557670027182","5917.00000","3917.00000"
"996420797","Домодедово","2","0.24611928996753407","0.023558158677135704","2349.00000","349.00000"
"1165710203","Толмачёво","2","0.26107823526752466","0.0186321741001034","15466.00000","13466.00000"
"906463252","Домодедово","2","0.28118197062863104","0.05524027951916005","5999.00000","3999.00000"
"561775681","Домодедово","2","0.23948546429798934","0.09265710444888714","10733.00000","8733.00000"
"1225457417","Толмачёво","1","0.1593450893616521","0.07817059446122744","10984.00000","8984.00000"
"1192511454","Толмачёво","2","0.260744967794155","0.014893969597846213","7663.00000","5663.00000"
"1199830122","Домодедово","1","0.13517614550377702","0.0969878783506286","22877.00000","20877.00000"
"865969843","Домодедово","1","0.2711385186943941","0.00885236078105696","6010.00000","4010.00000"
"894528257","Толмачёво","3","0.22254258313029412","0.02481085536599165","59046.00000","57046.00000"
"1035378874","Домодедово","3","0.258401330074762","0.016726386956520047","10816.00000","8816.00000"
"249458135","Домодедово","3","0.2070642452694899","0.04840316243912985","12668.00000","10668.00000"
"1207334295","Толмачёво","1","0.2597993495414606","0.014273692156428057","15209.00000","13209.00000"
"694559186","Домодедово","1","0.250522547040876","0.003808488343191242","37574.00000","35574.00000"
"1214124038","Домодедово","2","0.20800325400675157","0.11309969265872147","8545.00000","6545.00000"
"360678951","Толмачёво","2","0.23834212945637195","0.007711486991912616","4630.00000","2630.00000"
"274997637","Толмачёво","2","0.21442024922625122","0.011911915946229219","24755.00000","22755.00000"
"771139345","Домодедово","2","0.17760589240405986","0.09304725095970792","13788.00000","11788.00000"
"218014028","Толмачёво","1","0.3442713622885658","0.12891675038771622","3711.00000","1711.00000"
"697574031","Толмачёво","2","0.2541487214813425","0.07130777381793865","14333.00000","12333.00000"
"956776710","Толмачёво","2","0.249316308908155","0.013958909254358685","31493.00000","29493.00000"
"1042041633","Толмачёво","1","0.12498326959271842","0.10845968501352778","22550.00000","20550.00000"
"1027375775","Домодедово","3","0.1994198936501493","0.0323954017197206","8035.00000","6035.00000"
"1204780253","Толмачёво","2","0.28736412955994556","0.05870768907429686","4136.00000","2136.00000"
"694231476","Толмачёво","1","0.208367343243569","0.06473123712050936","8750.00000","6750.00000"
"1040289619","Толмачёво","3","0.16776578716851237","0.012457329622500207","16874.00000","14874.00000"
"694640252","Толмачёво","4","0.2781759526045272","0.006798345010088193","35494.00000","33494.00000"
"1044974311","Толмачёво","1","0.10220078029536597","0.0720869572859127","32222.00000","30222.00000"
"399324336","Толмачёво","2","0.1358933826963852","0.025728522498488098","19544.00000","17544.00000"
"892329621","Толмачёво","2","0.05901033231633964","0.08360785689608156","45802.00000","43802.00000"
"852585984","Толмачёво","2","0.34652742601019176","0.004334930745701932","9074.00000","7074.00000"
"392907509","Домодедово","2","0.26906879278514056","0.030283259425483926","19838.00000","17838.00000"
"959588787","Толмачёво","1","0.199600100072906","0.012131612591796964","33529.00000","31529.00000"
"1164629364","Толмачёво","2","0.20674931207297156","0.04258849652987841","7561.00000","5561.00000"
"1213528765","Толмачёво","1","0.25676250226529507","0.09411322002609403","5304.00000","3304.00000"
"1202367312","Домодедово","1","0.33836990875","0.001837204346228002","16913.00000","14913.00000"
"1044397215","Домодедово","2","0.26574992155269805","0.036184678323312416","9937.00000","7937.00000"
"790178321","Толмачёво","1","0.27598306788338206","0.00889789946995154","14454.00000","12454.00000"
"1216580316","Толмачёво","1","0.2626886108694649","0.02457084913607304","3588.00000","1588.00000"
"758373114","Толмачёво","4","0.1746284746354447","0.017366550350183068","53721.00000","51721.00000"
"733181706","Домодедово","1","0.2179391019928915","0.030471961261666725","20333.00000","18333.00000"
"377157001","Домодедово","1","0.2589942107946902","0.03792991261154573","5569.00000","3569.00000"
"1153609980","Домодедово","3","0.3156041030002294","0.026864475847246376","5294.00000","3294.00000"
"727326005","Толмачёво","3","0.2263067922873852","0.006229828820029641","16339.00000","14339.00000"
"1216466179","Домодедово","1","0.11168925030745983","0.07838730294918682","26104.00000","24104.00000"
"1224579217","Толмачёво","3","0.20860942582529057","0.03579794267159523","23038.00000","21038.00000"
"1224119278","Домодедово","3","0.20559793261601048","0.011713576420830747","6280.00000","4280.00000"
"390268031","Домодедово","1","0.23889480824545126","0.05019237422635257","19243.00000","17243.00000"
"863428053","Толмачёво","3","0.23974121454017444","0.053162431251238165","15478.00000","13478.00000"
"1211338785","Толмачёво","2","0.20284234436255055","0.03469415391963408","17669.00000","15669.00000"
"1205621493","Домодедово","1","0.2238941257267401","0.039219793858084086","5976.00000","3976.00000"
"1213270417","Толмачёво","2","0.21057419524018187","0.02141983106159498","17677.00000","15677.00000"
"236920245","Домодедово","2","0.166544706713826","0.0485774336377928","8984.00000","6984.00000"
"1045207884","Толмачёво","2","0.1710042424247334","0.024174851595002808","34468.00000","32468.00000"
"1218326536","Домодедово","1","0.16891564260437547","0.11174719322930517","3377.00000","1377.00000"
"783181720","Домодедово","2","0.12714232583625962","0.10849894860868191","14886.00000","12886.00000"
"1215957694","Толмачёво","1","0.2419125919013516","0.09823884675962137","5278.00000","3278.00000"
"1020373214","Домодедово","1","0.09287889843903689","0.02521193667995518","86502.00000","84502.00000"
"313653669","Толмачёво","1","0.2022569502180574","0.04028721446756775","12597.00000","10597.00000"
"1209725620","Домодедово","2","0.2967448229005433","0.03204362236447207","28014.00000","26014.00000"
"1006528195","Домодедово","1","0.10440804097874352","0.22719959493359565","2076.00000","76.00000"
"135048055","Домодедово","3","0.21036519889707703","0.10173890721808636","8625.00000","6625.00000"
"231207434","Домодедово","1","0.1678013439180738","0.06472485077321159","32486.00000","30486.00000"
"1025120610","Домодедово","1","0.20437547931488453","0.06186856426232214","20892.00000","18892.00000"
"724226531","Толмачёво","1","0.2283548144969588","0.08760746080888616","5370.00000","3370.00000"
"1205139455","Домодедово","1","0.19110982535034393","0.04846878162256244","17368.00000","15368.00000"
"1065482042","Толмачёво","4","0.2084686037829193","0.01269855530209954","15907.00000","13907.00000"
"703152063","Домодедово","3","0.21475339699674778","0.013409706785349806","43361.00000","41361.00000"
"206849637","Домодедово","4","0.25603362273640273","0.004507315406836118","40121.00000","38121.00000"
"537497151","Толмачёво","2","0.2653054880817429","0.012216455707743316","7026.00000","5026.00000"
"895286076","Толмачёво","2","0.20619323104918064","0.0031010297098356342","42715.00000","40715.00000"
"1216749994","Толмачёво","1","0.23796785277869523","0.010961747165663088","33148.00000","31148.00000"
"763183527","Толмачёво","2","0.2622980296224702","0.005691265882978605","54758.00000","52758.00000"
"1057350169","Толмачёво","1","0.2640321778568941","0.0057076108752930595","8845.00000","6845.00000"
"1060342906","Домодедово","1","0.11433780928042911","0.1413886966549818","8169.00000","6169.00000"
"1216213898","Домодедово","2","0.32483921955869716","0.06635691060212308","6609.00000","4609.00000"
"1203135665","Домодедово","4","0.1500111842034355","0.08831449321593042","18840.00000","16840.00000"
"1218545689","Толмачёво","1","0.29359032396243545","0.004065403460390796","8570.00000","6570.00000"
"952421650","Домодедово","1","0.2181345742132931","0.12679651143036097","2378.00000","378.00000"
"622397223","Толмачёво","1","0.17320308075208474","0.04833865448568641","23812.00000","21812.00000"
"753655854","Толмачёво","3","0.26046615501662157","0.022606045572372235","3735.00000","1735.00000"
"1208494816","Толмачёво","2","0.22068868729797056","0.026847246342990884","13388.00000","11388.00000"
"1199874741","Домодедово","2","0.2358978328367242","0.08709532479683463","3578.00000","1578.00000"
"1209609541","Домодедово","2","0.14213305153024022","0.0924561448064547","5974.00000","3974.00000"
"870259395","Толмачёво","2","0.30100345784626004","0.005966919202243955","7992.00000","5992.00000"
"688011701","Толмачёво","3","0.2245837079533822","0.01156081678475917","20438.00000","18438.00000"
"294655436","Толмачёво","2","0.26329168295311667","0.03269349036476696","5225.00000","3225.00000"
"327291471","Толмачёво","4","0.15961178926369957","0.02404995303684449","45716.00000","43716.00000"
"1199571603","Домодедово","1","0.08230670272974258","0.021050167781718532","14830.00000","12830.00000"
"1048835918","Домодедово","1","0.3043477978905175","0.0071702022296483035","27517.00000","25517.00000"
"679956767","Домодедово","1","0.28877050786427394","0.008277092827399218","12730.00000","10730.00000"
"521963424","Домодедово","1","0.24165425603359444","0.002089491736823692","4913.00000","2913.00000"
"246237332","Толмачёво","4","0.24542153156850302","0.004548512845165141","33753.00000","31753.00000"
"761045464","Толмачёво","1","0.24950479509867424","0.059099308582153315","5273.00000","3273.00000"
"1188671643","Домодедово","3","0.2508711993672506","0.04782362022243474","7316.00000","5316.00000"
"1044120610","Домодедово","4","0.24080744969161488","0.01415482115136417","3116.00000","1116.00000"
"751628360","Домодедово","1","0.2665450873698511","0.04352879167338629","3062.00000","1062.00000"
"961264612","Толмачёво","1","0.2420232960694506","0.027858086001630422","43251.00000","41251.00000"
"386235462","Домодедово","3","0.22564987790903748","0.03045024948527045","34432.00000","32432.00000"
"827207162","Толмачёво","3","0.2722735184830114","0.004029585336573483","37702.00000","35702.00000"
"321670503","Толмачёво","2","0.17681208143138843","0.012867728948013779","44312.00000","42312.00000"
"1216179449","Домодедово","1","0.29573945825356707","0.005586501446230172","16045.00000","14045.00000"
"1211873719","Домодедово","2","0.2714529261569609","0.017543347974274977","14754.00000","12754.00000"
"1154931539","Толмачёво","1","0.05649845385421808","0.10073299150305223","60570.00000","58570.00000"
"1076384874","Толмачёво","3","0.20003897050947478","0.012062043065435605","18231.00000","16231.00000"
"1011784861","Толмачёво","3","0.16262487178841872","0.0421418988800494","28523.00000","26523.00000"
"640801557","Толмачёво","2","0.2207650128972762","0.044050808413466244","25330.00000","23330.00000"
"722850333","Толмачёво","1","0.21059617154523091","0.05148362634384144","33786.00000","31786.00000"
"1039621217","Толмачёво","2","0.25263803986600225","0.011280473282984685","14922.00000","12922.00000"
"1025905861","Толмачёво","2","0.15230658514599216","0.15803552042586075","3610.00000","1610.00000"
"1204849009","Толмачёво","3","0.24718523963357183","0.009869438520236343","35275.00000","33275.00000"
"1041070274","Домодедово","2","0.18855343194280444","0.03560533711565997","2539.00000","539.00000"
"1217599650","Домодедово","1","0.22632551845699528","0.013657017258336908","17966.00000","15966.00000"
"1213152653","Толмачёво","1","0.19394226908613174","0.01582565912673388","6928.00000","4928.00000"
"1159525022","Толмачёво","3","0.2433839947513995","0.025693220752151705","46138.00000","44138.00000"
"1212970248","Домодедово","1","0.13947984237453523","0.10081717209881151","14834.00000","12834.00000"
"429576831","Толмачёво","2","0.23977956525290245","0.06743712561085802","11967.00000","9967.00000"
"556490895","Толмачёво","1","0.2247023356636211","0.011729364639147612","4251.00000","2251.00000"
"867954649","Домодедово","2","0.2796278955092789","0.009598903519600136","26717.00000","24717.00000"
"1327617112","Толмачёво","2","0.20926029377827102","0.0426139382131902","9242.00000","7242.00000"
"525750406","Домодедово","2","0.14896969855711045","0.017280034789369195","51538.00000","49538.00000"
"1201221920","Домодедово","1","0.05960002489264502","0.2720832882127162","2608.00000","608.00000"
"652211192","Толмачёво","1","0.24678902779384065","0.03191507374046142","12566.00000","10566.00000"
"1053524645","Толмачёво","2","0.2606896952022372","0.004797520685464381","18312.00000","16312.00000"
"1225073681","Домодедово","1","0.16086822371335951","0.04583211808825819","35193.00000","33193.00000"
"1027202889","Домодедово","2","0.27497786968842886","0.005650651424191291","5223.00000","3223.00000"
"168953830","Толмачёво","1","0.12435405450308061","0.08100353204185792","3456.00000","1456.00000"
"1222042978","Толмачёво","2","0.27252085661677705","0.01250436248309854","5534.00000","3534.00000"
"976303776","Толмачёво","5","0.38760025955026056","0.03929704613158121","2859.00000","859.00000"
"220152799","Домодедово","5","0.29663093342072794","0.012516865373291941","5825.00000","3825.00000"
"269898638","Домодедово","5","0.2271664424437244","0.014592884539867824","21137.00000","19137.00000"
"1040212959","Домодедово","2","0.2891107814910283","0.023490012887793454","12534.00000","10534.00000"
"1099597503","Толмачёво","1","0.10055875886441674","0.051997422190102616","64071.00000","62071.00000"
"800786539","Толмачёво","1","0.10571988932148539","0.026566844124327468","45143.00000","43143.00000"
"1031085982","Домодедово","5","0.3209771055185941","0.0012580199904586747","10946.00000","8946.00000"
"1216160547","Домодедово","2","0.2484600503187629","0.019070205524537066","5104.00000","3104.00000"
"776701418","Толмачёво","1","0.19515316508143482","0.11338923371338917","-1684.00000","-3684.00000"
"1190168808","Толмачёво","1","0.21649754392118473","0.015425974340650673","8447.00000","6447.00000"
"966983728","Домодедово","1","0.20666883000847572","0.030852052569719263","8983.00000","6983.00000"
"602830846","Толмачёво","2","0.29885669700533335","0.03248215719615926","18227.00000","16227.00000"
"1221805731","Домодедово","1","0.19135653469683658","0.018014467220229775","29984.00000","27984.00000"
"1098427560","Толмачёво","3","0.17297173807145208","0.04670604280636039","28109.00000","26109.00000"
"1327961075","Толмачёво","1","0.17771515562061985","0.01318667063926746","12071.00000","10071.00000"
"1217238224","Толмачёво","1","0.11956461433626665","0.18807488623596239","3881.00000","1881.00000"
"568969377","Домодедово","1","0.1985674690035774","0.014797307650772674","45301.00000","43301.00000"
"1218275453","Толмачёво","2","0.23636457828753574","0.005204236474650115","7780.00000","5780.00000"
"1194927269","Толмачёво","1","0.19836411201777635","0.015008825019544952","4346.00000","2346.00000"
"727919765","Толмачёво","2","0.16916296018415153","0.05749511224139187","28912.00000","26912.00000"
"1040740349","Толмачёво","2","0.22388933887428267","0.006323103922296259","36140.00000","34140.00000"
"1217622383","Домодедово","1","0.29607732807045417","0.003759506845646394","6579.00000","4579.00000"
"1208478069","Домодедово","1","0.24620237702402972","0.04907474943520394","6475.00000","4475.00000"
"1045157059","Домодедово","2","0.17364030221325233","0.016044513345202557","53929.00000","51929.00000"
"1223143779","Толмачёво","2","0.17429173535153347","0.029159313799412136","11168.00000","9168.00000"
"1221373793","Толмачёво","2","0.225262956120734","0.04285108414635674","13899.00000","11899.00000"
"1210011107","Толмачёво","1","0.26965677087294815","0.06595085488108293","6454.00000","4454.00000"
"1218852316","Домодедово","1","0.16512178496109303","0.14182735949460223","6024.00000","4024.00000"
"294202412","Толмачёво","3","0.12639459029366354","0.00740074462203583","63988.00000","61988.00000"
"337686687","Толмачёво","5","0.27212783524171796","0.0036831420185958227","10653.00000","8653.00000"
"260438729","Толмачёво","1","0.24030265971578788","0.0663467681748197","15697.00000","13697.00000"
"1041208489","Домодедово","1","0.16207352407512077","0.09250804638984775","4796.00000","2796.00000"
"1218649149","Толмачёво","3","0.249048157383857","0.031668470787073764","15192.00000","13192.00000"
"1043341820","Толмачёво","2","0.2569407640428746","0.03707767038055572","16015.00000","14015.00000"
"1195012159","Толмачёво","2","0.27669597827097486","0.06366583508487969","9194.00000","7194.00000"
"1201530577","Толмачёво","2","0.23584850886607714","0.0312706275239727","5408.00000","3408.00000"
"703729155","Толмачёво","1","0.24140639045616238","0.009699918279109569","4100.00000","2100.00000"
"623035075","Домодедово","2","0.12963117402714944","0.005665149452917323","91775.00000","89775.00000"
"799325385","Домодедово","3","0.20348216879620395","0.024023372754447672","20955.00000","18955.00000"
"1219281829","Толмачёво","2","0.16908020486923175","0.020095459607633436","13088.00000","11088.00000"
"1219196469","Домодедово","1","0.20224468109956983","0.07212942091810105","13818.00000","11818.00000"
"253655091","Домодедово","3","0.2720634647385585","0.030227136521892385","13498.00000","11498.00000"
"525394161","Толмачёво","1","0.23510456286854237","0.0063346729929567094","13875.00000","11875.00000"
"643726543","Толмачёво","3","0.26530394603614105","0.024798337328235137","30647.00000","28647.00000"
"1049691212","Толмачёво","4","0.24300679552343102","0.011081412252949436","5500.00000","3500.00000"
"1219038232","Домодедово","2","0.30173595280552845","0.016785759537561066","2727.00000","727.00000"
"385889713","Домодедово","2","0.2644107606046917","0.10230559670635903","6046.00000","4046.00000"
"1013270405","Толмачёво","3","0.18469258129161317","0.022507497675870895","22597.00000","20597.00000"
"341031805","Толмачёво","2","0.1741040269503722","0.011056172453680005","35826.00000","33826.00000"
"343481394","Толмачёво","1","0.15252035693546115","0.06209968567209698","21784.00000","19784.00000"
"689817309","Толмачёво","2","0.09852860576035831","0.19555990039132284","4754.00000","2754.00000"
"1052436654","Толмачёво","2","0.16387977489239966","0.06963075258735457","23348.00000","21348.00000"
"138824048","Домодедово","3","0.2913725990478264","0.007956151558026153","23395.00000","21395.00000"
"540064814","Домодедово","1","0.22025840998983773","0.034833448038620915","43466.00000","41466.00000"
"1206668416","Толмачёво","2","0.26540743614484497","0.00927560882118395","12513.00000","10513.00000"
"767288565","Домодедово","1","0.19901593224654626","0.10718193738678987","9422.00000","7422.00000"
"895781399","Толмачёво","2","0.12550124967166643","0.09401868226579628","7205.00000","5205.00000"
"275272522","Домодедово","2","0.18192287501540175","0.031846312268062366","21649.00000","19649.00000"
"756908874","Толмачёво","2","0.30897035466671485","0.00469947621202395","5008.00000","3008.00000"
"1209117983","Толмачёво","1","0.2568558596704032","0.006107646201042728","15958.00000","13958.00000"
"938423366","Толмачёво","1","0.17449716835613738","0.026522232570021537","30747.00000","28747.00000"
"1037570897","Домодедово","2","0.17360229620336368","0.08071922948388856","5651.00000","3651.00000"
"1062424100","Домодедово","2","0.2564199020693767","0.025115475381969513","12638.00000","10638.00000"
"1225282601","Домодедово","2","0.22577478079747174","0.032967610864070906","8616.00000","6616.00000"
"896813590","Домодедово","2","0.18555645334001358","0.07498452340410341","6062.00000","4062.00000"
"365806666","Домодедово","3","0.24849100380945546","0.014789517418447688","15453.00000","13453.00000"
"1039576837","Толмачёво","2","0.1573874938085806","0.07682183522983457","9428.00000","7428.00000"
"1211008749","Домодедово","1","0.15301470418124896","0.0850739360617881","10754.00000","8754.00000"
"322478349","Толмачёво","1","0.15819110481253382","0.07780571940609611","17704.00000","15704.00000"
"281079193","Толмачёво","1","0.16027895955349947","0.017188505437968217","30552.00000","28552.00000"
"1210060655","Толмачёво","2","0.25225477048952744","0.03948707105046574","21749.00000","19749.00000"
"689692033","Толмачёво","2","0.18681913980626114","0.053559949532952476","8002.00000","6002.00000"
"1225987699","Домодедово","1","0.17808817128923565","0.045091898191806624","9735.00000","7735.00000"
"727050221","Толмачёво","1","0.0824478282809358","0.17280681487727687","6791.00000","4791.00000"
"1224830203","Толмачёво","1","0.21736130666562742","0.03103849876750565","2348.00000","348.00000"
"382992852","Толмачёво","1","0.1034571823427295","0.028255049712581404","47682.00000","45682.00000"
"1167365301","Толмачёво","3","0.182818003099714","0.03815246601071215","9496.00000","7496.00000"
"1076259815","Домодедово","2","0.3348193646744124","0.04884808393174252","4450.00000","2450.00000"
"1171901137","Домодедово","3","0.2775330143325361","0.025845391853122963","13545.00000","11545.00000"
"757054994","Домодедово","2","0.1746468471267122","0.0908433098147803","5208.00000","3208.00000"
"1217097644","Толмачёво","1","0.28082440689560806","0.10171053403957604","6486.00000","4486.00000"
"864924252","Домодедово","2","0.25427213998551407","0.004495213959750309","6677.00000","4677.00000"
"1021045025","Толмачёво","1","0.13186341230006712","0.11084900258847137","7925.00000","5925.00000"
"1196917419","Домодедово","1","0.2377872443600151","0.010120191600588765","29186.00000","27186.00000"
"1212223961","Толмачёво","1","0.29197697491703134","0.025934347247905682","2894.00000","894.00000"
"396493076","Домодедово","2","0.2940336949994502","0.004184857495792498","11509.00000","9509.00000"
"1222911152","Толмачёво","2","0.22514477205621128","0.03225758694306671","16989.00000","14989.00000"
"1035672346","Толмачёво","2","0.19971614537984622","0.04137894745881315","19292.00000","17292.00000"
"1184910612","Толмачёво","1","0.16664334294812888","0.010504094977112946","50787.00000","48787.00000"
"723018360","Толмачёво","1","0.10892751825322873","0.0996786250101591","17221.00000","15221.00000"
"1203285577","Домодедово","2","0.26292436931430524","0.014941569015730497","8686.00000","6686.00000"
"784407192","Домодедово","1","0.09561855154816186","0.13149720526002076","5869.00000","3869.00000"
"587160860","Домодедово","3","0.2290404119315418","0.05500501934310971","12335.00000","10335.00000"
"1203420128","Толмачёво","2","0.2632463715728617","0.007742519730288347","37847.00000","35847.00000"
"1200601437","Домодедово","2","0.2879462547858144","0.011230242156694097","6947.00000","4947.00000"
"110918706","Домодедово","2","0.18821689464826116","0.012622925832088704","86911.00000","84911.00000"
"1327892458","Домодедово","2","0.19710750499279162","0.0461439930135639","7957.00000","5957.00000"
"863115230","Домодедово","1","0.15277745738895954","0.0803294224653023","11386.00000","9386.00000"
"425536010","Толмачёво","1","0.17587519436517984","0.02032050513801782","33048.00000","31048.00000"
"1218168901","Толмачёво","4","0.20150792617327723","0.009548777422326897","72494.00000","70494.00000"
"1200032538","Домодедово","2","0.1503915031433812","0.06170006806691713","7854.00000","5854.00000"
"1216484631","Толмачёво","2","0.25143440584884774","0.015786442470888694","16319.00000","14319.00000"
"1040601753","Домодедово","2","0.30221065805434577","0.00425004687283574","4654.00000","2654.00000"
"764368191","Толмачёво","1","0.047785234971260325","0.20738947152121381","6326.00000","4326.00000"
"1083666747","Домодедово","2","0.2716472793487253","0.010523723916354654","53574.00000","51574.00000"
"1037479381","Домодедово","1","0.19245359788687721","0.046682402637713956","37236.00000","35236.00000"
"1224260936","Домодедово","1","0.1703446049192956","0.006018672659132622","40947.00000","38947.00000"
"1017353149","Толмачёво","2","0.26381587285210395","0.003022852178486875","48085.00000","46085.00000"
"146106975","Толмачёво","2","0.3160800876074223","0.014598821366888833","12345.00000","10345.00000"
"808000429","Домодедово","2","0.26084017421241495","0.027383057520676695","32795.00000","30795.00000"
"297058325","Домодедово","1","0.18134754426222585","0.05600371660864555","47629.00000","45629.00000"
"1214299516","Толмачёво","2","0.16015208048183596","0.10374464704347626","7093.00000","5093.00000"
"1208442059","Толмачёво","1","0.2727157217348337","0.027249291182567446","7162.00000","5162.00000"
"890627605","Толмачёво","2","0.10958219516711244","0.010109371213501072","88616.00000","86616.00000"
"344117086","Толмачёво","1","0.09562323092442944","0.04881242350406894","68219.00000","66219.00000"
"1170839418","Толмачёво","4","0.19380272960506845","0.01591793000512325","26128.00000","24128.00000"
"1174847766","Толмачёво","1","0.17570810520449887","0.0772573508314904","4081.00000","2081.00000"
"1204672430","Толмачёво","2","0.21775348933711694","0.03590517210395487","3439.00000","1439.00000"
"1195229170","Толмачёво","2","0.24940629110843435","0.055118968375942594","8464.00000","6464.00000"
"1219640194","Толмачёво","1","0.242915916265505","0.033044605995860316","6512.00000","4512.00000"
"1223016776","Толмачёво","1","0.1718260182107476","0.08276502111237205","15098.00000","13098.00000"
"752195643","Толмачёво","2","0.26055350616121226","0.042993451283520744","16156.00000","14156.00000"
"1202679551","Домодедово","1","0.10190615692453946","0.1203659729087263","12871.00000","10871.00000"
"367764693","Домодедово","2","0.056225687394519844","0.036792313013234094","67899.00000","65899.00000"
"1215826818","Толмачёво","1","0.24058740581085716","0.02547161510320276","6431.00000","4431.00000"
"1214772680","Домодедово","2","0.2615825929122333","0.020521764840365456","5103.00000","3103.00000"
"509473723","Домодедово","1","0.1679303037875004","0.008816620211537674","77723.00000","75723.00000"
"1195721312","Домодедово","1","0.1779686603076759","0.04484724181960208","19274.00000","17274.00000"
"1207877169","Толмачёво","2","0.23140932514446416","0.08079260226904507","12809.00000","10809.00000"
"394713083","Толмачёво","2","0.19909588967262737","0.06834056691910168","7968.00000","5968.00000"
"726681695","Толмачёво","2","0.1614421103052214","0.020658089605828787","12769.00000","10769.00000"
"1219458144","Толмачёво","3","0.2576694113792985","0.006457164067288183","15228.00000","13228.00000"
"1141109890","Домодедово","1","0.20529532904592357","0.024861182574566012","30299.00000","28299.00000"
"695124625","Домодедово","2","0.2634277071112038","0.05278715233673678","13821.00000","11821.00000"
"784108617","Домодедово","2","0.30182070335221406","0.00758360251070869","6829.00000","4829.00000"
"697014579","Домодедово","3","0.22643549578297253","0.014720939467826002","30800.00000","28800.00000"
"1078498898","Толмачёво","2","0.31509855444617524","0.006304084601244964","11630.00000","9630.00000"
"1191167714","Толмачёво","2","0.32914796449193495","0.0036244629847302545","17701.00000","15701.00000"
"518216191","Толмачёво","1","0.1793702689373808","0.01994045925407798","44170.00000","42170.00000"
"1218759525","Домодедово","1","0.14251961758747952","0.10220030121142563","15122.00000","13122.00000"
"1215869463","Толмачёво","2","0.2703144175816673","0.027093128309935904","19773.00000","17773.00000"
"1223395512","Толмачёво","2","0.1323205091785556","0.016423891633530904","27416.00000","25416.00000"
"1019160515","Домодедово","2","0.2106765662455226","0.034691263229217624","41169.00000","39169.00000"
"816272077","Домодедово","2","0.1778909306319139","0.00982712190115214","44818.00000","42818.00000"
"1224576388","Толмачёво","1","0.19082169133474905","0.058089860296228375","11422.00000","9422.00000"
"765644110","Домодедово","2","0.308649756558448","0.002221462731586717","11752.00000","9752.00000"
"1034713268","Домодедово","2","0.1489758780824939","0.017470986832286782","69647.00000","67647.00000"
"509124468","Домодедово","5","0.2767705967077815","0.006843886981710269","15899.00000","13899.00000"
"1193995110","Толмачёво","1","0.20799000753033756","0.005953933776014739","52871.00000","50871.00000"
"860969451","Домодедово","4","0.31458119602965107","0.005180668093265626","26863.00000","24863.00000"
"1045106790","Домодедово","1","0.24502859552163866","0.015685214623187036","25466.00000","23466.00000"
"1199996407","Домодедово","3","0.39929935936498967","0.005268753353596304","9663.00000","7663.00000"
"1217848461","Толмачёво","2","0.22179059797707948","0.01744712093794702","11830.00000","9830.00000"
"1209065225","Толмачёво","5","0.32024283948824717","0.010801093324672158","26267.00000","24267.00000"
"1212551387","Домодедово","3","0.15511165769702787","0.042961925802299246","16291.00000","14291.00000"
"1215339667","Толмачёво","2","0.2642228401534827","0.01961400561281973","5907.00000","3907.00000"
"143392594","Домодедово","4","0.11403562302109285","0.0026016758225600694","36149.00000","34149.00000"
"1037492671","Домодедово","2","0.21865463819633357","0.009824971769148344","8980.00000","6980.00000"
"973011601","Домодедово","2","0.2505147223047577","0.026621468576061607","32710.00000","30710.00000"
"582982526","Домодедово","4","0.23683293172032288","0.023965666838779282","15148.00000","13148.00000"
"1215235556","Толмачёво","1","0.26465267569236356","0.014674696854821293","21854.00000","19854.00000"
"1034723693","Домодедово","1","0.20274795199956633","0.058906082142208334","19121.00000","17121.00000"
"1175015794","Толмачёво","1","0.1422839888039412","0.04395534130430923","80371.00000","78371.00000"
"1220978129","Толмачёво","3","0.24801266346559325","0.060095458675874555","5106.00000","3106.00000"
"970628902","Толмачёво","2","0.2683864710192765","0.03468189964132785","9889.00000","7889.00000"
"1212154016","Домодедово","1","0.17741704347525422","0.1763919934869168","3343.00000","1343.00000"
"1208098295","Домодедово","1","0.20861078130827004","0.07319142288595826","11248.00000","9248.00000"
"938718523","Толмачёво","4","0.18659458346114477","0.018282443275536752","67175.00000","65175.00000"
"1203439581","Толмачёво","1","0.2956808931646663","0.011782928571465678","15780.00000","13780.00000"
"373463532","Домодедово","3","0.2321458458184977","0.033577702406697475","23414.00000","21414.00000"
"211814039","Толмачёво","3","0.223608662791603","0.011086432080714408","18204.00000","16204.00000"
"320582720","Толмачёво","3","0.23301229226305875","0.08012985562512644","4832.00000","2832.00000"
"813387721","Домодедово","2","0.24071071265545765","0.029560477351145007","14028.00000","12028.00000"
"1224425080","Домодедово","1","0.17330146552757444","0.0341734462518144","22740.00000","20740.00000"
"168355883","Толмачёво","2","0.20729837403037885","0.11504686614414172","5996.00000","3996.00000"
"755642499","Домодедово","1","0.2889470439018376","0.010196722374103016","13841.00000","11841.00000"
"1223644542","Домодедово","1","0.2815247341297409","0.0026800971423347354","11296.00000","9296.00000"
"1219490209","Домодедово","2","0.21671004734172192","0.009663965579987754","6572.00000","4572.00000"
"1221113937","Толмачёво","1","0.20889175536937402","0.025739535261086206","7431.00000","5431.00000"
"697014036","Домодедово","1","0.18049867162044922","0.08840516570331987","11344.00000","9344.00000"
"566834671","Домодедово","1","0.31543744678534585","0.00835640892735327","2153.00000","153.00000"
"852412988","Домодедово","1","0.31047556974231305","0.057358431449010754","3271.00000","1271.00000"
"1191438598","Домодедово","1","0.20061910246127768","0.1315502645255343","7707.00000","5707.00000"
"369741216","Толмачёво","3","0.21838828150999712","0.07316830302324936","15135.00000","13135.00000"
"685158486","Домодедово","1","0.16285456277923863","0.027793959230133992","56309.00000","54309.00000"
"1204953457","Домодедово","4","0.07978515723844154","0.02314949940103254","49879.00000","47879.00000"
"1213098706","Домодедово","1","0.2566061737277649","0.015847843385460296","14804.00000","12804.00000"
"614060732","Домодедово","1","0.16252129884334743","0.1761806698073881","3691.00000","1691.00000"
"750178429","Домодедово","3","0.23639671879357044","0.01074692380014528","48132.00000","46132.00000"
"743455301","Домодедово","2","0.3880624152106653","0.009789551176444125","7331.00000","5331.00000"
"1203063577","Толмачёво","1","0.2584918432029456","0.006646211143967256","16773.00000","14773.00000"
"522452195","Толмачёво","1","0.09159991345367864","0.027106845429021125","81296.00000","79296.00000"
"1215944327","Домодедово","1","0.18381805693356362","0.1679906935720493","2405.00000","405.00000"
"592486633","Домодедово","2","0.1523134515293051","0.003171136366402315","85127.00000","83127.00000"
"1223825556","Толмачёво","1","0.3012854969591238","0.00587958604131788","10467.00000","8467.00000"
"1221086703","Толмачёво","3","0.24325994289444342","0.012055237196004353","14455.00000","12455.00000"
"1210096243","Домодедово","1","0.24574295475136906","0.0747967824146666","15236.00000","13236.00000"
"1064253448","Домодедово","3","0.2446679088225553","0.03231780594448371","12454.00000","10454.00000"
"260453429","Домодедово","2","0.11226862489747025","0.024041592381970844","68673.00000","66673.00000"
"1143311075","Домодедово","1","0.23471905309103347","0.01977644308381189","25155.00000","23155.00000"
"667706621","Домодедово","1","0.10989887159349805","0.018770972411154413","44181.00000","42181.00000"
"1199007216","Толмачёво","4","0.3289938411847637","0.01891476609925219","7388.00000","5388.00000"
"969268791","Толмачёво","3","0.3615755029513785","0.04044396716446032","4048.00000","2048.00000"
"1222901368","Домодедово","2","0.18040404949805403","0.045146814530078516","36323.00000","34323.00000"
"732252843","Домодедово","2","0.28371693510707197","0.024530663841903798","10783.00000","8783.00000"
"1209149605","Домодедово","2","0.30897845432737425","0.014141254404016226","18289.00000","16289.00000"
"758129563","Домодедово","2","0.20167131708422978","0.038651013649844815","4348.00000","2348.00000"
"518511233","Домодедово","1","0.2465971284448528","0.02386348104669871","26943.00000","24943.00000"
"1039931843","Домодедово","1","0.0956833200576126","0.035626200995216614","52916.00000","50916.00000"
"1216268716","Толмачёво","2","0.20503677287375668","0.057552560242246135","7549.00000","5549.00000"
"1082312222","Толмачёво","3","0.2667983496158084","0.011407332809540923","10083.00000","8083.00000"
"1041686735","Толмачёво","2","0.2669793884130626","0.022110338137200498","6996.00000","4996.00000"
"328308137","Толмачёво","2","0.12086717614834823","0.06291841279550398","23041.00000","21041.00000"
"1211406555","Толмачёво","2","0.20138933668742573","0.06180603742650026","12126.00000","10126.00000"
"864116981","Домодедово","2","0.3459172633049913","0.0057897231743155525","9662.00000","7662.00000"
"697011724","Домодедово","1","0.2501278603440303","0.0056603392897943755","21660.00000","19660.00000"
"862983209","Толмачёво","1","0.34970527088393094","0.06435779550701107","2559.00000","559.00000"
"1043303887","Толмачёво","2","0.21571720210141984","0.016213945768240055","16915.00000","14915.00000"
"429150168","Толмачёво","3","0.2881369861493545","0.017045461389544977","24692.00000","22692.00000"
"362370077","Домодедово","1","0.23280731925688186","0.10332049807642642","2038.00000","38.00000"
"1225650341","Домодедово","1","0.2112740201985368","0.017836271701937596","3772.00000","1772.00000"
"1216144773","Толмачёво","2","0.17737993090368204","0.01984046193380561","28272.00000","26272.00000"
"139949271","Домодедово","3","0.12947306300258057","0.03426008284434689","40261.00000","38261.00000"
"1213389444","Домодедово","2","0.25057712305513136","0.013929589402173308","51129.00000","49129.00000"
"1214713588","Домодедово","1","0.1828304425979892","0.08601077857347718","3276.00000","1276.00000"
"319908200","Толмачёво","2","0.23896353569188825","0.11309320165318298","3058.00000","1058.00000"
"1221484687","Домодедово","1","0.2332383421422827","0.0056748337644462335","13040.00000","11040.00000"
"596866203","Толмачёво","1","0.15818316495698942","0.012996427343162732","58317.00000","56317.00000"
"1040498511","Домодедово","2","0.2462993630810027","0.0076239604122560695","32688.00000","30688.00000"
"1215011215","Домодедово","2","0.25626977604166484","0.0316646059085281","20847.00000","18847.00000"
"757488263","Толмачёво","2","0.13603757041393572","0.0030887848715630698","60650.00000","58650.00000"
"1213296878","Толмачёво","2","0.2012945552062716","0.03440354583959717","22140.00000","20140.00000"
"318440969","Толмачёво","3","0.19202774077718424","0.04888431133132964","8582.00000","6582.00000"
"1225624477","Домодедово","2","0.16282026730269014","0.026779500328668236","24651.00000","22651.00000"
"1066685486","Толмачёво","1","0.13941436996484324","0.11880723702305777","7980.00000","5980.00000"
"1215375642","Домодедово","2","0.23987135262839798","0.050368048076027426","11273.00000","9273.00000"
"261630104","Домодедово","2","0.2597876816225353","0.010512180548909004","18212.00000","16212.00000"
"1225374013","Домодедово","2","0.1792356166598608","0.026653358165809077","26954.00000","24954.00000"
"785526254","Домодедово","2","0.15826723062043163","0.015570046618703644","4236.00000","2236.00000"
"1218905791","Толмачёво","2","0.20368747363865952","0.021949677070616326","48939.00000","46939.00000"
"529614276","Толмачёво","2","0.18484469964609493","0.013382966537527128","44119.00000","42119.00000"
"1221490786","Домодедово","1","0.21872683704587795","0.02233671780675692","33114.00000","31114.00000"
"346529104","Домодедово","2","0.2585399523977704","0.028330527776577782","18627.00000","16627.00000"
"155479454","Толмачёво","5","0.218132464137758","0.007279312674884607","38819.00000","36819.00000"
"1218005169","Домодедово","1","0.2419937037005605","0.01674825498964095","19793.00000","17793.00000"
"1209869662","Домодедово","1","0.18440978333961722","0.159703994426463","2485.00000","485.00000"
"1202472566","Домодедово","1","0.1371409529925372","0.04988800142677057","56029.00000","54029.00000"
"809910664","Толмачёво","4","0.1872230151997497","0.01400058733293509","24311.00000","22311.00000"
"993188068","Толмачёво","2","0.17195138383104597","0.008133538273040518","30274.00000","28274.00000"
"1194583146","Домодедово","3","0.22687991872137286","0.027125100652013467","33585.00000","31585.00000"
"969815709","Домодедово","2","0.19985384245338733","0.0789541064070291","2278.00000","278.00000"
"168637269","Домодедово","2","0.22264830759440027","0.00782164631965538","46133.00000","44133.00000"
"1081129379","Толмачёво","1","0.20453097519174326","0.004471307217110255","38189.00000","36189.00000"
"754446446","Толмачёво","1","0.261812401208058","0.0836694503541518","14480.00000","12480.00000"
"897206222","Толмачёво","3","0.11052591027210451","0.04838021969924","10593.00000","8593.00000"
"278121544","Толмачёво","2","0.383715385104912","0.026600233696233953","2815.00000","815.00000"
"371240978","Толмачёво","3","0.36428114671975587","0.005327878362754733","26202.00000","24202.00000"
"614050303","Толмачёво","2","0.20591650420224902","0.008092876893328087","21886.00000","19886.00000"
"158542765","Домодедово","2","0.15369096220683537","0.03354620228892979","17957.00000","15957.00000"
"1030692392","Домодедово","2","0.33700371888871206","0.034520871266915755","17471.00000","15471.00000"
"1196493976","Толмачёво","3","0.3092726508100911","0.003309780005103161","14923.00000","12923.00000"
"1226514531","Толмачёво","1","0.1412210701607311","0.025922886118934167","47451.00000","45451.00000"
"1211276977","Толмачёво","3","0.1943292873609087","0.05316153846698804","2915.00000","915.00000"
"1213213424","Толмачёво","1","0.29681938404003705","0.00979472427432692","39925.00000","37925.00000"
"688042466","Домодедово","3","0.2128449594011361","0.009443280856141099","39320.00000","37320.00000"
"424843814","Домодедово","2","0.2534731052004704","0.06785303788760581","12201.00000","10201.00000"
"864202596","Домодедово","1","0.18382761536695447","0.02302995575401988","63398.00000","61398.00000"
"1032220632","Домодедово","1","0.19434516356865014","0.10237290494198974","13424.00000","11424.00000"
"614785219","Толмачёво","3","0.215309385480132","0.007212189228219744","21383.00000","19383.00000"
"561736060","Толмачёво","4","0.25743349032146445","0.015163731268700563","15603.00000","13603.00000"
"1191741826","Толмачёво","2","0.24116214913611872","0.008021559657945192","34605.00000","32605.00000"
"1042355867","Толмачёво","1","0.06179138917826304","0.21755791153920873","7020.00000","5020.00000"
"1016962803","Домодедово","4","0.22629820033169212","0.011876363164088872","13097.00000","11097.00000"
"1213269397","Домодедово","1","0.19499318290872178","0.01535047746018988","19395.00000","17395.00000"
"741028818","Толмачёво","1","0.13395142137724864","0.08959861883631476","21531.00000","19531.00000"
"1044896841","Толмачёво","3","0.24731823831112368","0.023166422445501864","5533.00000","3533.00000"
"567590626","Домодедово","4","0.22411071744726685","0.0114061485365205","56144.00000","54144.00000"
"1206664791","Домодедово","2","0.1970530035783597","0.005883571115593667","51368.00000","49368.00000"
"1206621664","Толмачёво","1","0.19993030254845998","0.01971043969499823","34394.00000","32394.00000"
"1191945199","Домодедово","1","0.05645784263096824","0.10194839809959115","31735.00000","29735.00000"
"1220300834","Домодедово","2","0.29037969544200093","0.029372431168068504","4997.00000","2997.00000"
"1058327224","Толмачёво","3","0.2474260609143053","0.017746255124114502","2745.00000","745.00000"
"1217660745","Домодедово","2","0.15920977131172806","0.029420583156710787","14878.00000","12878.00000"
"1216630302","Домодедово","3","0.2848744353867057","0.0023013490044292467","24392.00000","22392.00000"
"1194894904","Толмачёво","2","0.218993670497141","0.029258005692748012","25003.00000","23003.00000"
"549793329","Домодедово","5","0.27860759807132895","0.022104464818571628","16287.00000","14287.00000"
"1214753002","Толмачёво","2","0.24016241041812297","0.05026892359335193","2705.00000","705.00000"
"1043368004","Толмачёво","2","0.2827828607836236","0.012779632142593159","35099.00000","33099.00000"
"1023391807","Толмачёво","1","0.2778321196150877","0.02741578941513872","11391.00000","9391.00000"
"1213044059","Толмачёво","2","0.2363296987840819","0.047303018452156786","5867.00000","3867.00000"
"1045158011","Домодедово","1","0.18616131146109155","0.01766340494813098","31771.00000","29771.00000"
"631292666","Толмачёво","3","0.1213284276972772","0.08273073333859339","11282.00000","9282.00000"
"1224235404","Толмачёво","2","0.23735395698792772","0.00862240485317241","12579.00000","10579.00000"
"1068175382","Домодедово","4","0.27371350911041165","0.011597842161397023","24137.00000","22137.00000"
"998999118","Толмачёво","3","0.26778320214941237","0.02505228531506031","8416.00000","6416.00000"
"1218286488","Домодедово","2","0.2984132066029787","0.03941857346669036","9729.00000","7729.00000"
"341827568","Домодедово","2","0.2811746032556587","0.020493018475387544","21728.00000","19728.00000"
"1197449309","Домодедово","1","0.1843615703823017","0.01044806946803844","41700.00000","39700.00000"
"26809212","Домодедово","1","0.14825570770899735","0.07425616355778764","13483.00000","11483.00000"
"1035882399","Толмачёво","1","0.30865104874839244","0.03980827523459955","3493.00000","1493.00000"
"1215413652","Толмачёво","3","0.24520051273743576","0.03465809190905864","34332.00000","32332.00000"
"1081595277","Домодедово","1","0.30467603510271246","0.06831581276998064","10773.00000","8773.00000"
"1008234532","Толмачёво","1","0.22984843395356586","0.15097274925986276","4220.00000","2220.00000"
"1215506160","Домодедово","2","0.27174405144847286","0.009584624912735415","38102.00000","36102.00000"
"1194369658","Толмачёво","1","0.11568524434592467","0.022015718305606963","24878.00000","22878.00000"
"1221388314","Толмачёво","2","0.2610781051605925","0.004779198394109856","8083.00000","6083.00000"
"1214241297","Домодедово","1","0.21110465732155737","0.01983553005470645","27437.00000","25437.00000"
"269854023","Домодедово","2","0.21028988451834993","0.0034113312976585502","18210.00000","16210.00000"
"1210015108","Домодедово","1","0.20265321388343838","0.036226721928191735","12877.00000","10877.00000"
"1327616852","Домодедово","1","0.16043387582344726","0.10985000820412615","10794.00000","8794.00000"
"352252407","Толмачёво","1","0.22638723946225628","0.052937975648919035","9482.00000","7482.00000"
"1205111005","Толмачёво","1","0.1905235582211264","0.008716830850804031","32977.00000","30977.00000"
"1062669740","Толмачёво","2","0.21993271559182473","0.043790202459762784","3509.00000","1509.00000"
"1217069212","Толмачёво","2","0.16576452142969547","0.031435134755782995","17400.00000","15400.00000"
"1046448449","Домодедово","3","0.28793121656992204","0.010227427950627506","10383.00000","8383.00000"
"259014080","Толмачёво","1","0.1534055472801899","0.049344877458143574","24347.00000","22347.00000"
"384136345","Домодедово","1","0.25139750938635574","0.019703597036597062","23009.00000","21009.00000"
"1204007716","Домодедово","1","0.1887133990201233","0.020993726655596137","21984.00000","19984.00000"
"570527538","Толмачёво","1","0.23660679356007075","0.1460716494898883","2774.00000","774.00000"
"841016266","Толмачёво","1","0.1939566948658058","0.026449120228819987","55488.00000","53488.00000"
"1219551170","Домодедово","1","0.30792554698985974","0.009562559800192647","11358.00000","9358.00000"
"1224388845","Толмачёво","1","0.22198311052564312","0.017587330546639874","15769.00000","13769.00000"
"242969396","Домодедово","2","0.1623466621170201","0.012740456198454427","29682.00000","27682.00000"
"507305739","Толмачёво","2","0.052253927742396546","0.05948424390554231","62495.00000","60495.00000"
"701566263","Домодедово","3","0.28633414644718397","0.03919490642321052","15825.00000","13825.00000"
"815947484","Толмачёво","2","0.22844789454616804","0.090898944276721","4771.00000","2771.00000"
"806891914","Толмачёво","1","0.19865809586046976","0.07978988899704571","9594.00000","7594.00000"
"1211636136","Толмачёво","2","0.2521218634278304","0.025453943822007073","4316.00000","2316.00000"
"1211032989","Толмачёво","1","0.23040955442336228","0.00915667361098084","27568.00000","25568.00000"
"1185215236","Домодедово","2","0.28491213846999264","0.05529678238692615","6507.00000","4507.00000"
"942571160","Домодедово","1","0.1964838246033332","0.02092941107485902","46295.00000","44295.00000"
"1211380933","Толмачёво","1","0.16467370399424322","0.09908209344267367","9304.00000","7304.00000"
"1054333630","Толмачёво","1","0.1630644191327303","0.10589952109879976","14644.00000","12644.00000"
"1004057182","Толмачёво","1","0.2961380971653137","0.02736936838149214","15936.00000","13936.00000"
"1036173389","Домодедово","1","0.16653571657882002","0.07428132817320741","21632.00000","19632.00000"
"994724216","Домодедово","3","0.1419463914819141","0.11509873587657048","15032.00000","13032.00000"
"1068539928","Домодедово","2","0.23174604307393684","0.019787402442711422","40048.00000","38048.00000"
"1216041447","Домодедово","1","0.13718241012072951","0.1911339864875944","3583.00000","1583.00000"
"1038275287","Толмачёво","2","0.1880801706336653","0.049324598263050974","13075.00000","11075.00000"
"1215253252","Домодедово","2","0.194106403265768","0.006369524463821837","21438.00000","19438.00000"
"165412767","Домодедово","3","0.18465166390806775","0.016467079648859257","65325.00000","63325.00000"
"1206141620","Домодедово","2","0.2480910569679987","0.02574726484541448","13679.00000","11679.00000"
"1214946192","Домодедово","2","0.21773968749393657","0.013650700062541285","32041.00000","30041.00000"
"781060286","Толмачёво","3","0.18089514125393544","0.019555753013491786","28729.00000","26729.00000"
"1208584268","Домодедово","2","0.22701396842490293","0.005833648797568999","10756.00000","8756.00000"
"1213584155","Домодедово","3","0.2161180819936084","0.03751444944341783","17667.00000","15667.00000"
"1040781977","Домодедово","2","0.2576837278253778","0.027499151275038915","5771.00000","3771.00000"
"545300126","Домодедово","1","0.22249648880633352","0.021878851386578493","33793.00000","31793.00000"
"374897955","Толмачёво","3","0.18657096983213978","0.029631805544755307","59638.00000","57638.00000"
"1215617362","Домодедово","2","0.22640891047927617","0.032629363477245495","8292.00000","6292.00000"
"1203514988","Домодедово","1","0.12230741006480277","0.035064439238783496","56564.00000","54564.00000"
"635360921","Домодедово","2","0.30569030428000515","0.0061698770937988435","7706.00000","5706.00000"
"1218407387","Домодедово","1","0.2015523862278467","0.018385053366764516","7319.00000","5319.00000"
"648448454","Домодедово","3","0.3226137590267323","8.006626530285408E-4","7127.00000","5127.00000"
"1041706228","Толмачёво","1","0.3156603036072892","0.00496868197045435","17264.00000","15264.00000"
"864532415","Домодедово","2","0.15251463383388286","0.052109015439361625","45569.00000","43569.00000"
"542189059","Толмачёво","2","0.3272642627828638","0.008225947729325386","10998.00000","8998.00000"
"1192097014","Домодедово","1","0.15116640572270584","0.027458818228141196","47778.00000","45778.00000"
"1030532982","Толмачёво","2","0.26923811457301916","0.03503194187439984","14093.00000","12093.00000"
"332549932","Толмачёво","2","0.2714803702059661","0.012950179608711554","17886.00000","15886.00000"
"216137502","Толмачёво","2","0.14636958701424552","0.07037270427993335","27310.00000","25310.00000"
"764943419","Домодедово","1","0.09368150321082294","0.19268929735583726","5629.00000","3629.00000"
"1212159761","Толмачёво","1","0.3146561309714857","0.004195604709987166","5548.00000","3548.00000"
"745551377","Домодедово","1","0.2228243089804099","0.026473462972491903","32016.00000","30016.00000"
"1034104745","Толмачёво","1","0.17878257160079689","0.020791488441235163","24853.00000","22853.00000"
"1217197848","Толмачёво","1","0.23388884406200952","0.10037986003509358","4304.00000","2304.00000"
"558506431","Домодедово","2","0.2198477100170837","0.02667975021696497","7637.00000","5637.00000"
"1218647572","Толмачёво","2","0.24541366562035186","0.013578161883653858","24339.00000","22339.00000"
"1204825731","Толмачёво","2","0.30842613224646614","0.03070999156224778","13283.00000","11283.00000"
"1045103222","Толмачёво","3","0.23665275277225256","0.020671944513923263","4627.00000","2627.00000"
"1217968804","Толмачёво","2","0.2661999523332909","0.01982070698978739","2301.00000","301.00000"
"1004484588","Домодедово","3","0.15602082090800268","0.08694030115797213","26311.00000","24311.00000"
"840924994","Толмачёво","2","0.3737703162133073","0.027668226796968953","12996.00000","10996.00000"
"627923407","Домодедово","3","0.23736561914109516","0.031332868217647566","14739.00000","12739.00000"
"1042469834","Домодедово","1","0.36093622841553463","0.010303066694156874","3877.00000","1877.00000"
"537511316","Толмачёво","1","0.10421420033454801","0.01960805062975143","70885.00000","68885.00000"
"938943225","Толмачёво","4","0.19135356950308058","0.06401293497659544","10935.00000","8935.00000"
"676206695","Домодедово","1","0.25063629228640943","0.014706222632533267","17428.00000","15428.00000"
"1223844724","Толмачёво","2","0.20537885143811593","0.048556393723032595","3077.00000","1077.00000"
"1032236005","Домодедово","1","0.3651068393210756","0.007623273506265093","3912.00000","1912.00000"
"387649374","Домодедово","1","0.24000101959298126","0.028106816470880196","47935.00000","45935.00000"
"1033637427","Толмачёво","3","0.2395002468176795","0.00893343361468572","16060.00000","14060.00000"
"865708066","Домодедово","1","0.22180327544274916","0.032001407751692364","11923.00000","9923.00000"
"1168934152","Толмачёво","2","0.2829174693568052","0.02738958302526115","8769.00000","6769.00000"
"1188626190","Домодедово","2","0.2582035961526983","0.02767208642483367","17309.00000","15309.00000"
"1220060100","Домодедово","3","0.2571163541935898","0.019867155752357382","5143.00000","3143.00000"
"156253639","Домодедово","2","0.24367599348769545","0.003020059510038305","2694.00000","694.00000"
"1194335967","Толмачёво","1","0.16390363459690602","0.023255228398468813","33394.00000","31394.00000"
"687275725","Домодедово","2","0.1867077186276034","0.01692086627947474","48600.00000","46600.00000"
"910447816","Толмачёво","3","0.24818685267804658","0.025255038484153343","12432.00000","10432.00000"
"1210840212","Толмачёво","1","0.15928319865326512","0.06612196491520736","9403.00000","7403.00000"
"1213294512","Домодедово","1","0.1735290214447331","0.1472565446015764","5016.00000","3016.00000"
"112896135","Толмачёво","3","0.26694380862067335","0.01379913559068904","6118.00000","4118.00000"
"1045877452","Домодедово","1","0.2391675098768052","0.013740559991900525","18297.00000","16297.00000"
"257883543","Толмачёво","3","0.23489463234422087","0.019802356973168483","28403.00000","26403.00000"
"939569055","Домодедово","3","0.24356563589757144","0.04170474345198813","4134.00000","2134.00000"
"1198852356","Толмачёво","2","0.2504894068830408","0.05847331934196415","8645.00000","6645.00000"
"1219761045","Домодедово","2","0.19593852996956013","0.03353595271721251","4849.00000","2849.00000"
"1073399613","Толмачёво","2","0.24758499561017128","0.027230595777312246","22633.00000","20633.00000"
"727084171","Домодедово","3","0.07237581651954883","0.09500970080040722","25742.00000","23742.00000"
"242760365","Толмачёво","3","0.2763437700622386","0.009228147169441625","21946.00000","19946.00000"
"1040136810","Толмачёво","3","0.27068656000973645","0.006266211264068741","16653.00000","14653.00000"
"1073395850","Толмачёво","1","0.2904984571541546","0.011023585915054774","20009.00000","18009.00000"
"230663529","Домодедово","2","0.17643005392889963","0.023974326702592773","15951.00000","13951.00000"
"861434379","Толмачёво","2","0.2478922667758901","0.007083790831535132","22193.00000","20193.00000"
"1036419717","Домодедово","2","0.27408191919095204","0.03512898687045891","2713.00000","713.00000"
"783711020","Толмачёво","1","0.2646396793473977","0.009620206578539042","8445.00000","6445.00000"
"788803074","Толмачёво","2","0.20517150011140856","0.034838314950033394","12998.00000","10998.00000"
"1207526136","Толмачёво","2","0.26942208262851347","0.005780065224662978","8013.00000","6013.00000"
"624198820","Домодедово","2","0.2798086873527662","0.012132228710845709","6940.00000","4940.00000"
"306731963","Домодедово","3","0.2303949677102385","0.00424077865077707","48455.00000","46455.00000"
"1035231738","Домодедово","2","0.2121250951784669","0.0307414679671906","38200.00000","36200.00000"
"116434497","Толмачёво","2","0.2828029371934914","0.022935855057808714","9865.00000","7865.00000"
"313677056","Толмачёво","1","0.255616566702794","0.0028580897848499544","20421.00000","18421.00000"
"371930706","Толмачёво","2","0.12793764913942055","0.07446600748407452","11358.00000","9358.00000"
"1032550590","Домодедово","1","0.29339747146459105","0.026504966658633656","4222.00000","2222.00000"
"161412775","Толмачёво","3","0.20187806006245376","0.016965997052027858","23511.00000","21511.00000"
"117568330","Толмачёво","1","0.1308650419296998","0.00609815075824147","83767.00000","81767.00000"
"373493712","Домодедово","1","0.23240256083443386","0.010602061402914524","12635.00000","10635.00000"
"274344044","Толмачёво","1","0.22468592637924314","0.029993810153456243","32147.00000","30147.00000"
"1207220179","Домодедово","1","0.15466188447544282","0.00910714624825638","14116.00000","12116.00000"
"6493367","Домодедово","2","0.2552879863963519","0.03238345401544248","7040.00000","5040.00000"
"583842811","Домодедово","3","0.1274652603500228","0.019077122401005238","19283.00000","17283.00000"
"107994251","Домодедово","2","0.23309393406306955","0.037140018125747125","8176.00000","6176.00000"
"262195812","Домодедово","2","0.3136633789597321","0.07629922840379183","3501.00000","1501.00000"
"519270925","Домодедово","2","0.17478587248002253","0.08334009382111576","5591.00000","3591.00000"
"1038079436","Толмачёво","1","0.25916930031119256","0.05815094504863056","3491.00000","1491.00000"
"1035942708","Домодедово","2","0.27201267020454883","0.0360798434695547","16170.00000","14170.00000"
"866730216","Домодедово","2","0.3056959602342156","0.024222482802520536","8205.00000","6205.00000"
"642174072","Домодедово","1","0.21313766368223147","0.09525162464412769","13153.00000","11153.00000"
"382996343","Толмачёво","1","0.17390905909410675","0.05331203226038489","12004.00000","10004.00000"
"141068033","Домодедово","3","0.17771022412782228","0.011504376346928837","68489.00000","66489.00000"
"900969555","Толмачёво","2","0.20670087035463455","0.016623194481827874","44579.00000","42579.00000"
"1219741541","Толмачёво","2","0.187207695616356","0.06112434555201509","4810.00000","2810.00000"
"623744228","Толмачёво","1","0.22876387093727854","0.013496239588494094","24340.00000","22340.00000"
"825862783","Домодедово","1","0.1553184789259972","0.0032179070983350206","45234.00000","43234.00000"
"271865250","Домодедово","1","0.13791444828957364","0.038182541880096364","28753.00000","26753.00000"
"428399034","Домодедово","3","0.31127542228752914","0.005340346448121837","25183.00000","23183.00000"
"1157670713","Домодедово","2","0.19646239424766768","0.06790071596101295","3188.00000","1188.00000"
"806939558","Толмачёво","3","0.3716804747524962","0.008392503224192938","7974.00000","5974.00000"
"1205030138","Домодедово","2","0.16747218922157095","0.03553000260953699","2975.00000","975.00000"
"212845448","Толмачёво","2","0.22985523561727234","0.0498970407947328","8297.00000","6297.00000"
"553022386","Толмачёво","2","0.1964924139624835","0.0344833589275155","16276.00000","14276.00000"
"1218021508","Домодедово","1","0.1523272933515838","0.21250550904368562","1372.00000","-628.00000"
"1044191799","Толмачёво","2","0.2217843227820776","0.14137257319848825","3729.00000","1729.00000"
"901587425","Толмачёво","2","0.14357399531532175","0.08950028339542275","10227.00000","8227.00000"
"1033037482","Толмачёво","1","0.19730191067391398","0.032670996161312006","26375.00000","24375.00000"
"515503716","Домодедово","1","0.1200586851630775","0.016267493864057434","54485.00000","52485.00000"
"314062913","Толмачёво","2","0.23947684005209482","0.006687095438640516","6829.00000","4829.00000"
"732670220","Домодедово","3","0.19573151047169024","0.045119164626096685","31162.00000","29162.00000"
"391311103","Толмачёво","1","0.2530846729586372","0.005709713725988193","11604.00000","9604.00000"
"807339827","Толмачёво","1","0.21844817148767942","0.01734888229102914","8154.00000","6154.00000"
"1045382110","Толмачёво","3","0.22983991328302739","0.01566177162887074","18758.00000","16758.00000"
"962358030","Толмачёво","1","0.19638724215096856","0.012454418679137656","33283.00000","31283.00000"
"1211722023","Толмачёво","1","0.18744502581382314","0.01957121400892982","10975.00000","8975.00000"
"817197136","Домодедово","2","0.25533220838164566","0.08621804391495194","6705.00000","4705.00000"
"1041681935","Домодедово","2","0.2947283470558387","0.06502551374613044","6928.00000","4928.00000"
"262179479","Толмачёво","1","0.24686641689326844","0.002160579141031231","41353.00000","39353.00000"
"973756909","Домодедово","1","0.13306130982503894","0.12200756591284874","9021.00000","7021.00000"
"279737643","Толмачёво","1","0.1346800750238334","0.06924634819494514","18536.00000","16536.00000"
"1220615343","Домодедово","1","0.2583560770441078","0.018313454448744746","11665.00000","9665.00000"
"632777992","Толмачёво","1","0.07917399334668633","0.07202467244293173","33230.00000","31230.00000"
"1128825543","Толмачёво","4","0.22547049564065863","0.005358258503061527","39024.00000","37024.00000"
"126962636","Домодедово","1","0.07584638746161945","0.03590358454729536","74933.00000","72933.00000"
"1214711114","Домодедово","2","0.2904524943271569","0.005755509111388642","28576.00000","26576.00000"
"749572479","Толмачёво","2","0.17804873580274821","0.026304884354664066","47815.00000","45815.00000"
"249854960","Толмачёво","5","0.17996816985290087","0.02479982516172112","38298.00000","36298.00000"
"355555884","Толмачёво","2","0.21957774052796827","0.04138893018982629","4863.00000","2863.00000"
"1211527967","Толмачёво","1","0.17821984153980738","0.012189508230634876","60939.00000","58939.00000"
"396916380","Домодедово","1","0.1331761758907643","0.10945273578101958","18229.00000","16229.00000"
"156274451","Толмачёво","3","0.3075871392373448","0.011724469732057768","5182.00000","3182.00000"
"1159733762","Домодедово","1","0.17212339764966494","0.1250299914183997","3382.00000","1382.00000"
"1027176666","Домодедово","1","0.21029359718500135","0.009113706906283508","60976.00000","58976.00000"
"1200341325","Толмачёво","2","0.2462467300764802","0.07733490227626943","2360.00000","360.00000"
"529618958","Домодедово","3","0.26303572752240456","0.01959598969331727","4288.00000","2288.00000"
"592761934","Толмачёво","3","0.24820048206121614","0.015123164064912294","9072.00000","7072.00000"
"859161939","Домодедово","1","0.22074000546942685","0.05039605268769942","8044.00000","6044.00000"
"739551175","Домодедово","1","0.07152072035562494","0.11847358207559909","24320.00000","22320.00000"
"758479580","Домодедово","2","0.2811962960328614","0.021436980860200405","23703.00000","21703.00000"
"1218539663","Домодедово","1","0.16080771357171134","0.010858301423448952","61139.00000","59139.00000"
"1201486524","Толмачёво","1","0.2785834901829268","0.09460489680906374","7019.00000","5019.00000"
"1218415473","Толмачёво","2","0.19896858303439705","0.011844577023371067","22939.00000","20939.00000"
"379685467","Домодедово","1","0.03762243365128027","0.1548496472091827","15742.00000","13742.00000"
"1039116677","Толмачёво","2","0.25819277255596346","0.034016422370096076","21621.00000","19621.00000"
"1206420614","Толмачёво","2","0.2415689324312719","0.008461385510540442","14480.00000","12480.00000"
"1221155481","Домодедово","1","0.18470819814677497","0.10555375147324746","12414.00000","10414.00000"
"146405599","Домодедово","3","0.19215855343912977","0.005946893382385823","49799.00000","47799.00000"
"619741364","Толмачёво","3","0.06909133908775753","0.15346531059224527","4208.00000","2208.00000"
"1207731037","Домодедово","2","0.16639310100255628","0.17489286300481627","4647.00000","2647.00000"
"1211265523","Толмачёво","2","0.18072021299416768","0.027970551092702182","23183.00000","21183.00000"
"1216513718","Толмачёво","1","0.18221118961601024","0.14136071307059841","2910.00000","910.00000"
"18382605","Толмачёво","1","0.14477274372417484","0.10157018544910862","8764.00000","6764.00000"
"1183883874","Толмачёво","4","0.2183892729554231","0.01889048726447956","33088.00000","31088.00000"
"903345626","Толмачёво","1","0.22949597684725478","0.14761678659775343","2333.00000","333.00000"
"535003319","Домодедово","2","0.23902466580642534","0.01815921824754211","19822.00000","17822.00000"
"1215127949","Толмачёво","1","0.24819388793303887","0.03427083926345011","28779.00000","26779.00000"
"1222213540","Толмачёво","3","0.17691635931155483","0.019953654772304326","34830.00000","32830.00000"
"1222403240","Домодедово","2","0.26401824105305105","0.017588529298803543","18528.00000","16528.00000"
"639210326","Домодедово","1","0.13395514859209284","0.21429904750523632","2858.00000","858.00000"
"1208559772","Домодедово","2","0.2003958529760951","0.03909467177838232","3743.00000","1743.00000"
"588204647","Домодедово","2","0.1889890137651943","0.06317536512088155","11910.00000","9910.00000"
"1186446305","Толмачёво","1","0.20225093397444271","0.04067243454009284","31352.00000","29352.00000"
"700465640","Домодедово","4","0.2670394895440115","0.009823756174132833","51865.00000","49865.00000"
"728228533","Домодедово","1","0.2416636997773156","0.1038332498956414","2795.00000","795.00000"
"1212841115","Домодедово","3","0.2663855973326635","0.014598839101133533","9747.00000","7747.00000"
"1213174714","Домодедово","1","0.1529601672624952","0.15849167429664474","3162.00000","1162.00000"
"221081498","Толмачёво","3","0.24586500527011973","0.01903410330758882","33682.00000","31682.00000"
"1221863718","Толмачёво","2","0.1955849813186649","0.022529836105805216","40254.00000","38254.00000"
"1141228814","Домодедово","2","0.14521311488830377","0.056131947605745976","31823.00000","29823.00000"
"1225034357","Домодедово","2","0.19843456049166644","0.013517610024351525","37672.00000","35672.00000"
"1214245871","Домодедово","1","0.24087318608502317","0.0055603917619808105","27221.00000","25221.00000"
"647056969","Толмачёво","1","0.17056896104672115","0.014296207658433324","13876.00000","11876.00000"
"1220180079","Толмачёво","1","0.2467520443456065","0.04029640283010274","19144.00000","17144.00000"
"1222428303","Домодедово","1","0.18422600799605166","0.04839434006248828","7509.00000","5509.00000"
"1153934304","Толмачёво","1","0.08549477757613366","0.025990217948606835","66570.00000","64570.00000"
"870922163","Толмачёво","3","0.27457584674750063","0.015622558429523347","5445.00000","3445.00000"
"1213021418","Домодедово","1","0.2017247338118139","0.010347863791323603","19128.00000","17128.00000"
"1193160559","Домодедово","3","0.26383490246330227","0.0427385002591703","6965.00000","4965.00000"
"570131190","Домодедово","1","0.29653133609342414","0.09482024526506742","4301.00000","2301.00000"
"867698070","Толмачёво","2","0.27194088068523686","0.06097144922797897","8907.00000","6907.00000"
"741041198","Толмачёво","1","0.13692676676559892","0.02829781504353042","90879.00000","88879.00000"
"1221861235","Домодедово","2","0.18086079864566082","0.016034582503981515","11620.00000","9620.00000"
"1226453199","Домодедово","1","0.26624991901628753","0.017464498728896573","13320.00000","11320.00000"
"1170398522","Толмачёво","2","0.32216364213420307","0.011555929733117708","22475.00000","20475.00000"
"890119672","Толмачёво","3","0.25949143318289486","0.02181828909922995","6839.00000","4839.00000"
"674375696","Домодедово","2","0.1752025106512541","0.14905714028305736","5759.00000","3759.00000"
"1209544761","Домодедово","3","0.26882066085160833","0.015781455439243048","14451.00000","12451.00000"
"134590691","Толмачёво","3","0.1912564298358698","0.09163050896752407","4930.00000","2930.00000"
"909911975","Толмачёво","2","0.2569188865425016","0.004294436516231747","11917.00000","9917.00000"
"562225043","Толмачёво","1","0.3292275036108699","0.0052073057884076445","31022.00000","29022.00000"
"1214813939","Домодедово","1","0.22889023277792922","0.013946162937435443","5659.00000","3659.00000"
"1062500749","Толмачёво","2","0.25759352689121456","0.010425091911226664","29690.00000","27690.00000"
"755813349","Толмачёво","2","0.22347336412466096","0.02297113206756184","23710.00000","21710.00000"
"1035372384","Толмачёво","1","0.23170252289967655","0.01275756841947238","32639.00000","30639.00000"
"1210811120","Домодедово","2","0.1502427802323779","0.14157708404698713","2701.00000","701.00000"
"999476882","Толмачёво","2","0.24304874319903116","0.049643963065110965","19351.00000","17351.00000"
"1099854636","Домодедово","2","0.08128635024475048","0.10616335610392634","4384.00000","2384.00000"
"697230678","Домодедово","1","0.0510514396903086","0.15478762360987564","9292.00000","7292.00000"
"1148453704","Толмачёво","2","0.23297345806041367","0.010923138340767063","25003.00000","23003.00000"
"403192250","Домодедово","3","0.18050970539485184","0.02436295753904015","37975.00000","35975.00000"
"1145867659","Толмачёво","1","0.2558995632730266","0.03310479895277343","7540.00000","5540.00000"
"1181032874","Домодедово","2","0.3172973488603351","0.027398205412753843","10260.00000","8260.00000"
"1213179019","Домодедово","2","0.28707854479854233","0.012689430360985118","21631.00000","19631.00000"
"1089256906","Домодедово","1","0.2073509960911902","0.007840566663229628","62216.00000","60216.00000"
"1215698511","Толмачёво","1","0.1970410922154947","0.020499819533633626","37518.00000","35518.00000"
"508497197","Толмачёво","1","0.11836016829387776","0.08876075952955657","18468.00000","16468.00000"
"1028887269","Домодедово","2","0.3206751798630085","0.061315383126036294","6689.00000","4689.00000"
"946429330","Домодедово","2","0.212496648539658","0.03354828591310114","24168.00000","22168.00000"
"940370564","Домодедово","2","0.3060803231989169","0.0063105829578553345","43703.00000","41703.00000"
"669431542","Толмачёво","1","0.18177373030523214","0.05465287422812735","17221.00000","15221.00000"
"868540004","Толмачёво","3","0.19180019688876504","0.06399183071180552","6104.00000","4104.00000"
"1205876010","Домодедово","1","0.06946287126792632","0.1504323405775386","10173.00000","8173.00000"
"1223211630","Домодедово","2","0.17012416474657635","0.0181407931425995","18511.00000","16511.00000"
"768197543","Толмачёво","1","0.03152049470340432","0.20106351679374143","4160.00000","2160.00000"
"25536719","Толмачёво","4","0.12190077305731911","0.011516357017452445","63958.00000","61958.00000"
"643133078","Толмачёво","4","0.12374125628323043","0.03921758030370585","19310.00000","17310.00000"
"335978886","Толмачёво","4","0.21256065546978556","0.031036986929371964","52775.00000","50775.00000"
"1218082210","Домодедово","2","0.2514081533834862","0.0077789466884799225","5610.00000","3610.00000"
"1045505320","Домодедово","3","0.2859890891644561","0.008662042246570509","2980.00000","980.00000"
"1042927874","Домодедово","2","0.13595871883820257","0.09814932879752535","5036.00000","3036.00000"
"696662201","Толмачёво","2","0.1794401481700028","0.02990280740946245","58289.00000","56289.00000"
"375501230","Домодедово","2","0.11532697437877323","0.04463162693696708","44078.00000","42078.00000"
"260751734","Толмачёво","2","0.17017158483337702","0.03984819370502323","27233.00000","25233.00000"
"356991535","Домодедово","2","0.22158993951769956","0.026736202788261165","36002.00000","34002.00000"
"1222045130","Домодедово","1","0.21335255641480982","0.015429615273729727","22444.00000","20444.00000"
"558538930","Домодедово","1","0.2202106850645705","0.02505953523041528","3478.00000","1478.00000"
"1002506380","Толмачёво","1","0.288870157656494","0.013683036116091243","9024.00000","7024.00000"
"247067441","Домодедово","2","0.17902352367688257","0.05003431004892007","19660.00000","17660.00000"
"1220327595","Домодедово","2","0.15099534922464364","0.14942283655838917","3990.00000","1990.00000"
"1182304688","Домодедово","1","0.254614918720532","0.10534131515548073","3910.00000","1910.00000"
"674239383","Домодедово","2","0.22963457397537845","0.003699420115946025","51160.00000","49160.00000"
"1224917639","Домодедово","2","0.1250279162954157","0.02925662378418659","56160.00000","54160.00000"
"1221948017","Домодедово","3","0.18804000730173315","0.0783483710033036","5411.00000","3411.00000"
"1186931389","Домодедово","2","0.21129666493857532","0.029163072022889324","22322.00000","20322.00000"
"1202514607","Толмачёво","2","0.2777242622771316","0.039502742135532024","3234.00000","1234.00000"
"261998393","Толмачёво","1","0.15934277382137807","0.0032719909547133975","33796.00000","31796.00000"
"1212378274","Домодедово","2","0.2566246091494019","0.009760176442816577","20347.00000","18347.00000"
"1213154645","Толмачёво","2","0.18734029028133345","0.033400457340418646","3789.00000","1789.00000"
"1203829756","Домодедово","1","0.18450306507522823","0.020972126017089227","29071.00000","27071.00000"
"597718366","Домодедово","5","0.2271645088913737","0.00968128571591319","15253.00000","13253.00000"
"1214391339","Домодедово","2","0.30346671257873986","0.005267232271332625","10672.00000","8672.00000"
"1219124213","Толмачёво","1","0.18046777333792546","0.007572465052370798","21223.00000","19223.00000"
"1208810940","Домодедово","2","0.2657736927054259","0.010789464636043565","34519.00000","32519.00000"
"850445019","Толмачёво","2","0.2222122326190082","0.0011618752409523936","15947.00000","13947.00000"
"1202871350","Домодедово","3","0.22617423890736557","0.032729662287024126","9210.00000","7210.00000"
"1219418591","Домодедово","2","0.2587334243063982","0.07366697182570846","4039.00000","2039.00000"
"516215278","Толмачёво","3","0.3085518093293169","0.010744396509825645","37140.00000","35140.00000"
"1209302060","Толмачёво","2","0.30774677594038663","0.04418808889140825","10038.00000","8038.00000"
"1216772595","Домодедово","2","0.16453194291880016","0.058036565695864455","24618.00000","22618.00000"
"1328098117","Толмачёво","1","0.17493374643880288","0.030296544848824037","12516.00000","10516.00000"
"1213294779","Толмачёво","2","0.27764693341782765","0.019438769946486918","9928.00000","7928.00000"
"945353668","Толмачёво","1","0.22897033379410747","0.11007363890725161","6792.00000","4792.00000"
"1292937798","Домодедово","2","0.3234384989307141","0.037303696122844364","6725.00000","4725.00000"
"617280295","Толмачёво","1","0.28122864029440375","0.02083127568362281","9743.00000","7743.00000"
"1210386110","Домодедово","2","0.18458083607157083","0.06473772822693634","11516.00000","9516.00000"
"696974440","Толмачёво","2","0.28790990629678104","0.020248668591449637","8895.00000","6895.00000"
"1214667129","Домодедово","1","0.1966165011848753","0.06628197175228921","11038.00000","9038.00000"
"779973183","Толмачёво","3","0.2516693330669298","0.01754596335774759","18068.00000","16068.00000"
"206975618","Толмачёво","1","0.09018863418240196","0.15501271396494237","6874.00000","4874.00000"
"1218138061","Толмачёво","2","0.2541242435346471","0.03760894370208667","8425.00000","6425.00000"
"1210383185","Толмачёво","2","0.1861323877885637","0.05682669878685207","18652.00000","16652.00000"
"1213669976","Домодедово","2","0.17456153912247907","0.048569065822350974","46664.00000","44664.00000"
"1214883057","Домодедово","2","0.11646568930138707","0.014305435656519056","68166.00000","66166.00000"
"1206281386","Домодедово","2","0.19444517185394297","0.13690115729092192","4728.00000","2728.00000"
"137785517","Толмачёво","4","0.3225878892279452","0.0052035035994518605","31668.00000","29668.00000"
"1167891592","Домодедово","2","0.27789926791561426","0.014577029730038302","5582.00000","3582.00000"
"1035719437","Домодедово","1","0.1349725130408024","0.07123252842760883","29263.00000","27263.00000"
"1043216083","Толмачёво","2","0.25492576630572383","0.0247972091217032","28729.00000","26729.00000"
"153214942","Толмачёво","2","0.26813057834717025","0.007973348157668052","23362.00000","21362.00000"
"1218629511","Толмачёво","2","0.13437336086189888","0.07949191113338451","11306.00000","9306.00000"
"761729404","Домодедово","3","0.18755492037834529","0.01874488978372059","43817.00000","41817.00000"
"1031671054","Толмачёво","1","0.3635864788770632","0.0383269355974861","2799.00000","799.00000"
"1195659848","Толмачёво","2","0.3021886467099114","0.03526157358793503","6895.00000","4895.00000"
"1030508182","Домодедово","1","0.23578070141425359","0.017297580108441766","8475.00000","6475.00000"
"996192581","Домодедово","3","0.27015437589198393","0.026369629009725882","2950.00000","950.00000"
"1221011756","Домодедово","1","0.1512237288053275","0.11749079330899335","5389.00000","3389.00000"
"827217201","Толмачёво","1","0.10107815456549774","0.13585210237689616","9636.00000","7636.00000"
"1196675454","Толмачёво","1","0.1887234722391918","0.006319253487885829","26154.00000","24154.00000"
"782461198","Толмачёво","1","0.23446870198162012","0.06598905974348704","3549.00000","1549.00000"
"1327960607","Толмачёво","3","0.23738505479911076","0.011102228463907344","30891.00000","28891.00000"
"1213241310","Домодедово","1","0.2511410856374975","0.01201312641784358","13898.00000","11898.00000"
"778075366","Толмачёво","5","0.247701011611362","0.010746942428571271","29951.00000","27951.00000"
"583009965","Толмачёво","3","0.2847909537377307","0.0223952622212971","35847.00000","33847.00000"
"1210252014","Толмачёво","2","0.17876299641898333","0.03124217998162704","31789.00000","29789.00000"
"130940632","Толмачёво","1","0.2277819803966109","0.007258120020895314","52666.00000","50666.00000"
"1211630418","Домодедово","1","0.2870432051939328","0.00208456767134297","7734.00000","5734.00000"
"251687707","Толмачёво","3","0.30522908970157453","0.010521174655388644","19138.00000","17138.00000"
"962434406","Толмачёво","1","0.21122051116053284","0.04367314353975752","12224.00000","10224.00000"
"516602403","Толмачёво","2","0.2429570193700257","0.04780526299762189","16332.00000","14332.00000"
"1208059245","Домодедово","2","0.19621388894842365","0.006559160044194454","49840.00000","47840.00000"
"868300999","Домодедово","1","0.20703269586708373","0.07311451834223584","14283.00000","12283.00000"
"802176089","Толмачёво","2","0.2648203300964445","0.015384258824421822","16651.00000","14651.00000"
"1158805060","Домодедово","2","0.2575389050145057","0.029298617586025033","27999.00000","25999.00000"
"257641742","Домодедово","3","0.2938725804281519","0.0072853956659182035","39387.00000","37387.00000"
"1216607316","Домодедово","1","0.11507048020178746","0.08985220844238895","16077.00000","14077.00000"
"600000742","Домодедово","2","0.21366151371118766","0.0035014190328253314","23700.00000","21700.00000"
"293631086","Толмачёво","1","0.3215696019412231","0.018640276258340985","20217.00000","18217.00000"
"250446538","Толмачёво","2","0.20470715516195576","0.02595610711260717","11535.00000","9535.00000"
"607266140","Домодедово","2","0.27308816302536026","0.08080573952411974","8023.00000","6023.00000"
"1031707130","Толмачёво","2","0.25256164725052366","0.02147036217211818","25127.00000","23127.00000"
"1217637182","Домодедово","3","0.3290762961413782","0.04168471862726835","2277.00000","277.00000"
"382595647","Толмачёво","4","0.3734601285221623","0.006527553190294169","7664.00000","5664.00000"
"1206687005","Толмачёво","1","0.2523830365545085","0.02694568649969403","35931.00000","33931.00000"
"786714892","Толмачёво","2","0.29597135579601025","0.06940768671595673","12395.00000","10395.00000"
"271072156","Домодедово","2","0.23870130503150128","0.022473507923896876","2577.00000","577.00000"
"975760171","Домодедово","2","0.2920145105579937","0.017443510821339415","4640.00000","2640.00000"
"857401801","Домодедово","4","0.2648515321361439","0.06808532190967431","17934.00000","15934.00000"
"374152361","Домодедово","2","0.35385504384448874","0.014095590491659905","4498.00000","2498.00000"
"1217974506","Домодедово","1","0.2782185707870918","0.012876144180641962","13094.00000","11094.00000"
"1200781658","Домодедово","4","0.1572128593408492","0.07398525938679015","55023.00000","53023.00000"
"1210042089","Толмачёво","2","0.20923654537204545","0.005997239721646076","20956.00000","18956.00000"
"1041883081","Домодедово","1","0.1836663885144746","0.14383357534684157","3847.00000","1847.00000"
"522476412","Домодедово","2","0.2633227564515054","0.03559385741292933","27201.00000","25201.00000"
"1030114115","Толмачёво","2","0.22635951646668395","0.04716956079647338","3029.00000","1029.00000"
"1060612283","Домодедово","1","0.2509919486940063","0.014397648613175086","3209.00000","1209.00000"
"946220813","Толмачёво","2","0.23270378482667375","0.004425205453705369","33186.00000","31186.00000"
"630023621","Домодедово","2","0.2695883380807448","0.012942080429685596","9712.00000","7712.00000"
"1043991788","Толмачёво","1","0.2780786044653601","0.009960583654032785","2698.00000","698.00000"
"752328858","Толмачёво","2","0.22130007287979944","0.0404835973790007","17419.00000","15419.00000"
"1187635427","Домодедово","2","0.1934167423871583","0.03802834432180396","43009.00000","41009.00000"
"1198662272","Домодедово","2","0.24058053895107384","0.003735787846956749","8911.00000","6911.00000"
"1217019238","Толмачёво","1","0.2061215200837527","0.010842408635651243","13565.00000","11565.00000"
"427414418","Толмачёво","2","0.24615840663660965","0.02055744219067688","38570.00000","36570.00000"
"697197812","Толмачёво","3","0.22723827429774995","0.014594646712594594","8304.00000","6304.00000"
"1210731486","Толмачёво","2","0.2424457890689042","0.08988779485807577","5381.00000","3381.00000"
"614562015","Домодедово","2","0.1546323816089359","0.025493077182227493","68894.00000","66894.00000"
"1034250804","Толмачёво","2","0.2341377645536467","0.04980420034699701","23223.00000","21223.00000"
"1210260131","Домодедово","2","0.22114841762406764","0.039983326935108914","5396.00000","3396.00000"
"1219919820","Толмачёво","1","0.15380588196722125","0.03703141797210662","44122.00000","42122.00000"
"997849765","Домодедово","2","0.18657098087448198","0.029497536383690053","28725.00000","26725.00000"
"1199461707","Домодедово","2","0.14116950065954847","0.02271896045217726","40785.00000","38785.00000"
"747874173","Домодедово","2","0.28892652168455946","0.03567813814407547","10863.00000","8863.00000"
"1216451720","Домодедово","2","0.18314379250704593","0.08496300108882317","7450.00000","5450.00000"
"1172019995","Толмачёво","1","0.1995901505226361","0.0178216034595288","14224.00000","12224.00000"
"1040499532","Толмачёво","1","0.2595757107392941","0.012096530887727644","30554.00000","28554.00000"
"624104396","Домодедово","1","0.10930412102941307","0.11267329708926543","26080.00000","24080.00000"
"704447528","Толмачёво","5","0.40656355812820794","0.018727247726662077","11938.00000","9938.00000"
"683539551","Домодедово","3","0.23061012815533832","0.004070170082881277","40965.00000","38965.00000"
"1225083656","Толмачёво","2","0.1585002604506287","0.09228471324888023","10485.00000","8485.00000"
"624027013","Толмачёво","2","0.24424452424624718","0.013029278419563719","21095.00000","19095.00000"
"868792313","Толмачёво","1","0.3038649049856357","0.0065977837398229315","18124.00000","16124.00000"
"1184881753","Домодедово","1","0.11283012569481793","0.03724989847688821","7309.00000","5309.00000"
"1181375422","Толмачёво","2","0.23599220771652732","0.024617169123906022","13453.00000","11453.00000"
"1020680094","Толмачёво","1","0.04839889848616552","0.14494848572687502","7466.00000","5466.00000"
"732625996","Толмачёво","1","0.1585692112452774","0.12642729414218232","3302.00000","1302.00000"
"532218177","Толмачёво","1","0.1721501771766484","0.05851356913825378","13276.00000","11276.00000"
"1195377224","Домодедово","4","0.2863082703700595","0.01410825445133237","8269.00000","6269.00000"
"1206829102","Домодедово","2","0.29908978196206853","0.03204178276434534","4177.00000","2177.00000"
"1042353686","Толмачёво","1","0.14805138994003633","0.010120220820756127","91133.00000","89133.00000"
"1035885796","Домодедово","2","0.27524610100332075","0.009287300874648876","33078.00000","31078.00000"
"909793335","Толмачёво","2","0.2331870652200324","0.00535254716794645","34514.00000","32514.00000"
"1219289492","Толмачёво","1","0.2413644945594112","0.012154725334248438","7895.00000","5895.00000"
"1223420981","Домодедово","1","0.15458530841369258","0.1717403373446957","4250.00000","2250.00000"
"1035650254","Домодедово","3","0.26226056775914774","0.021851236257767907","12547.00000","10547.00000"
"1218752932","Толмачёво","3","0.21094429092958666","0.019215905317862936","57198.00000","55198.00000"
"703433687","Домодедово","1","0.07163949720248815","0.2026455159906763","4657.00000","2657.00000"
"784412295","Толмачёво","2","0.14097863577712144","0.06209388973698447","25254.00000","23254.00000"
"1220549952","Толмачёво","1","0.19519775093242206","0.07665502499194993","12723.00000","10723.00000"
"697745930","Домодедово","1","0.23085089036883122","0.009514587593138762","9271.00000","7271.00000"
"1327861720","Домодедово","1","0.2556680955998367","0.01733197779587949","2004.00000","4.00000"
"534517710","Домодедово","1","0.10198516165082926","0.11736770051315511","1330.00000","-670.00000"
"863915310","Домодедово","4","0.3037420299562364","0.006101866515536151","6939.00000","4939.00000"
"1052205664","Толмачёво","4","0.3268668069171045","0.007990156513579275","13246.00000","11246.00000"
"237847652","Толмачёво","2","0.2380930460336537","0.0715367478752421","8571.00000","6571.00000"
"1036414009","Домодедово","1","0.1889235867479751","0.004127359770220609","38464.00000","36464.00000"
"396975214","Домодедово","2","0.2948131070765694","0.02588017516513154","12985.00000","10985.00000"
"289117787","Толмачёво","4","0.23493475631230884","0.03310372523066311","4725.00000","2725.00000"
"556486344","Толмачёво","2","0.14297923081900232","0.01181992959859249","20704.00000","18704.00000"
"852055849","Домодедово","2","0.287358315158224","0.028689041626559796","9591.00000","7591.00000"
"273206001","Толмачёво","3","0.20262511871838376","0.01746529150624576","51834.00000","49834.00000"
"1219042744","Домодедово","1","0.19686339195565458","0.0382983352932487","4052.00000","2052.00000"
"1177437311","Толмачёво","2","0.21721956140877938","0.0196374918176896","7114.00000","5114.00000"
"310564186","Домодедово","1","0.1379478176504289","0.021383351173512317","28041.00000","26041.00000"
"1221466846","Домодедово","2","0.14076739180885564","0.17522786302767787","3935.00000","1935.00000"
"280218585","Толмачёво","2","0.17896205564644946","0.005025584987774166","29521.00000","27521.00000"
"1207992918","Толмачёво","2","0.21868117895792705","0.05843136260019029","23247.00000","21247.00000"
"1215059393","Толмачёво","1","0.16205535393988607","0.030357929799863546","51750.00000","49750.00000"
"1067194339","Домодедово","2","0.236297668916388","0.020938903646525155","34634.00000","32634.00000"
"1017956438","Толмачёво","2","0.19379673874495643","0.008852293313383459","34569.00000","32569.00000"
"1193366048","Домодедово","3","0.214110408197071","0.005128751550544471","57748.00000","55748.00000"
"508866388","Домодедово","2","0.2846635869028712","0.056985218320892074","9249.00000","7249.00000"
"1206142590","Домодедово","2","0.2677762936002012","0.01524295205747317","53159.00000","51159.00000"
"334502337","Толмачёво","3","0.17973043245016018","0.03289718697269419","16335.00000","14335.00000"
"268234681","Домодедово","3","0.19079430209764994","0.02081322715987391","82898.00000","80898.00000"
"1208813443","Толмачёво","2","0.1440167634652429","0.1061637038686527","16887.00000","14887.00000"
"1328098411","Толмачёво","1","0.23872872014062","0.0238742333012164","5115.00000","3115.00000"
"292117570","Толмачёво","2","0.1293297350570938","0.10522655605503925","9800.00000","7800.00000"
"429166685","Домодедово","2","0.262463429366504","0.01790386945258002","20945.00000","18945.00000"
"756072681","Домодедово","1","0.10737861416990674","0.06280191344407922","48343.00000","46343.00000"
"1051920163","Толмачёво","1","0.23545346895159155","0.024197097578576278","38337.00000","36337.00000"
"1036729503","Домодедово","2","0.2751346244389408","0.02342885940570831","4538.00000","2538.00000"
"1049190208","Толмачёво","1","0.3101570180076787","0.007144642263088037","2078.00000","78.00000"
"260433819","Домодедово","2","0.21017786950335396","0.02757279422037466","11599.00000","9599.00000"
"1223853634","Домодедово","2","0.1578538868759995","0.10927672128908769","2498.00000","498.00000"
"743431524","Толмачёво","1","0.15938348061458388","0.04362533493651082","28313.00000","26313.00000"
"311605773","Домодедово","2","0.364704891147166","0.005976959195358866","10479.00000","8479.00000"
"1027435903","Домодедово","4","0.27672513836859514","0.011531856347498502","13251.00000","11251.00000"
"348707846","Домодедово","3","0.3011834953019383","0.005743999039716658","17088.00000","15088.00000"
"1215747565","Толмачёво","1","0.2386708647082744","0.01078625350121245","19554.00000","17554.00000"
"258780242","Толмачёво","2","0.25941591068712305","0.05597644494581848","5215.00000","3215.00000"
"1212581639","Толмачёво","2","0.30182567329501775","0.0035158675116793428","35288.00000","33288.00000"
"1037130440","Домодедово","1","0.26227644893287266","0.025531138041906803","9928.00000","7928.00000"
"1164049658","Домодедово","1","0.12841593275605614","0.023067666034331163","63394.00000","61394.00000"
"1056880148","Домодедово","3","0.28924701255129454","0.030137042165267233","13681.00000","11681.00000"
"1207370654","Домодедово","1","0.24338779572914235","0.15693477495821986","2714.00000","714.00000"
"1041022000","Домодедово","2","0.2166674660504074","0.011915833678845203","28848.00000","26848.00000"
"1205770159","Толмачёво","2","0.22226934905159593","0.04726214185013882","20280.00000","18280.00000"
"993312453","Домодедово","2","0.2992037732408535","0.00969546834718262","16295.00000","14295.00000"
"164864529","Домодедово","4","0.20413862066500835","0.03180070236292392","5842.00000","3842.00000"
"249554600","Толмачёво","4","0.31457593150659907","0.016456267692079234","10871.00000","8871.00000"
"639953197","Домодедово","2","0.2699154150570328","0.07528413154480766","4086.00000","2086.00000"
"297204838","Толмачёво","2","0.19353533201369746","0.027659474534403955","14284.00000","12284.00000"
"530321075","Домодедово","1","0.2559048306227199","0.007911181474099136","6814.00000","4814.00000"
"1168139046","Домодедово","2","0.23510169923467927","0.0031133064658691394","45705.00000","43705.00000"
"1036953232","Толмачёво","3","0.2876335737593303","0.014055744156346014","33847.00000","31847.00000"
"393239697","Домодедово","1","0.10574514380744827","0.20080159862337987","5438.00000","3438.00000"
"942946717","Домодедово","2","0.32233326345100155","0.00779798795364974","6967.00000","4967.00000"
"1206680814","Толмачёво","1","0.22009093833856663","0.041867998427556286","13492.00000","11492.00000"
"994522513","Домодедово","1","0.21408736488850108","0.04510807336140638","2966.00000","966.00000"
"567605948","Домодедово","2","0.20456348459114332","0.004426258431908175","",""
"1210834691","Домодедово","2","0.14845652199833473","0.05163011190669932","19323.00000","17323.00000"
"1190424570","Домодедово","1","0.20329148107840816","0.15089015411727044","2574.00000","574.00000"
"1214439977","Толмачёво","2","0.17251764559337268","0.0052539824184190415","84760.00000","82760.00000"
"1027263086","Домодедово","2","0.22297316483515867","0.03339748064570829","3301.00000","1301.00000"
"1200411340","Домодедово","3","0.21212338990838603","0.021572130891685942","41616.00000","39616.00000"
"784731706","Домодедово","1","0.24086759267632862","0.0033919435363284475","60748.00000","58748.00000"
"850490661","Домодедово","1","0.13388420256240913","0.10939222916582828","9239.00000","7239.00000"
"1029794986","Домодедово","2","0.19239190215038843","0.028087410815579434","17769.00000","15769.00000"
"1197926861","Толмачёво","2","0.2718299060601052","0.020086924225413503","10174.00000","8174.00000"
"644345759","Толмачёво","2","0.18953603672843158","0.025959561142808292","31807.00000","29807.00000"
"373230521","Толмачёво","1","0.261973071087851","0.0016640005705967726","23302.00000","21302.00000"
"84551048","Домодедово","2","0.10420730750702023","0.024411826491086006","30573.00000","28573.00000"
"388765728","Домодедово","1","0.20707104645992674","0.029610713922243993","49451.00000","47451.00000"
"1200292511","Толмачёво","2","0.279385271987615","0.01934490468694591","13618.00000","11618.00000"
"1202597988","Толмачёво","1","0.2508211426925243","0.02415929342569463","8631.00000","6631.00000"
"583764606","Толмачёво","2","0.2125096003039301","0.012953191167692063","64104.00000","62104.00000"
"1028951445","Толмачёво","1","0.21198425777832006","0.014979746512043665","9814.00000","7814.00000"
"207375908","Домодедово","3","0.3599008432905241","0.004604575906699049","18888.00000","16888.00000"
"587685442","Толмачёво","1","0.19307883819845276","0.06639427901746145","10771.00000","8771.00000"
"1212452092","Толмачёво","2","0.21041322940967286","0.12077427885443281","2834.00000","834.00000"
"761434049","Толмачёво","2","0.29107467628733563","0.02261047458006329","8816.00000","6816.00000"
"286852749","Толмачёво","2","0.2026983587874643","0.040034880000066435","14387.00000","12387.00000"
"572271548","Толмачёво","1","0.19407137733696891","0.012005586771700057","18591.00000","16591.00000"
"1005637680","Домодедово","1","0.2492625525326927","0.018210657168227975","6561.00000","4561.00000"
"841098036","Домодедово","4","0.13928486330340528","0.012773008878569496","64249.00000","62249.00000"
"1037547863","Домодедово","1","0.21805351379412985","0.08799736247466394","9459.00000","7459.00000"
"1223509372","Домодедово","3","0.20747690411118694","0.019140545998880102","12441.00000","10441.00000"
"1006153340","Домодедово","1","0.1472176802771639","0.15180020250960194","3502.00000","1502.00000"
"1214212729","Толмачёво","1","0.2275707557431762","0.07417445539413783","2014.00000","14.00000"
"255712506","Домодедово","1","0.18765935671284711","0.005880510764707824","19342.00000","17342.00000"
"1034927037","Толмачёво","1","0.1730788925043829","0.00522960320234006","37637.00000","35637.00000"
"892902330","Толмачёво","2","0.22317473336184981","0.07119689955178357","11110.00000","9110.00000"
"802111550","Толмачёво","2","0.25342519834579597","0.03352846108149912","6586.00000","4586.00000"
"1040015211","Домодедово","2","0.32852407355389346","0.009845924912525854","12734.00000","10734.00000"
"276843112","Домодедово","1","0.039854491627227415","0.026230070215038835","67166.00000","65166.00000"
"1042130262","Толмачёво","1","0.23108453459540082","0.01880039086979646","10333.00000","8333.00000"
"1208885400","Толмачёво","3","0.2199290137965669","0.03258632775317288","51009.00000","49009.00000"
"1215138495","Толмачёво","2","0.26847258149410286","0.01946157743098316","14842.00000","12842.00000"
"219612497","Домодедово","1","0.10142347855656227","0.09041436717972065","23090.00000","21090.00000"
"892288404","Домодедово","4","0.2432752179439209","0.014037260181683865","29357.00000","27357.00000"
"549023715","Домодедово","2","0.2874353540594281","0.05367763981777948","5639.00000","3639.00000"
"755269000","Домодедово","2","0.10272746841917883","0.04673836043605059","26019.00000","24019.00000"
"349011423","Домодедово","3","0.26776688436437646","0.020667034361345517","5695.00000","3695.00000"
"731357214","Толмачёво","3","0.15848840434459932","0.052269368016246834","19199.00000","17199.00000"
"1214867581","Домодедово","1","0.1749697905732135","0.11904833452284146","2970.00000","970.00000"
"971939754","Домодедово","3","0.09194095478763649","0.13608176171793332","14004.00000","12004.00000"
"161325651","Домодедово","1","0.0653278024228367","0.050657229257084595","83510.00000","81510.00000"
"938939923","Домодедово","3","0.26759824041289076","0.012190899379756318","11461.00000","9461.00000"
"1224377721","Толмачёво","2","0.2073413232883503","0.026414335340171135","7915.00000","5915.00000"
"1032231102","Толмачёво","1","0.24365654160181463","0.01494588395217049","37990.00000","35990.00000"
"1226043994","Толмачёво","2","0.18563460353385727","0.036012911484536995","7853.00000","5853.00000"
"350971059","Толмачёво","2","0.2765227358763113","0.014731219277731914","4977.00000","2977.00000"
"1036645958","Толмачёво","2","0.2711029718532169","0.012663923920439493","13637.00000","11637.00000"
"1221123986","Толмачёво","1","0.2625143511714588","0.005670883675321618","4343.00000","2343.00000"
"784728103","Толмачёво","1","0.21607914458768887","0.04003342992333179","21184.00000","19184.00000"
"1221927795","Толмачёво","1","0.17197309019070595","0.05998390110973394","8476.00000","6476.00000"
"974034777","Домодедово","2","0.1786994928083328","0.023762298269934968","7863.00000","5863.00000"
"1171443586","Домодедово","4","0.37868836124272204","0.0020432733501219804","4534.00000","2534.00000"
"237100013","Домодедово","4","0.20660802527602137","0.0013819250080702246","17033.00000","15033.00000"
"1218737778","Домодедово","1","0.23194511700484996","0.012491630758571062","17745.00000","15745.00000"
"257881206","Толмачёво","1","0.07916720547828848","0.15585442292849397","5392.00000","3392.00000"
"669249362","Толмачёво","1","0.26489090416351624","0.009117725857699273","23381.00000","21381.00000"
"1210876233","Толмачёво","1","0.12544288490482003","0.09830935499576579","16713.00000","14713.00000"
"763152782","Домодедово","2","0.23249621227494982","0.011925347406627256","10024.00000","8024.00000"
"731387148","Домодедово","1","0.23721131084320846","0.006396145661853859","45633.00000","43633.00000"
"321158945","Толмачёво","2","0.18769570958474174","0.00956133568189889","25917.00000","23917.00000"
"268592604","Толмачёво","2","0.25271238387775025","0.007303436339238862","34169.00000","32169.00000"
"677248942","Домодедово","1","0.21448296669117403","0.011287927221693922","18250.00000","16250.00000"
"723736737","Толмачёво","3","0.22336977106575512","0.03854577339089573","7560.00000","5560.00000"
"1212069285","Толмачёво","2","0.25310098920277363","0.041391883871341524","8427.00000","6427.00000"
"1213126305","Толмачёво","1","0.20315922480800427","0.020919841447672765","13823.00000","11823.00000"
"279800544","Толмачёво","4","0.1487443589745592","0.0168355665120615","22793.00000","20793.00000"
"776076763","Толмачёво","1","0.1656023329327562","0.016195487090795675","55601.00000","53601.00000"
"1214430876","Домодедово","1","0.2862423932683421","0.03575704657007063","15931.00000","13931.00000"
"693111664","Домодедово","2","0.22546411166149166","0.01574814141909359","30905.00000","28905.00000"
"1219788596","Толмачёво","2","0.19021502030438833","0.057769756395288675","8050.00000","6050.00000"
"1186209516","Толмачёво","3","0.24050515779582216","0.020309699128791634","14884.00000","12884.00000"
"1218016776","Домодедово","2","0.3166407464357906","0.010953014832590072","14085.00000","12085.00000"
"1204102488","Домодедово","2","0.2775311177613545","0.02451435213092104","2422.00000","422.00000"
"650824155","Домодедово","1","0.23761413118560482","0.004395094745294396","18834.00000","16834.00000"
"665933435","Домодедово","1","0.33644742634831465","0.034034726816213876","8545.00000","6545.00000"
"776419323","Домодедово","1","0.1478498482552797","0.03232735215898952","4064.00000","2064.00000"
"1147329746","Толмачёво","2","0.22406077532971702","0.040568376637942626","8072.00000","6072.00000"
"584981603","Толмачёво","3","0.27115797734789904","0.013944456236817547","35707.00000","33707.00000"
"242625290","Толмачёво","1","0.3311809687538924","0.004380567362950002","11479.00000","9479.00000"
"1327553721","Толмачёво","2","0.1425144977151441","0.015046880350321697","14835.00000","12835.00000"
"962059923","Домодедово","3","0.2593523846106675","0.0691714571311168","5026.00000","3026.00000"
"1033511545","Домодедово","2","0.2578928426792583","0.025129938370755136","24402.00000","22402.00000"
"159610992","Домодедово","3","0.1692038502789525","0.00561815413208756","64670.00000","62670.00000"
"342046047","Толмачёво","1","0.1939674738446398","0.11213669864945904","7295.00000","5295.00000"
"1196735244","Толмачёво","1","0.2091575460729301","0.09435180446308386","7197.00000","5197.00000"
"1042223905","Домодедово","2","0.19745970709629285","0.0912386181097182","8705.00000","6705.00000"
"1042234864","Толмачёво","1","0.2736112943645899","0.0020385604846107435","5598.00000","3598.00000"
"537065642","Домодедово","1","0.18200353062958016","0.04665456334143225","21098.00000","19098.00000"
"1219467232","Домодедово","1","0.21682358100422577","0.016223208585394878","41910.00000","39910.00000"
"289885156","Толмачёво","3","0.2602370313189817","0.014180945924693862","16661.00000","14661.00000"
"403611938","Домодедово","2","0.25495118102801884","0.025211256320239874","21453.00000","19453.00000"
"295558891","Толмачёво","1","0.174887664159624","0.13072039183985215","5334.00000","3334.00000"
"560706538","Толмачёво","2","0.2910291589618135","0.019861877236930368","11978.00000","9978.00000"
"975562277","Домодедово","3","0.2136285718138278","0.031386708024279154","52347.00000","50347.00000"
"1215707432","Домодедово","1","0.18899863234163372","0.06179335592464638","20268.00000","18268.00000"
"1218511874","Толмачёво","2","0.20823755928256463","0.029244934149521402","17058.00000","15058.00000"
"334108995","Толмачёво","1","0.20307966706534405","0.02474984781345186","30089.00000","28089.00000"
"1200558658","Домодедово","3","0.17203896896490622","0.035087124636917155","72879.00000","70879.00000"
"1218324448","Толмачёво","1","0.25180276907397103","0.030503423862186477","4240.00000","2240.00000"
"1031745926","Домодедово","2","0.23018399593442504","0.002848501685949502","13782.00000","11782.00000"
"1215248054","Домодедово","2","0.23796699070698382","0.0615541485429045","3289.00000","1289.00000"
"258581825","Домодедово","3","0.28205169820241954","0.0030347760300199673","8423.00000","6423.00000"
"1098538496","Домодедово","2","0.31634273477103986","0.0604855187660938","24074.00000","22074.00000"
"1223073467","Домодедово","1","0.18003705269765255","0.11836762344451493","3863.00000","1863.00000"
"282746570","Домодедово","1","0.1955582607922688","0.06842233054752808","9047.00000","7047.00000"
"1063284647","Толмачёво","4","0.24931292431437968","0.002396027697616817","8943.00000","6943.00000"
"1214381447","Толмачёво","1","0.2607350352560518","0.010443835700074226","7577.00000","5577.00000"
"615263654","Домодедово","3","0.3019142132275693","0.047019919987709324","17234.00000","15234.00000"
"520186229","Домодедово","3","0.27805082519151986","0.00489049763763856","24908.00000","22908.00000"
"1030695973","Домодедово","1","0.25259696029580514","0.004820406975999996","22630.00000","20630.00000"
"779273434","Домодедово","1","0.1880740435334644","0.1534477488656355","2571.00000","571.00000"
"689254165","Домодедово","2","0.21880705678163842","0.019667205384293906","45072.00000","43072.00000"
"566254076","Домодедово","1","0.16987648154900162","0.022696737681521122","32775.00000","30775.00000"
"1051502238","Толмачёво","3","0.2526942274942367","0.023501655907039114","20268.00000","18268.00000"
"943088796","Домодедово","1","0.2079125663510335","0.03447442498190749","13890.00000","11890.00000"
"1052911786","Толмачёво","3","0.2148486767227722","0.029304160593432063","20094.00000","18094.00000"
"1070422735","Толмачёво","2","0.2571753989836197","0.015187955532808247","32890.00000","30890.00000"
"1044603676","Домодедово","2","0.28773891286898357","0.04916683408603814","5178.00000","3178.00000"
"1197754639","Домодедово","2","0.1822389714058002","0.03367851039803121","6674.00000","4674.00000"
"1216142672","Домодедово","1","0.133138271718729","0.163317705299181","4021.00000","2021.00000"
"1208155099","Толмачёво","1","0.16932318473590335","0.033380904039658744","51043.00000","49043.00000"
"1215683193","Домодедово","1","0.1622472746631742","0.12852409408108745","5681.00000","3681.00000"
"384664676","Толмачёво","1","0.14644104212427608","0.026027584447663163","49187.00000","47187.00000"
"683577306","Толмачёво","1","0.16105645842222663","0.0656571115868275","15434.00000","13434.00000"
"812437236","Домодедово","1","0.1592187755412943","0.009331703286918232","32165.00000","30165.00000"
"755310529","Домодедово","1","0.08429201912718684","0.1366913733315219","14145.00000","12145.00000"
"1328036118","Домодедово","2","0.20540470512573888","0.10452607727403065","7847.00000","5847.00000"
"868450707","Домодедово","2","0.22667509463576935","0.012388582009043619","29587.00000","27587.00000"
"1328098367","Домодедово","1","0.2190474780020916","0.15025705597224964","2439.00000","439.00000"
"859892545","Толмачёво","2","0.23616958755223702","0.014175629920839334","10216.00000","8216.00000"
"757329629","Домодедово","2","0.133359467432003","0.0811250640123145","12404.00000","10404.00000"
"1041011837","Домодедово","2","0.3074579010870626","0.009936628041613547","8380.00000","6380.00000"
"1063878421","Толмачёво","1","0.2027823228367108","0.06564470349136545","34325.00000","32325.00000"
"1030768812","Домодедово","1","0.1455997344413066","0.006360317012581637","77306.00000","75306.00000"
"907264413","Домодедово","1","0.2301412649544183","0.04974054419477675","22580.00000","20580.00000"
"1239877656","Толмачёво","1","0.2039268234387067","0.08981790906594986","5337.00000","3337.00000"
"908683175","Толмачёво","2","0.3028894004857055","0.012428429126399736","24452.00000","22452.00000"
"675514714","Толмачёво","3","0.32609775205324104","7.695477578674576E-4","28091.00000","26091.00000"
"1218893933","Домодедово","1","0.17398023042933844","0.04114322641043236","16783.00000","14783.00000"
"1202028306","Домодедово","2","0.1956367050622608","0.0675794776792138","8880.00000","6880.00000"
"780675144","Домодедово","3","0.1851146949012204","0.09321019607442478","8650.00000","6650.00000"
"1031424263","Толмачёво","1","0.2171814813887664","0.009160357168469892","17301.00000","15301.00000"
"528996309","Толмачёво","3","0.22421614046494062","0.017317417879069884","30452.00000","28452.00000"
"1220230391","Домодедово","2","0.19301313140328705","0.017677190200789842","53535.00000","51535.00000"
"1194485390","Толмачёво","3","0.19295659172335153","0.011592265124086856","59500.00000","57500.00000"
"1215883972","Толмачёво","1","0.2317161152686916","0.023462748245646523","15217.00000","13217.00000"
"370106758","Домодедово","1","0.2180065107708565","0.04508004828742391","16981.00000","14981.00000"
"1050913055","Домодедово","1","0.09778129109202925","0.057663771809956604","28060.00000","26060.00000"
"1019139186","Толмачёво","1","0.20072774450534903","0.15386302088192233","5207.00000","3207.00000"
"1219712429","Домодедово","2","0.24637281126696803","0.040426399590578324","15519.00000","13519.00000"
"1220977896","Домодедово","1","0.21639332550874618","0.0733570285089581","11082.00000","9082.00000"
"1216492422","Толмачёво","1","0.17281100884581765","0.03855546857378767","32023.00000","30023.00000"
"1225625540","Домодедово","2","0.1666407327214581","0.020295467580102505","33207.00000","31207.00000"
"1211296939","Толмачёво","1","0.2279022881305435","0.055349402660516196","13326.00000","11326.00000"
"1214567172","Толмачёво","1","0.1802053474006168","0.11025838234255277","8659.00000","6659.00000"
"1216472274","Домодедово","3","0.24546843836866272","0.0698002174356829","5272.00000","3272.00000"
"311918688","Толмачёво","2","0.1680270988188859","0.058123917108650704","24476.00000","22476.00000"
"942803929","Домодедово","3","0.053371090642548635","0.07164140480346862","39850.00000","37850.00000"
"957015598","Домодедово","2","0.29856549182539793","0.020160679528444938","30642.00000","28642.00000"
"143246654","Домодедово","2","0.2988113463460815","0.037987394229369816","22705.00000","20705.00000"
"1225057379","Домодедово","2","0.1916768123230025","0.011458057988598941","11343.00000","9343.00000"
"1221100710","Толмачёво","2","0.16776578716851237","0.0918298667544059","3309.00000","1309.00000"
"769933839","Толмачёво","1","0.30816133849771554","0.14051050310869825","2475.00000","475.00000"
"340104020","Домодедово","1","0.1431895513547404","0.08977516796727149","12708.00000","10708.00000"
"533736167","Домодедово","2","0.2134865265035481","0.02751174372919935","17319.00000","15319.00000"
"232448595","Домодедово","4","0.18280812905667723","0.010388725497145921","38658.00000","36658.00000"
"365661823","Домодедово","3","0.23821313442877057","0.014223004912264942","33501.00000","31501.00000"
"1225171156","Толмачёво","2","0.17196096454119297","0.06844188203019913","5636.00000","3636.00000"
"137165532","Толмачёво","3","0.24217637987437943","0.013612293940076637","21957.00000","19957.00000"
"1067660801","Толмачёво","2","0.2177748069142655","0.053586410496505955","17322.00000","15322.00000"
"975909971","Домодедово","1","0.20158680399163834","0.05967797028052371","10935.00000","8935.00000"
"1043066545","Толмачёво","1","0.38152611401579645","0.015435647375934053","3330.00000","1330.00000"
"779242709","Толмачёво","1","0.09971519580697631","0.041000909813246306","78283.00000","76283.00000"
"1145683151","Домодедово","3","0.17665584042273932","0.005823322311829305","11071.00000","9071.00000"
"1193903059","Домодедово","3","0.19603478491331489","0.021847641919771732","55832.00000","53832.00000"
"815235433","Домодедово","2","0.23070110288452467","0.0421132455131093","5375.00000","3375.00000"
"616496761","Толмачёво","2","0.25403865460036446","0.014531791650970953","26702.00000","24702.00000"
"1200121578","Домодедово","3","0.3029943521233951","0.012729514182260667","11182.00000","9182.00000"
"1222624438","Домодедово","2","0.19181635213790144","0.020921070555554283","13082.00000","11082.00000"
"1210238837","Толмачёво","3","0.2283776177659622","0.028762871680139072","2526.00000","526.00000"
"511487281","Толмачёво","1","0.21819020749345994","0.06406867338026173","13720.00000","11720.00000"
"1099687960","Толмачёво","1","0.23474850269455788","0.06053774896572147","8578.00000","6578.00000"
"1049908564","Толмачёво","1","0.2815872601927127","0.015086907220312107","14138.00000","12138.00000"
"258682395","Домодедово","2","0.10626666113946018","0.10801507667379244","31237.00000","29237.00000"
"1068974271","Домодедово","1","0.3031100107928382","0.017417026953783023","10904.00000","8904.00000"
"261535527","Толмачёво","3","0.3499109057194273","0.02760260074897199","10524.00000","8524.00000"
"943234855","Домодедово","1","0.2748180292425684","0.06270259100197684","7538.00000","5538.00000"
"604950622","Домодедово","1","0.1697001754822293","0.13454471595565204","6414.00000","4414.00000"
"280553293","Домодедово","2","0.36375548854909306","0.02070301936345723","24456.00000","22456.00000"
"429592156","Домодедово","1","0.17307996717316315","0.06970861126799102","15807.00000","13807.00000"
"1208406829","Толмачёво","2","0.15622527799385075","0.06681915967367996","4746.00000","2746.00000"
"328122309","Домодедово","3","0.17087463581636225","0.021592581170038996","23455.00000","21455.00000"
"742383732","Домодедово","4","0.3269238558322639","0.0024164110905637954","37266.00000","35266.00000"
"1218919856","Толмачёво","1","0.1480372930322824","0.134897945896603","3890.00000","1890.00000"
"731089846","Домодедово","1","0.24686530736042334","0.022413474351182096","29248.00000","27248.00000"
"1215837522","Домодедово","1","0.28136045324046294","0.008343522590226636","34202.00000","32202.00000"
"1225262095","Домодедово","1","0.17960412472734336","0.021718166158299187","6117.00000","4117.00000"
"1031186416","Домодедово","2","0.20500200423138099","0.06745207291276861","18716.00000","16716.00000"
"1217771423","Домодедово","2","0.2706419920866219","0.015634665992073797","9890.00000","7890.00000"
"799323081","Домодедово","1","0.23772918438017404","0.10924013413262534","5370.00000","3370.00000"
"1214382575","Толмачёво","1","0.14394053322909042","0.043162577864806304","23228.00000","21228.00000"
"969691492","Толмачёво","3","0.2501249976009603","0.05012040145803683","8727.00000","6727.00000"
"221173918","Толмачёво","2","0.2580635807564739","0.0030125107964965527","54053.00000","52053.00000"
"529868715","Домодедово","1","0.31203931436438453","0.011066355401862777","9980.00000","7980.00000"
"731404008","Толмачёво","2","0.22810944680787343","0.009846212241503732","23336.00000","21336.00000"
"766322536","Домодедово","2","0.17117268294060653","0.00929144009539415","33888.00000","31888.00000"
"505438170","Домодедово","1","0.1720710938336709","0.0929858473378408","8067.00000","6067.00000"
"1223971252","Толмачёво","1","0.23520290764144636","0.005963776628452669","7640.00000","5640.00000"
"1223229082","Домодедово","1","0.20960824697498265","0.011063263242958914","13874.00000","11874.00000"
"1209172693","Домодедово","2","0.210470695732493","0.06039186245169007","24456.00000","22456.00000"
"1214813098","Домодедово","2","0.22891566226357746","0.027417146162523526","5883.00000","3883.00000"
"1037695873","Домодедово","1","0.11935619238050103","0.10849964544938244","10685.00000","8685.00000"
"772408282","Домодедово","1","0.19952714144139955","0.1590297361352146","2871.00000","871.00000"
"600525137","Домодедово","3","0.2849939225428022","0.005100636446202846","49158.00000","47158.00000"
"267819664","Домодедово","1","0.2638496531861312","0.010868993106872898","6068.00000","4068.00000"
"1085878565","Домодедово","1","0.16769309969298593","0.01178349288393732","39021.00000","37021.00000"
"1068986728","Толмачёво","1","0.22277500272453948","0.03376334201253049","8589.00000","6589.00000"
"1226029748","Толмачёво","2","0.18670529298374414","0.025119076297005518","13082.00000","11082.00000"
"1181575034","Толмачёво","2","0.3711751961851529","0.025640661657928897","12223.00000","10223.00000"
"697667888","Толмачёво","2","0.3044356370220843","0.010168673795405543","13780.00000","11780.00000"
"894251665","Толмачёво","1","0.16150426622785474","0.014861722146466728","54733.00000","52733.00000"
"334723961","Толмачёво","2","0.24959533244674603","0.025121166782644963","24681.00000","22681.00000"
"1199653667","Толмачёво","1","0.18249321761731788","0.09292103788473315","4246.00000","2246.00000"
"1033452156","Толмачёво","1","0.16466020790016528","0.1594713160428237","4293.00000","2293.00000"
"1043315741","Толмачёво","5","0.23342316247899578","0.03141220916961332","10499.00000","8499.00000"
"349833048","Толмачёво","1","0.19758441005479607","0.1034829937699231","10192.00000","8192.00000"
"1030264706","Домодедово","2","0.18602283662056074","0.04484125719046008","2625.00000","625.00000"
"909993142","Домодедово","3","0.2661370174005892","0.022010495688700855","7414.00000","5414.00000"
"1199099890","Толмачёво","2","0.1904864406562197","0.0788013167649794","12185.00000","10185.00000"
"1065456100","Толмачёво","2","0.21211114019079666","0.1189405986698398","2748.00000","748.00000"
"558174040","Толмачёво","4","0.21660298061789493","0.04201405696376436","45488.00000","43488.00000"
"1198718517","Домодедово","1","0.18336602126319507","0.03386275730848776","12979.00000","10979.00000"
"1204186208","Толмачёво","3","0.21377499648648196","0.05273672168342874","9908.00000","7908.00000"
"1203049910","Домодедово","1","0.17224340173599959","0.07546378135449196","17729.00000","15729.00000"
"1219072829","Толмачёво","2","0.21414431759431368","0.019076297682763588","50136.00000","48136.00000"
"724447736","Толмачёво","1","0.3214201878410629","0.06423963258997432","3494.00000","1494.00000"
"121772064","Домодедово","3","0.21036775492680782","0.03153400904990084","8133.00000","6133.00000"
"518499363","Домодедово","1","0.2343621957728263","0.008744587512993248","41052.00000","39052.00000"
"1033734663","Домодедово","2","0.19120093294779564","0.1107803403921827","11161.00000","9161.00000"
"1042298445","Домодедово","2","0.3875350266873475","0.025833813452832827","2845.00000","845.00000"
"671970204","Домодедово","2","0.23423801762269253","0.09849004916354266","5557.00000","3557.00000"
"1198756121","Толмачёво","2","0.10766773170720123","0.07916457085546391","25528.00000","23528.00000"
"975327261","Толмачёво","1","0.2762718396490805","0.00834977826372277","7658.00000","5658.00000"
"1073887032","Домодедово","2","0.21259099447775487","0.037587516362981244","16292.00000","14292.00000"
"1027133462","Домодедово","1","0.2859154062080264","0.0022522754162479005","14049.00000","12049.00000"
"1225228496","Толмачёво","2","0.2698297901924857","0.013500910151818542","2497.00000","497.00000"
"1013297990","Толмачёво","2","0.15861490080749144","0.01670272175887024","35661.00000","33661.00000"
"634720861","Домодедово","1","0.038660162883861274","0.12013459607878178","26551.00000","24551.00000"
"518186203","Толмачёво","3","0.27308049091654013","0.020047883704845875","18004.00000","16004.00000"
"1008234532","Толмачёво","1","0.22984843395356586","0.15097274925986276","4220.00000","2220.00000"
"262536867","Толмачёво","4","0.20628185001407473","0.003511087695017001","37825.00000","35825.00000"
"1212075499","Домодедово","2","0.19092488626701934","0.04048587007357079","18117.00000","16117.00000"
"391641913","Домодедово","2","0.15571543275906322","0.016645648854111857","55548.00000","53548.00000"
"1004480789","Толмачёво","3","0.21016259300432322","0.011995915519891171","7425.00000","5425.00000"
"1203934584","Толмачёво","1","0.09254079291376621","0.11430071002973424","7150.00000","5150.00000"
"1058079615","Домодедово","2","0.2981360938082283","0.0696150220119625","5514.00000","3514.00000"
"629370085","Толмачёво","2","0.20959307187192913","0.015360665856417115","40323.00000","38323.00000"
"1214884607","Толмачёво","1","0.21083028859205327","0.0634643486403111","14679.00000","12679.00000"
"1046606734","Домодедово","1","0.2305532178813929","0.05217812434673349","19976.00000","17976.00000"
"1212942288","Толмачёво","3","0.1794694411056178","0.03801591812090824","20465.00000","18465.00000"
"970297935","Домодедово","2","0.27376846504382635","0.024845520706366087","9124.00000","7124.00000"
"808349943","Домодедово","2","0.17638762908185054","0.12354681657183002","6113.00000","4113.00000"
"507669491","Толмачёво","1","0.1884627796265466","0.015020151812797826","24867.00000","22867.00000"
"821344716","Толмачёво","1","0.08349067736045682","0.05572158548344832","44928.00000","42928.00000"
"521572239","Домодедово","1","0.24492911750367374","0.01669617823913218","8887.00000","6887.00000"
"1213546666","Домодедово","2","0.23611403338305176","0.02044631647098622","10397.00000","8397.00000"
"1098670994","Домодедово","2","0.3265762205465961","0.020595124281117594","14101.00000","12101.00000"
"899273396","Толмачёво","1","0.1706431070790174","0.1091161758172699","8543.00000","6543.00000"
"1210850325","Толмачёво","3","0.1572879463248436","0.08104376921452379","4734.00000","2734.00000"
"1220816668","Домодедово","1","0.1737257346477097","0.04910722476457423","2353.00000","353.00000"
"1210774630","Толмачёво","1","0.22859607920009825","0.024615878368532445","40844.00000","38844.00000"
"1042189865","Домодедово","2","0.25822471742538045","0.009638787111756439","7836.00000","5836.00000"
"1206021916","Толмачёво","1","0.20024766601118404","0.017019590175285357","15109.00000","13109.00000"
"975570151","Домодедово","2","0.2094779816784465","0.07374455043324755","11839.00000","9839.00000"
"1215191984","Толмачёво","2","0.19713798643013958","0.043576214155805634","8365.00000","6365.00000"
"1224784974","Домодедово","1","0.3050780638445992","0.00508443243935305","5602.00000","3602.00000"
"1034008810","Домодедово","2","0.16736579962188783","0.07430876236708803","5526.00000","3526.00000"
"1214801202","Толмачёво","2","0.25720789854305154","0.01875206815721013","32992.00000","30992.00000"
"1210103798","Толмачёво","2","0.17175793752340981","0.047686234354550744","49315.00000","47315.00000"
"1201868914","Домодедово","1","0.2654198435973108","0.023839993916038988","50713.00000","48713.00000"
"1033237011","Толмачёво","1","0.2442947848598787","0.007523052005622873","19275.00000","17275.00000"
"1035021454","Толмачёво","3","0.2384073060553969","0.0582362040666776","11164.00000","9164.00000"
"1039258473","Домодедово","2","0.2112740201985368","0.06998295238050371","3242.00000","1242.00000"
"1187589096","Домодедово","1","0.17714938024512714","0.024136290431925212","33724.00000","31724.00000"
"355920589","Толмачёво","1","0.24262530783433006","0.052682818305406394","4124.00000","2124.00000"
"1082310404","Домодедово","1","0.2406639204485799","0.005835950499281196","31012.00000","29012.00000"
"1164661527","Толмачёво","1","0.1728711189218311","0.1841919061118187","854.00000","-1146.00000"
"1207117770","Толмачёво","1","0.158380797612656","0.09617196563315494","15616.00000","13616.00000"
"1218330173","Толмачёво","1","0.22505146400312148","0.009158247198646038","5642.00000","3642.00000"
"1218870789","Домодедово","1","0.18065816837945112","0.1641323576853917","3045.00000","1045.00000"
"701764239","Толмачёво","2","0.22242748951038152","0.021525409678350534","16319.00000","14319.00000"
"899962033","Толмачёво","2","0.20045436301219582","0.1369548885526334","3988.00000","1988.00000"
"402228092","Домодедово","1","0.27847679583771223","0.02882644185861698","27634.00000","25634.00000"
"966663907","Толмачёво","2","0.22532973015721486","0.05133683926540715","4203.00000","2203.00000"
"1224407032","Толмачёво","1","0.2217857759187428","0.03966723598744167","5108.00000","3108.00000"
"1221147481","Толмачёво","2","0.27997893085859804","0.01021786455307521","28027.00000","26027.00000"
"1213500917","Домодедово","1","0.27230934605310253","0.030117396141084378","8800.00000","6800.00000"
"1220847459","Домодедово","1","0.2205839275902481","0.03038869871687194","11524.00000","9524.00000"
"598108604","Толмачёво","3","0.08781726897286977","0.0030315523633577036","51130.00000","49130.00000"
"1195846887","Домодедово","1","0.19995317776440122","0.01791241129105127","19746.00000","17746.00000"
"1043711213","Толмачёво","2","0.218867263375435","0.011269901338065163","11155.00000","9155.00000"
"1214979650","Толмачёво","2","0.19736204708214317","0.031749551140650624","11879.00000","9879.00000"
"211068451","Толмачёво","1","0.29111845993865676","0.004771821018464923","5318.00000","3318.00000"
"261465700","Домодедово","2","0.1405496963845104","0.12630323950932357","9221.00000","7221.00000"
"741285621","Домодедово","2","0.20381604171519338","0.016050074442081508","47368.00000","45368.00000"
"849317118","Домодедово","2","0.306302571427018","0.025230399833930422","24339.00000","22339.00000"
"256663581","Домодедово","2","0.2288476861536917","0.030640801124838586","5714.00000","3714.00000"
"346750780","Толмачёво","1","0.3079827310385515","0.003377800925540166","5720.00000","3720.00000"
"520415678","Домодедово","2","0.32803750474471577","0.0043587189923820005","27409.00000","25409.00000"
"1202137445","Домодедово","2","0.16668524754142724","0.10071908218817081","4863.00000","2863.00000"
"1209910341","Домодедово","1","0.19972135241731725","0.03176995548773484","8900.00000","6900.00000"
"373769450","Домодедово","2","0.24333849768977156","0.030524817638234995","11029.00000","9029.00000"
"1042782561","Домодедово","3","0.22957386231532392","0.0283259324396605","37407.00000","35407.00000"
"275023218","Толмачёво","3","0.34003695433437214","0.015165513885855122","9606.00000","7606.00000"
"309942930","Толмачёво","3","0.21318137742208143","0.04524009450253704","11148.00000","9148.00000"
"857359102","Домодедово","1","0.23568275265528807","0.10042553259076341","8911.00000","6911.00000"
"131234297","Толмачёво","2","0.17911338274086033","0.04931341902934728","21921.00000","19921.00000"
"275882320","Домодедово","3","0.16230623275573589","0.01778954399467938","10461.00000","8461.00000"
"1220162330","Домодедово","1","0.21473951400073335","0.045649184312727055","15390.00000","13390.00000"
"210127101","Толмачёво","3","0.11847548100223183","0.007700840559264267","76013.00000","74013.00000"
"1199063304","Толмачёво","1","0.19990127394294507","0.05456758710194447","7536.00000","5536.00000"
"1169504308","Толмачёво","2","0.17670324052255088","0.13237319213481985","4784.00000","2784.00000"
"903878720","Толмачёво","3","0.2484999299808103","0.004342189166870648","8942.00000","6942.00000"
"942708381","Толмачёво","2","0.24795531361244835","0.030004366097760155","8187.00000","6187.00000"
"1210623251","Толмачёво","1","0.28265169535134516","0.045974456315133555","8505.00000","6505.00000"
"1173492826","Толмачёво","1","0.22666018659628823","0.04214478037011139","7666.00000","5666.00000"
"895421408","Домодедово","3","0.17191105226711476","0.027083542988564593","18945.00000","16945.00000"
"756868657","Домодедово","3","0.25023725569458255","0.03200685423900184","6625.00000","4625.00000"
"1215042603","Толмачёво","2","0.26359856928571707","0.04835865882109672","5075.00000","3075.00000"
"962015920","Толмачёво","1","0.25369783658489403","0.059072190559893725","15892.00000","13892.00000"
"1215034399","Домодедово","1","0.23038607178076634","0.009938782544673062","17797.00000","15797.00000"
"322217434","Толмачёво","2","0.16658692139900688","0.014824649808091101","43840.00000","41840.00000"
"764865532","Домодедово","2","0.22214077315570857","0.00687854143152097","13611.00000","11611.00000"
"583768685","Домодедово","2","0.34594364721223547","0.0013103464459668106","2760.00000","760.00000"
"1208909165","Домодедово","2","0.28352997386465406","0.0848302875265497","7458.00000","5458.00000"
"1208955499","Толмачёво","2","0.26578641831174643","0.02084836345507313","13964.00000","11964.00000"
"144577057","Толмачёво","2","0.18888389940892492","0.003877918672232238","6258.00000","4258.00000"
"360436583","Толмачёво","3","0.23149027869195102","0.007346916717065978","22576.00000","20576.00000"
"288591127","Толмачёво","2","0.3300044102877772","0.03057703311490343","2020.00000","20.00000"
"1223639901","Домодедово","2","0.20447879252620055","0.060442534909301","5347.00000","3347.00000"
"941893189","Толмачёво","2","0.19880827646673274","0.03832034747589252","43792.00000","41792.00000"
"270577550","Толмачёво","1","0.09443923423521176","0.11722095514828226","30297.00000","28297.00000"
"1207009666","Домодедово","2","0.23456859632624283","0.0688513641291772","16528.00000","14528.00000"
"1208850173","Домодедово","2","0.27006402751948944","0.060433483560293565","4724.00000","2724.00000"
"550379830","Толмачёво","3","0.28986232407995777","0.03085776559384387","40280.00000","38280.00000"
"1033040057","Домодедово","3","0.22822863311624994","0.03423699215995026","3867.00000","1867.00000"
"1213960796","Домодедово","2","0.15614280336426972","0.017448104393698465","43844.00000","41844.00000"
"1206540626","Толмачёво","2","0.19166688957663183","0.020912709824474126","30315.00000","28315.00000"
"1213488993","Домодедово","1","0.10337100559110055","0.022952227244927847","48414.00000","46414.00000"
"1045112063","Толмачёво","2","0.23835804593299026","0.04501080025061236","12273.00000","10273.00000"
"1222444927","Толмачёво","2","0.1982763094951857","0.0055203351916361275","12871.00000","10871.00000"
"1036713254","Толмачёво","2","0.24783471337907362","0.03813740630716669","14954.00000","12954.00000"
"1213024296","Толмачёво","2","0.26331516789429615","0.031042589558491207","6455.00000","4455.00000"
"903556475","Толмачёво","3","0.16719690376808108","0.024604340497840167","76113.00000","74113.00000"
"125731081","Домодедово","2","0.30644573710630996","0.020709302633299665","11683.00000","9683.00000"
"1040530664","Толмачёво","1","0.1893255449195344","0.038195955630182625","5532.00000","3532.00000"
"642267002","Толмачёво","2","0.13715528873905855","0.020660980724300247","79828.00000","77828.00000"
"379003443","Домодедово","1","0.27776367771010474","0.04498216855032039","8837.00000","6837.00000"
"1039333266","Толмачёво","1","0.292195885284243","0.03390397963621913","5312.00000","3312.00000"
"624945619","Толмачёво","1","0.11693328808680649","0.1208018833111953","9578.00000","7578.00000"
"383048085","Домодедово","1","0.11031840113524904","0.005011396560638283","40114.00000","38114.00000"
"741041198","Толмачёво","1","0.13692676676559892","0.02829781504353042","90879.00000","88879.00000"
"678565713","Домодедово","3","0.3412353236451865","0.0030737283556304773","29784.00000","27784.00000"
"258947151","Домодедово","1","0.2003951801565988","0.03686004447217311","40665.00000","38665.00000"
"1182427126","Домодедово","1","0.15603711820501667","0.14928593844879554","6375.00000","4375.00000"
"1037651583","Толмачёво","1","0.08813051183378391","0.08230465714912968","19740.00000","17740.00000"
"1211545406","Толмачёво","1","0.23142069395336792","0.025997872894724","32664.00000","30664.00000"
"218665061","Домодедово","1","0.13092990490736128","0.030668711087900553","22171.00000","20171.00000"
"852700181","Домодедово","2","0.09978729186386613","0.05835081579587046","27910.00000","25910.00000"
"761360861","Домодедово","3","0.18417009943356716","0.015559290624170045","33208.00000","31208.00000"
"1210347236","Домодедово","2","0.16956955502948365","0.0876188140888729","2181.00000","181.00000"
"1058827868","Домодедово","3","0.2615482868252562","0.021788020443702923","10646.00000","8646.00000"
"130172431","Толмачёво","3","0.12326734505462103","0.04204582395263259","78843.00000","76843.00000"
"1140346365","Толмачёво","1","0.23598039477841276","0.04569058442360837","6302.00000","4302.00000"
"1205172384","Домодедово","2","0.200846197624792","0.05154695956051412","31912.00000","29912.00000"
"692634957","Домодедово","3","0.3083407602436412","0.01988777137981266","6822.00000","4822.00000"
"1061059777","Толмачёво","2","0.23702176303207717","0.039776000892113146","42774.00000","40774.00000"
"346227269","Домодедово","2","0.1394290001703633","0.018640004931604226","29469.00000","27469.00000"
"945356552","Домодедово","1","0.061283743861544185","0.16796477373087615","4172.00000","2172.00000"
"799241042","Толмачёво","1","0.3347736742657406","0.012188531493283724","25957.00000","23957.00000"
"270913038","Домодедово","3","0.25359629635941355","0.002337327830012774","60087.00000","58087.00000"
"267434826","Домодедово","1","0.2540374179595414","0.02570411838166619","12256.00000","10256.00000"
"618688622","Толмачёво","2","0.2167820782230085","0.013374528324421934","39348.00000","37348.00000"
"1217390292","Домодедово","2","0.24280402479001942","0.01531273527194455","25767.00000","23767.00000"
"1217495563","Толмачёво","1","0.1724533150061147","0.008957959484248847","43808.00000","41808.00000"
"1218656421","Домодедово","2","0.21434814552849749","0.04622601383108894","3624.00000","1624.00000"
"387689590","Толмачёво","3","0.18851135984565603","0.07293174359832218","28617.00000","26617.00000"
"942146018","Домодедово","1","0.1690143855811611","0.2159608836916428","2228.00000","228.00000"
"1215866145","Толмачёво","2","0.24405490049629333","0.02326241157823311","14232.00000","12232.00000"
"1211456144","Толмачёво","1","0.20277152796352116","0.005317781839013287","23349.00000","21349.00000"
"544840605","Толмачёво","2","0.2248151342751582","0.08234527145902995","2035.00000","35.00000"
"1035637436","Домодедово","1","0.2328962007239612","0.057353517651850316","8188.00000","6188.00000"
"1225972779","Домодедово","2","0.22811225667821658","0.006973128517187324","25492.00000","23492.00000"
"1184170826","Домодедово","2","0.2791913258920397","0.01568792180187222","8192.00000","6192.00000"
"1042570179","Домодедово","1","0.230232774566081","0.042133861019593814","36587.00000","34587.00000"
"1219640806","Толмачёво","2","0.17492044679787697","0.010137658950075018","51600.00000","49600.00000"
"1213399553","Домодедово","2","0.23426992690882315","0.054074308706628195","10102.00000","8102.00000"
"83235405","Домодедово","1","0.12561671733614754","0.016655549123424953","20074.00000","18074.00000"
"150722605","Толмачёво","2","0.21565538953552368","0.01633840814407052","34990.00000","32990.00000"
"1220129991","Толмачёво","2","0.16778460620418717","0.028991443926455123","22840.00000","20840.00000"
"1069682614","Домодедово","2","0.22245337517762767","0.08361984566718933","10659.00000","8659.00000"
"939123464","Домодедово","2","0.13550111027116973","0.04966522757292891","29723.00000","27723.00000"
"896211982","Толмачёво","4","0.27127875095008835","0.021011890930154705","10712.00000","8712.00000"
"1209373902","Толмачёво","1","0.23620074429283094","0.010179226156330096","6209.00000","4209.00000"
"704078139","Домодедово","1","0.2903590765188347","0.06027987620562886","18936.00000","16936.00000"
"1215079719","Толмачёво","1","0.2595705004580305","0.0225403290029557","22367.00000","20367.00000"
"1199988878","Толмачёво","2","0.19989134357056487","0.048760746442669645","18128.00000","16128.00000"
"313365215","Толмачёво","2","0.23922912227843188","0.03274183327356306","6088.00000","4088.00000"
"138673018","Толмачёво","1","0.1288601718174648","0.12742319604600272","10915.00000","8915.00000"
"1142765825","Толмачёво","2","0.18516607246012243","0.028031865533299515","66220.00000","64220.00000"
"794753291","Домодедово","1","0.1459447107993783","0.02747119359076121","61393.00000","59393.00000"
"701183656","Домодедово","2","0.2855618813550902","0.01967968305634063","16018.00000","14018.00000"
"899041099","Домодедово","2","0.06878977758130053","0.15902372264852632","9388.00000","7388.00000"
"1071347409","Толмачёво","1","0.14832309785234407","0.10112114101626657","27659.00000","25659.00000"
"1195300543","Толмачёво","2","0.2626668500120379","0.023110486409933427","7027.00000","5027.00000"
"324927913","Домодедово","4","0.20507081890163217","0.008469127328789914","5762.00000","3762.00000"
"726356890","Домодедово","1","0.09756313164997685","0.01712755307035905","91551.00000","89551.00000"
"1200834424","Толмачёво","1","0.1054142242532915","0.14361833769744106","3978.00000","1978.00000"
"1210282371","Домодедово","2","0.2785806063087972","0.04795875744992747","11573.00000","9573.00000"
"366300501","Толмачёво","3","0.21847712829222385","0.027858092392548238","24023.00000","22023.00000"
"1031541535","Домодедово","2","0.30977257203397107","0.04001082570679878","7716.00000","5716.00000"
"1035984816","Толмачёво","2","0.29253901668631693","0.0032533081276101034","22223.00000","20223.00000"
"261907093","Домодедово","3","0.24497893774215207","0.020450854859503563","23870.00000","21870.00000"
"1185888442","Домодедово","4","0.27362662789635933","0.01157621365763139","40868.00000","38868.00000"
"1209300852","Домодедово","2","0.24633179939657457","0.12509499163177787","2098.00000","98.00000"
"536560497","Домодедово","1","0.16572551323639856","0.10688350798283403","5350.00000","3350.00000"
"859935573","Толмачёво","2","0.2838303983195457","0.09905100017602987","2659.00000","659.00000"
"1221343588","Домодедово","1","0.21793812387701544","0.031435756869627664","14625.00000","12625.00000"
"959061046","Толмачёво","2","0.19411884208843805","0.05586383584905224","28856.00000","26856.00000"
"1192303988","Домодедово","1","0.15092082966076004","0.09061632807733985","13597.00000","11597.00000"
"637829588","Толмачёво","1","0.17088270851164045","0.023873377603313338","41853.00000","39853.00000"
"295270158","Домодедово","4","0.26752396911114745","0.012838457512342387","35778.00000","33778.00000"
"1231896641","Домодедово","2","0.18101379235305656","0.06208586124419087","8755.00000","6755.00000"
"1222047551","Домодедово","1","0.12646800054118137","0.14409829123529397","3064.00000","1064.00000"
"938597770","Толмачёво","2","0.27390281250136733","0.009082142355396264","10665.00000","8665.00000"
"1032641509","Толмачёво","2","0.22921353110583878","0.013043133496693029","21069.00000","19069.00000"
"784946000","Толмачёво","2","0.059913652950512486","0.007228728627393721","119621.00000","117621.00000"
"1219154418","Толмачёво","1","0.2584568461347638","0.033641281242414535","7381.00000","5381.00000"
"730973552","Домодедово","1","0.18141146974521363","0.10667662767766731","6955.00000","4955.00000"
"1224346996","Толмачёво","1","0.28173147873693394","0.002259568078228346","3226.00000","1226.00000"
"1073886538","Домодедово","3","0.2516833598898567","0.06748327319502176","7342.00000","5342.00000"
"1033844100","Толмачёво","1","0.1875306785891896","0.1754781062277372","3544.00000","1544.00000"
"1036470648","Толмачёво","2","0.1798513452333645","0.055688528829730397","13549.00000","11549.00000"
"367006438","Домодедово","2","0.15447936941012358","0.017932517488034323","55285.00000","53285.00000"
"1217178426","Толмачёво","1","0.25805180346817735","0.018089444249527145","14582.00000","12582.00000"
"549037858","Домодедово","1","0.274444707170486","0.03084249074654721","29623.00000","27623.00000"
"1200898197","Домодедово","3","0.31323946938540176","0.015992542298457854","3639.00000","1639.00000"
"1212757893","Толмачёво","1","0.24158435149225269","0.02574083191468922","8496.00000","6496.00000"
"1212129916","Толмачёво","1","0.15992919322479052","0.13312916976452607","6234.00000","4234.00000"
"1212228394","Домодедово","2","0.23913160611345632","0.029518383380403992","4099.00000","2099.00000"
"274307529","Толмачёво","2","0.253958464734001","0.014900559032659726","5331.00000","3331.00000"
"382958922","Домодедово","4","0.24810862243144977","0.014991716145779141","42116.00000","40116.00000"
"312663171","Домодедово","2","0.15139557604636594","0.11360719960598041","6109.00000","4109.00000"
"1199224007","Толмачёво","3","0.12519252333740682","0.020538895353125083","66645.00000","64645.00000"
"1197621108","Домодедово","3","0.25356525543353786","0.015160482935188731","30104.00000","28104.00000"
"1328054858","Толмачёво","1","0.1222953610653816","0.09879261995134556","35615.00000","33615.00000"
"940383153","Домодедово","1","0.2489395598071618","0.020484533132037797","52009.00000","50009.00000"
"1010355501","Толмачёво","3","0.17500009968292757","0.05657867054127315","25140.00000","23140.00000"
"812937531","Домодедово","2","0.1968676779619269","0.054444568125808175","9350.00000","7350.00000"
"1191652413","Толмачёво","1","0.135701014546659","0.21859807512289683","2522.00000","522.00000"
"621644215","Домодедово","3","0.23709434860812678","0.008158096396567449","48426.00000","46426.00000"
"1219965821","Домодедово","2","0.230497291508107","0.020644465711956952","8019.00000","6019.00000"
"1214396193","Толмачёво","2","0.26775960283240274","0.0488426112992354","6164.00000","4164.00000"
"509543467","Домодедово","1","0.25849746315132854","0.012957690290876437","30496.00000","28496.00000"
"1145932639","Домодедово","1","0.2629903548492549","0.030733671335797998","4043.00000","2043.00000"
"1028748439","Домодедово","1","0.2281415699540952","0.06555894248065924","4568.00000","2568.00000"
"952570239","Толмачёво","1","0.1581492398144612","0.1925051996584081","2624.00000","624.00000"
"1044445723","Толмачёво","3","0.29839930439173623","0.007399358512430506","13701.00000","11701.00000"
"1234330723","Толмачёво","2","0.18888099770080052","0.023775522424603308","4757.00000","2757.00000"
"548948818","Домодедово","1","0.25024846871744566","0.07712376330991481","7893.00000","5893.00000"
"1217678803","Домодедово","1","0.2440028350602563","0.03775973680211586","9199.00000","7199.00000"
"264985239","Толмачёво","1","0.2689492745910308","0.014568629665780547","4844.00000","2844.00000"
"289533066","Толмачёво","2","0.19900080136866777","0.03895976740768598","3361.00000","1361.00000"
"216010223","Домодедово","1","0.1909252393259796","0.014056305896173444","4410.00000","2410.00000"
"1218593332","Домодедово","2","0.28481922617509486","0.0493706509334124","8093.00000","6093.00000"
"1077322051","Домодедово","2","0.1976002413705777","0.050580349819933326","11166.00000","9166.00000"
"999777778","Толмачёво","1","0.25595147824941167","0.020435189951986857","17734.00000","15734.00000"
"1222446683","Толмачёво","1","0.1900275292612497","0.02026929001045417","24160.00000","22160.00000"
"903346715","Домодедово","2","0.24542830656071016","0.06712797151014224","16197.00000","14197.00000"
"1220484007","Домодедово","1","0.22898756131631795","0.014910831202536404","13020.00000","11020.00000"
"544255956","Толмачёво","2","0.27514007367145277","0.006944949429214416","29061.00000","27061.00000"
"1215912962","Толмачёво","1","0.11796038899920726","0.15514418078241407","5221.00000","3221.00000"
"1187820602","Толмачёво","2","0.23999896278972996","0.0693536810704377","16250.00000","14250.00000"
"1037476499","Толмачёво","1","0.2064317851149493","0.01069386159172723","38211.00000","36211.00000"
"1213839317","Толмачёво","1","0.18383741403726592","0.11443462073530691","8620.00000","6620.00000"
"360371293","Толмачёво","2","0.16897865321768712","0.07281178482021887","15309.00000","13309.00000"
"677743204","Толмачёво","1","0.29282473404095716","0.012619579158549063","9018.00000","7018.00000"
"759260127","Домодедово","2","0.1160188703656259","0.04809964945570634","14667.00000","12667.00000"
"1216339685","Толмачёво","1","0.19176159980731244","0.0250232393761082","27582.00000","25582.00000"
"858906695","Толмачёво","1","0.238362921937763","0.08645066383276036","13484.00000","11484.00000"
"779239992","Домодедово","3","0.3820593381462877","0.011235665519809758","13160.00000","11160.00000"
"792736476","Домодедово","1","0.22800939477102294","0.02272608814495611","18343.00000","16343.00000"
"1155847372","Домодедово","1","0.3169759013954724","0.012013648809981927","13436.00000","11436.00000"
"1031296935","Домодедово","2","0.3039002717104602","0.0041306554205922","8289.00000","6289.00000"
"1219620210","Толмачёво","2","0.23469144589626548","0.002100775615862268","19608.00000","17608.00000"
"1018076070","Толмачёво","2","0.22788499364118928","0.07105616399162978","16025.00000","14025.00000"
"1228387140","Домодедово","3","0.23334201084693496","0.004211019966799863","22432.00000","20432.00000"
"791304","Толмачёво","1","0.15404089776449875","0.0661342508879052","53677.00000","51677.00000"
"648297577","Домодедово","1","0.20553546088254393","0.013071801241947694","6840.00000","4840.00000"
"330818883","Домодедово","3","0.18563191602927442","0.05121179713120684","24314.00000","22314.00000"
"1217790535","Домодедово","1","0.22422420159342588","0.12619642303724318","4948.00000","2948.00000"
"315767759","Домодедово","2","0.27609904139876007","0.008606021145376464","26120.00000","24120.00000"
"1327998122","Толмачёво","1","0.167661879907098","0.010838443328710822","10874.00000","8874.00000"
"364260248","Домодедово","2","0.27305195440755886","0.03514920792642052","7836.00000","5836.00000"
"1211936493","Толмачёво","1","0.11679982555334172","0.056029644491209354","30892.00000","28892.00000"
"399383406","Толмачёво","4","0.36702329832955893","0.0031723620038740276","8823.00000","6823.00000"
"1035473628","Толмачёво","1","0.2749079214333186","0.009553523902575599","8436.00000","6436.00000"
"1050505539","Домодедово","3","0.21970426550082725","0.02472556408178671","6461.00000","4461.00000"
"1033558219","Домодедово","1","0.231876794692582","0.07581705873902701","8611.00000","6611.00000"
"1213042371","Домодедово","1","0.24233695624781804","0.0271175747235953","13213.00000","11213.00000"
"807843928","Домодедово","1","0.1594668609270393","0.07424470117676084","12573.00000","10573.00000"
"1213653101","Домодедово","1","0.1526902989095355","0.14058789775781988","6986.00000","4986.00000"
"997133272","Домодедово","3","0.3319855134596869","0.0063165298529408226","11478.00000","9478.00000"
"1218643821","Домодедово","3","0.24821868014832849","0.012310137687732555","10791.00000","8791.00000"
"1221025884","Толмачёво","1","0.2875104296689766","0.011479851574183044","12665.00000","10665.00000"
"1206137733","Домодедово","2","0.16530952808953941","0.034114130064020684","36131.00000","34131.00000"
"606177292","Толмачёво","2","0.26309911289582855","0.01690655039789682","5200.00000","3200.00000"
"1215781404","Толмачёво","1","0.16147448775609075","0.11322137700215473","6355.00000","4355.00000"
"1143561801","Домодедово","2","0.2991312462758616","0.003789666409537509","23230.00000","21230.00000"
"2597432","Толмачёво","2","0.17792680160850868","0.007964511792038049","40224.00000","38224.00000"
"773577241","Домодедово","1","0.25888114497747444","0.021575904194006686","19807.00000","17807.00000"
"746414368","Домодедово","1","0.2314291219055304","0.029699703542805145","52734.00000","50734.00000"
"1214941147","Домодедово","2","0.18195153256794144","0.013291858185956927","31937.00000","29937.00000"
"1223952790","Домодедово","1","0.17519717053638795","0.0279630808600451","32323.00000","30323.00000"
"1037064209","Домодедово","2","0.24964053829790187","0.012743353314376277","7489.00000","5489.00000"
"368153119","Толмачёво","3","0.09913172927356464","0.010223141953982934","109588.00000","107588.00000"
"1068464537","Домодедово","1","0.21775893229109994","0.14521239885924625","9907.00000","7907.00000"
"1039615890","Толмачёво","2","0.28723220399714977","0.04447723948279056","12037.00000","10037.00000"
"1222834389","Домодедово","2","0.16359010389069936","0.014287609015817212","22474.00000","20474.00000"
"749964627","Домодедово","1","0.23091159138348255","0.015983776826673034","17214.00000","15214.00000"
"143600128","Толмачёво","3","0.30973374000047316","0.004904332792053529","20728.00000","18728.00000"
"1222366709","Толмачёво","1","0.18753105075644602","0.05474610936600334","6351.00000","4351.00000"
"792060956","Домодедово","4","0.2571387179718253","0.01773042461140091","17063.00000","15063.00000"
"165457409","Домодедово","4","0.21977485789835485","0.047254999124097766","7999.00000","5999.00000"
"784011328","Толмачёво","1","0.10641546899617534","0.1641985910860313","2084.00000","84.00000"
"1224606121","Толмачёво","1","0.23213369770560294","0.002448451399713277","10733.00000","8733.00000"
"973764252","Толмачёво","1","0.05506380969829781","0.07593996536956571","51185.00000","49185.00000"
"279107881","Домодедово","3","0.20189455140469095","0.07407784050436785","14066.00000","12066.00000"
"1017267383","Толмачёво","4","0.16106689826030757","0.036843183807104","22501.00000","20501.00000"
"1215277698","Домодедово","2","0.21505332586130985","0.0892203847442649","7734.00000","5734.00000"
"521142949","Толмачёво","1","0.1742061309999961","0.059568857950434456","20781.00000","18781.00000"
"1042545021","Домодедово","2","0.3095973951537822","0.0538525453602182","3798.00000","1798.00000"
"338247773","Толмачёво","3","0.26102751187788426","0.006612572960574309","37035.00000","35035.00000"
"1169666607","Домодедово","1","0.2562037704551565","0.021891292413542186","19013.00000","17013.00000"
"1211585219","Толмачёво","3","0.29857395958821253","0.003083775796373191","33939.00000","31939.00000"
"741040701","Толмачёво","2","0.25317021654710775","0.0037032139487157066","48068.00000","46068.00000"
"1204787226","Домодедово","1","0.13160758011019885","0.0770093638026431","7792.00000","5792.00000"
"168759398","Толмачёво","2","0.038141806269177","0.18174764335581248","6955.00000","4955.00000"
"1216645163","Толмачёво","2","0.17727933442268407","0.04753798851292509","17302.00000","15302.00000"
"1220782915","Домодедово","2","0.24504960012367266","0.02253645772877186","34725.00000","32725.00000"
"1210537653","Домодедово","3","0.1592373639147329","0.03513336620170938","45491.00000","43491.00000"
"1221065368","Домодедово","1","0.202184824925145","0.09850524822269988","3162.00000","1162.00000"
"1041080650","Домодедово","2","0.3045430934824228","0.0662646776604028","6677.00000","4677.00000"
"681078606","Домодедово","1","0.17929136292210368","0.016634658568664563","58863.00000","56863.00000"
"152846780","Толмачёво","1","0.27602804105965895","0.016646983132935556","3310.00000","1310.00000"
"397767685","Толмачёво","1","0.1320719097933473","0.11467304842435769","14794.00000","12794.00000"
"994230267","Толмачёво","1","0.10516479856453143","0.24886528865251106","3308.00000","1308.00000"
"1035864622","Домодедово","2","0.28838049534781923","0.014133809281730053","29422.00000","27422.00000"
"373190034","Толмачёво","2","0.20950889645927703","0.036045094338502594","6530.00000","4530.00000"
"543155463","Домодедово","5","0.16949549588427995","0.03964087607876693","54105.00000","52105.00000"
"811521100","Толмачёво","2","0.16688088109578683","0.030101048894184083","17423.00000","15423.00000"
"941005018","Домодедово","2","0.28579787978978427","0.013316346460607201","11845.00000","9845.00000"
"269922874","Толмачёво","2","0.25982142092574934","0.019083251025873205","13662.00000","11662.00000"
"952996762","Толмачёво","4","0.3181294624490137","0.0352485648891853","6612.00000","4612.00000"
"327544101","Домодедово","4","0.24172270664973972","0.038190566115250076","12517.00000","10517.00000"
"1129260143","Толмачёво","1","0.19316424883839525","0.06172256643646751","56634.00000","54634.00000"
"953004938","Толмачёво","1","0.09473653058273004","0.1692617774483697","2992.00000","992.00000"
"1207940570","Домодедово","2","0.28483477284413455","0.08225777378561698","9224.00000","7224.00000"
"1078367434","Домодедово","3","0.32446097959068415","0.033331844034915015","57697.00000","55697.00000"
"1044753674","Домодедово","2","0.24450644135867994","0.04445568483087452","18052.00000","16052.00000"
"1205795027","Толмачёво","1","0.16420234556674385","0.0898147955228384","17802.00000","15802.00000"
"594315707","Домодедово","3","0.2994984580601739","0.009985422760901728","40833.00000","38833.00000"
"907388451","Толмачёво","4","0.21359075377698494","0.0033871176786635813","24247.00000","22247.00000"
"1046072827","Домодедово","2","0.26177349320099547","0.0013203989405951404","35290.00000","33290.00000"
"520415678","Домодедово","2","0.32803750474471577","0.0043587189923820005","27409.00000","25409.00000"
"1064850295","Толмачёво","1","0.1651210377334068","0.11860126445392588","2016.00000","16.00000"
"795474910","Толмачёво","1","0.16068242708064065","0.08452226560862201","21060.00000","19060.00000"
"1065885583","Домодедово","2","0.27840856582509377","0.008123488125893535","22400.00000","20400.00000"
"1205488136","Домодедово","2","0.2752530360882042","0.015905339721919508","27755.00000","25755.00000"
"1071661398","Толмачёво","3","0.29279365373302385","0.013079749466723918","8003.00000","6003.00000"
"1213876233","Толмачёво","1","0.2990729077665861","0.023360014985894482","15399.00000","13399.00000"
"1041812731","Домодедово","3","0.23925860037046148","0.003832997591576422","56454.00000","54454.00000"
"1018902693","Домодедово","3","0.25231064037980266","0.04802365068666796","14218.00000","12218.00000"
"1036126574","Домодедово","1","0.2097966785955826","0.035061483467546645","4167.00000","2167.00000"
"531794328","Домодедово","3","0.2793469862298827","0.017701777126153805","35928.00000","33928.00000"
"1027309503","Толмачёво","4","0.18641571893551104","0.02559419186575202","38626.00000","36626.00000"
"696683168","Домодедово","3","0.16408836126947565","0.013368495585825412","31205.00000","29205.00000"
"1210409999","Домодедово","1","0.16712185732329626","0.01428990326401201","53431.00000","51431.00000"
"1043715975","Толмачёво","2","0.1938298737109089","0.04745216202952868","16838.00000","14838.00000"
"1218683026","Домодедово","2","0.239563248503112","0.011414273051807472","15565.00000","13565.00000"
"1045188258","Толмачёво","1","0.15133694725057456","0.15612959626446798","4385.00000","2385.00000"
"1036386233","Домодедово","2","0.3170284868181129","0.007787762376255572","4853.00000","2853.00000"
"276799940","Толмачёво","4","0.27105884472474573","0.016167925576944003","21475.00000","19475.00000"
"842678945","Домодедово","1","0.2165473320715762","0.20900681347154768","2644.00000","644.00000"
"610674857","Домодедово","2","0.16151054464356754","0.057052203182559796","6485.00000","4485.00000"
"1210742840","Толмачёво","1","0.12933046561142406","0.019347996598888598","33813.00000","31813.00000"
"354073011","Домодедово","1","0.3719179847025353","0.008731440896590892","4145.00000","2145.00000"
"1039309481","Толмачёво","2","0.19178771247070053","0.009020594314257191","23612.00000","21612.00000"
"1029146803","Толмачёво","2","0.21064391757123985","0.10360895978251129","2338.00000","338.00000"
"1042197669","Домодедово","2","0.2854155012494095","0.012698402509218984","34941.00000","32941.00000"
"1033655768","Толмачёво","1","0.21075029491712954","0.003943661215633061","41820.00000","39820.00000"
"1216584400","Домодедово","1","0.2635759128294199","0.004476414552057711","14447.00000","12447.00000"
"1215563346","Домодедово","2","0.2079980659900438","0.026072581106795063","17693.00000","15693.00000"
"1179948306","Домодедово","4","0.22008849558509336","0.015125623580657045","12162.00000","10162.00000"
"1210489265","Домодедово","2","0.3066158530858137","0.016558606674530567","2589.00000","589.00000"
"1212485732","Домодедово","2","0.1860958964646085","0.027181968701805618","4393.00000","2393.00000"
"319245152","Домодедово","1","0.2335125484045768","0.026666394417420802","3381.00000","1381.00000"
"1213843200","Толмачёво","1","0.17699768331667148","0.06948043441453662","15014.00000","13014.00000"
"1043418989","Домодедово","1","0.40774418653584765","0.008307597900485643","12096.00000","10096.00000"
"1190999725","Домодедово","2","0.22494214859040176","0.04391801070841313","5542.00000","3542.00000"
"1208533304","Домодедово","1","0.11275829938067548","0.17312203940237483","5053.00000","3053.00000"
"1223572468","Домодедово","1","0.18761614980406174","0.07259132800934286","8879.00000","6879.00000"
"870453884","Домодедово","2","0.23114232596066794","0.02864085204019517","5781.00000","3781.00000"
"1219835260","Толмачёво","2","0.19004977517231098","0.02215868744547945","7518.00000","5518.00000"
"1220872765","Домодедово","1","0.21991900092672795","0.006770440734854654","9629.00000","7629.00000"
"1028789566","Домодедово","2","0.318660599856899","0.019740226101050917","12434.00000","10434.00000"
"1223553593","Толмачёво","2","0.16633067496351872","0.03158120983006394","25246.00000","23246.00000"
"207670152","Толмачёво","2","0.22776065832373638","0.01481220631675011","42858.00000","40858.00000"
"622419219","Толмачёво","4","0.13905001154616012","0.0066133825266392245","40676.00000","38676.00000"
"1063353595","Домодедово","2","0.16054768633838878","0.045690398633956866","24639.00000","22639.00000"
"569873815","Домодедово","1","0.18117093889019767","0.16267712795497594","2284.00000","284.00000"
"1225232652","Толмачёво","2","0.14734836269562676","0.15806318338691344","4129.00000","2129.00000"
"1035082122","Домодедово","3","0.16228800542243263","0.01975486890346188","55321.00000","53321.00000"
"1206710802","Толмачёво","3","0.2672067376272307","0.024197679425118954","2436.00000","436.00000"
"1196505526","Толмачёво","1","0.21742323174743802","0.06780085885130581","9410.00000","7410.00000"
"813900631","Толмачёво","2","0.1954406538954036","0.027524186870330453","20549.00000","18549.00000"
"1139548223","Домодедово","2","0.2584560065529491","0.028492948448727906","3370.00000","1370.00000"
"754367612","Домодедово","3","0.15724833569402893","0.02885177234371815","82156.00000","80156.00000"
"1214870814","Толмачёво","2","0.26481130917861345","0.02392644352724195","5756.00000","3756.00000"
"544316059","Толмачёво","1","0.2566579441638332","0.12903209858277206","3098.00000","1098.00000"
"1208015012","Толмачёво","1","0.18038040032182032","0.03261508920714808","44011.00000","42011.00000"
"1026472256","Домодедово","2","0.2666091612595431","0.061306634886386546","8632.00000","6632.00000"
"1076222350","Толмачёво","2","0.29036978781006156","0.01690064731510485","38589.00000","36589.00000"
"733879078","Домодедово","1","0.26260876189990945","0.005293853853420673","28435.00000","26435.00000"
"968169758","Домодедово","2","0.26456685869190283","0.08577502767440674","14003.00000","12003.00000"
"508565043","Домодедово","1","0.09083565645021333","0.005324992953074609","121863.00000","119863.00000"
"1175855994","Домодедово","2","0.320969827047904","0.02915064009942182","8388.00000","6388.00000"
"1212065484","Толмачёво","2","0.18337780129979656","0.03356276065879928","8034.00000","6034.00000"
"700035820","Домодедово","3","0.22656510590382786","0.0222543883028922","3958.00000","1958.00000"
"1222085725","Толмачёво","2","0.20507348400809433","0.03749926902323786","12700.00000","10700.00000"
"898870503","Домодедово","1","0.2325386949936343","0.06617010380043432","20561.00000","18561.00000"
"1034739288","Домодедово","2","0.22881825797797373","0.03356551194359582","13646.00000","11646.00000"
"1016421313","Толмачёво","3","0.18131027659434762","0.05534417422759276","23276.00000","21276.00000"
"271554534","Домодедово","2","0.26776280712982936","0.02261489108162157","9110.00000","7110.00000"
"1026893141","Толмачёво","2","0.24340389557074443","0.004007818757378325","70851.00000","68851.00000"
"1215621410","Толмачёво","3","0.30656585351076576","0.011380481929414212","2957.00000","957.00000"
"1327990189","Домодедово","1","0.23868336145048874","0.019603700352262356","4644.00000","2644.00000"
"1171381615","Домодедово","1","0.3066814105518069","0.007246950509511063","10894.00000","8894.00000"
"325562436","Толмачёво","4","0.21500013005156335","0.008745286935783884","19750.00000","17750.00000"
"698618296","Толмачёво","1","0.2506877007789031","0.016017044480837534","19042.00000","17042.00000"
"1200469891","Толмачёво","1","0.20318744440764955","0.12550724361909008","5012.00000","3012.00000"
"1180734749","Домодедово","2","0.11789515741399537","0.06850899546252062","30576.00000","28576.00000"
"1153987457","Толмачёво","2","0.2482597631226305","0.019793067290499587","25654.00000","23654.00000"
"615298669","Домодедово","3","0.3926683582808578","0.0017237824141846413","-13486.00000","-15486.00000"
"1208312097","Толмачёво","2","0.21103164367569432","0.014486982052222007","30995.00000","28995.00000"
"1161403067","Домодедово","1","0.21812476619726714","0.018944552208290347","21004.00000","19004.00000"
"315208344","Толмачёво","1","0.2371245855341247","0.03361413580249974","7486.00000","5486.00000"
"1211686395","Домодедово","2","0.17574652476967045","0.031121903503708793","32228.00000","30228.00000"
"1219977187","Толмачёво","1","0.2838436747930109","0.06197090043686717","15353.00000","13353.00000"
"692288031","Домодедово","2","0.17901008153484776","0.14274011568762335","3823.00000","1823.00000"
"1218380082","Домодедово","3","0.23446884230543613","0.02542415368895863","8231.00000","6231.00000"
"1215589820","Домодедово","1","0.07776784654439814","0.17850001604425664","6343.00000","4343.00000"
"1218863357","Толмачёво","1","0.2206210356123441","0.014080660095739352","44868.00000","42868.00000"
"1199041122","Толмачёво","2","0.18607129456173224","0.0462167616055099","7172.00000","5172.00000"
"702208860","Домодедово","1","0.03408381940114198","0.21574209977130898","6899.00000","4899.00000"
"908256992","Толмачёво","1","0.19423452198418734","0.017959027089820185","44100.00000","42100.00000"
"1202427539","Домодедово","1","0.2764386094128475","0.006023107812083993","15166.00000","13166.00000"
"531062121","Толмачёво","3","0.20713433238046772","0.012879956597881086","25816.00000","23816.00000"
"509104746","Домодедово","1","0.20737470236702027","0.014153339401843738","55351.00000","53351.00000"
"307139535","Толмачёво","1","0.19924270190093396","0.014579623081083149","34907.00000","32907.00000"
"1082598619","Домодедово","2","0.28007768683536993","0.001457713771380111","4063.00000","2063.00000"
"1218600492","Домодедово","2","0.215105603492056","0.07431447781392901","17819.00000","15819.00000"
"1224375411","Толмачёво","1","0.1735360656449481","0.09648691237401646","6231.00000","4231.00000"
"1139719846","Домодедово","1","0.13360650811684685","0.13545143370669738","19691.00000","17691.00000"
"595001411","Толмачёво","3","0.18592800247347574","0.018673130730515762","14536.00000","12536.00000"
"1207594879","Домодедово","1","0.22511488302748534","0.0191105187908925","24252.00000","22252.00000"
"762308179","Домодедово","1","0.34365816049832215","0.0017097251635735113","9887.00000","7887.00000"
"1008489096","Толмачёво","2","0.1893490393683565","0.024235795748316226","25780.00000","23780.00000"
"1224689527","Толмачёво","2","0.24501852214335618","0.006335623619703124","10023.00000","8023.00000"
"1211984213","Домодедово","1","0.25192734706860215","0.04741225686983286","25112.00000","23112.00000"
"971251487","Домодедово","1","0.06447016867749676","0.1872602997590143","6387.00000","4387.00000"
"525399630","Толмачёво","2","0.1719389763898689","0.034670241766392045","36411.00000","34411.00000"
"343143065","Домодедово","2","0.3269037324204564","0.020858723454582447","13053.00000","11053.00000"
"1224378022","Домодедово","1","0.1899830257305273","0.09534097233105929","3318.00000","1318.00000"
"1208274710","Домодедово","2","0.24193944062866893","0.005417172134739366","18944.00000","16944.00000"
"1208012929","Толмачёво","1","0.1386542123791703","0.050759772981686276","36699.00000","34699.00000"
"617710639","Толмачёво","2","0.28392074241604526","0.01665577919059131","19646.00000","17646.00000"
"1014634191","Толмачёво","1","0.30203494892689525","0.0989164983207325","10244.00000","8244.00000"
"162349944","Домодедово","4","0.2241070365738278","0.006726298156625197","24470.00000","22470.00000"
"156735444","Домодедово","2","0.23430217358906733","0.05062985441508747","5514.00000","3514.00000"
"698766559","Домодедово","2","0.034314569123574556","0.06349914873085406","35400.00000","33400.00000"
"1204719379","Толмачёво","2","0.1798984492838249","0.03398289777122771","9266.00000","7266.00000"
"258017793","Домодедово","3","0.24297626597402414","0.021993376768782755","18710.00000","16710.00000"
"751614536","Домодедово","2","0.14552896136827834","0.026216324594208387","29620.00000","27620.00000"
"1041791131","Толмачёво","2","0.2746656540108417","0.009867883853258494","10430.00000","8430.00000"
"1157958589","Толмачёво","2","0.23222468576085795","0.01995110696043412","14031.00000","12031.00000"
"785233894","Домодедово","1","0.09438370103165518","0.013926959103484784","60137.00000","58137.00000"
"758891698","Толмачёво","3","0.2916553392263937","0.007643712815276864","23221.00000","21221.00000"
"964376531","Домодедово","1","0.14134672090590714","0.11681350063367571","6594.00000","4594.00000"
"618688622","Толмачёво","2","0.2167820782230085","0.013374528324421934","39348.00000","37348.00000"
"1273324116","Домодедово","1","0.35066299668760104","0.01891578872710628","3432.00000","1432.00000"
"1189284511","Толмачёво","2","0.22354599401220815","0.01780416982972595","4254.00000","2254.00000"
"1040733901","Толмачёво","2","0.2547428618686506","0.02281353209762746","37004.00000","35004.00000"
"380541864","Домодедово","3","0.3261406725042729","0.016161929492597538","6659.00000","4659.00000"
"1204657547","Толмачёво","2","0.28863496822890333","0.017647379802684344","2159.00000","159.00000"
"1214573787","Толмачёво","1","0.17576954795890504","0.05657549041771744","16158.00000","14158.00000"
"1224556798","Толмачёво","2","0.22262363338604718","0.009015148526346025","41598.00000","39598.00000"
"348405319","Домодедово","1","0.23420931937395278","0.11995253178906694","5481.00000","3481.00000"
"1024943155","Домодедово","1","0.12264362391327256","0.11011499762144937","7541.00000","5541.00000"
"1027062902","Домодедово","1","0.30543540119770785","0.0011658811676719097","3232.00000","1232.00000"
"1214189932","Домодедово","1","0.1645696526226265","0.04311961645083539","30282.00000","28282.00000"
"1059410397","Толмачёво","3","0.1483364752301818","0.09403586151841091","7869.00000","5869.00000"
"1203673435","Толмачёво","2","0.3194220571960696","0.05385740828377542","9305.00000","7305.00000"
"1204408691","Домодедово","2","0.2834015445837254","0.044604834915407766","6441.00000","4441.00000"
"966675519","Толмачёво","2","0.22601050710839493","0.03037731229154193","35131.00000","33131.00000"
"896168040","Толмачёво","1","0.12638859992464266","0.0964266064780256","28388.00000","26388.00000"
"1070788043","Толмачёво","1","0.19785195064728675","0.06731573436821726","13631.00000","11631.00000"
"1000902166","Домодедово","1","0.30218180777017795","0.014390545072321887","12581.00000","10581.00000"
"1217636229","Толмачёво","1","0.3052711802727603","0.01380261537969487","9701.00000","7701.00000"
"1327866257","Домодедово","2","0.1871664084469867","0.06159622523077832","6640.00000","4640.00000"
"1224822615","Толмачёво","2","0.22203128228536623","0.024452195414785185","4177.00000","2177.00000"
"1221547139","Домодедово","2","0.16895310455969925","0.09112556530258822","11513.00000","9513.00000"
"772188102","Толмачёво","2","0.21845542836039247","0.015488312148941231","26378.00000","24378.00000"
"1204500256","Домодедово","2","0.16459663646465295","0.03270185563005622","20682.00000","18682.00000"
"893576867","Толмачёво","3","0.27624445563299654","0.01620417745888133","62408.00000","60408.00000"
"217903016","Толмачёво","2","0.16064382437866995","0.023506512661059457","36793.00000","34793.00000"
"1213047325","Домодедово","2","0.28974081664739515","0.013289872380867717","5407.00000","3407.00000"
"817674629","Толмачёво","3","0.20661746289752939","0.05655760219319252","14151.00000","12151.00000"
"145550784","Домодедово","6","0.29620460306331353","0.011204834277153717","33736.00000","31736.00000"
"1213621824","Толмачёво","1","0.20084542773095854","0.003649637816533594","45324.00000","43324.00000"
"511979237","Толмачёво","3","0.2557058591617585","0.007682088472881332","24777.00000","22777.00000"
"643711234","Домодедово","1","0.18059139399444674","0.07525243893886337","18141.00000","16141.00000"
"1028990022","Толмачёво","2","0.20274806834059741","0.020385438279515493","8389.00000","6389.00000"
"901553566","Толмачёво","2","0.25691341625451825","0.058364101153080945","9240.00000","7240.00000"
"1211851536","Толмачёво","1","0.11114407670853348","0.06998568243496313","13771.00000","11771.00000"
"1042247767","Домодедово","2","0.19659321643026834","0.00825290416653637","54789.00000","52789.00000"
"1224926050","Домодедово","1","0.17137570126312043","0.10962998264442993","3371.00000","1371.00000"
"1035331899","Толмачёво","1","0.18484264237029374","0.004060324829812677","17708.00000","15708.00000"
"373670175","Толмачёво","3","0.14347497629186728","0.038558357124519896","23667.00000","21667.00000"
"1219025625","Толмачёво","2","0.26029465145007336","0.010347578242887895","16233.00000","14233.00000"
"1216136196","Домодедово","2","0.16794059354015103","0.03171896717938917","42192.00000","40192.00000"
"1224083654","Домодедово","2","0.22572952014676836","0.03626703050582392","15760.00000","13760.00000"
"1213715369","Домодедово","2","0.21866244328811504","0.044575059521048434","29402.00000","27402.00000"
"1194596432","Домодедово","1","0.1934947290390389","0.007530584349389991","45517.00000","43517.00000"
"248041528","Домодедово","2","0.19746615101557205","0.029756811801295247","23421.00000","21421.00000"
"164079322","Домодедово","2","0.12685647293675015","0.026070725523642396","80481.00000","78481.00000"
"1012027454","Домодедово","1","0.3087894819267331","0.10845871438104378","3488.00000","1488.00000"
"1068981443","Домодедово","1","0.1483225153683394","0.020963608462284573","57474.00000","55474.00000"
"1219919047","Домодедово","1","0.21146321633752188","0.06568751365155909","2142.00000","142.00000"
"938970228","Толмачёво","1","0.10517237572347211","0.230123209882684","3422.00000","1422.00000"
"1209488122","Толмачёво","1","0.27415482861708085","0.004152062339148843","12928.00000","10928.00000"
"1221371726","Домодедово","1","0.17226544656071485","0.11115845768804224","4407.00000","2407.00000"
"1218424419","Домодедово","1","0.15643989540568592","0.03089496859784741","51115.00000","49115.00000"
"1189247492","Домодедово","1","0.11714839162210093","0.25570938480620015","2099.00000","99.00000"
"668466531","Домодедово","1","0.1183573463182182","0.1292954233835948","6266.00000","4266.00000"
"1210797907","Толмачёво","3","0.27179189585179714","0.02848584705262205","2231.00000","231.00000"
"1055237960","Домодедово","3","0.18084957241483476","0.06018237700903523","24837.00000","22837.00000"
"1046487188","Толмачёво","2","0.2717749736871267","0.021266533792635014","3953.00000","1953.00000"
"541967689","Толмачёво","3","0.25108930861317275","0.006412592426618636","39690.00000","37690.00000"
"963240674","Толмачёво","1","0.1463358387588857","0.09310829497918592","17429.00000","15429.00000"
"1219618175","Домодедово","3","0.29785997168009176","0.012655546971797481","6498.00000","4498.00000"
"902086246","Толмачёво","2","0.3250996889713107","0.0076699654348290885","8055.00000","6055.00000"
"905968123","Толмачёво","3","0.364638685750941","0.020920940060857734","27574.00000","25574.00000"
"512414719","Домодедово","1","0.13808484061961795","0.06915114205613926","4197.00000","2197.00000"
"1214955626","Толмачёво","1","0.25142107320537405","0.10622429260302106","2051.00000","51.00000"
"1021101656","Домодедово","2","0.2884718340526478","0.011988199527944682","51982.00000","49982.00000"
"331161466","Домодедово","1","0.057837470831443395","0.1289289894874662","18107.00000","16107.00000"
"936735629","Толмачёво","1","0.19728446828124513","0.03776704704866951","30379.00000","28379.00000"
"732254926","Домодедово","2","0.21701031546598643","0.012637856007516466","34616.00000","32616.00000"
"728319652","Домодедово","4","0.2589361271627274","0.024549524778710727","12522.00000","10522.00000"
"642267838","Домодедово","3","0.1946596914016484","0.022683284764193207","44315.00000","42315.00000"
"1031534945","Толмачёво","2","0.2330434712393248","0.0029004162852973533","36104.00000","34104.00000"
"728672727","Толмачёво","4","0.33766428766227563","0.025644431799667047","12979.00000","10979.00000"
"829638783","Домодедово","4","0.17668828146648677","0.015995135144905186","37132.00000","35132.00000"
"1221944738","Домодедово","2","0.23011864654675515","0.019846522621488817","3567.00000","1567.00000"
"424841042","Домодедово","1","0.21420863963462825","0.03958105029316276","15476.00000","13476.00000"
"237827995","Домодедово","2","0.23329675229400812","0.06553768883154179","3142.00000","1142.00000"
"1029541120","Толмачёво","3","0.1720045336158542","0.07138945521948842","19008.00000","17008.00000"
"632206038","Толмачёво","2","0.25533092321949424","0.010629568459629342","24654.00000","22654.00000"
"725457649","Домодедово","2","0.27399890964914997","0.018043936898632866","20161.00000","18161.00000"
"253503383","Домодедово","2","0.18723053594904202","0.12424941080169774","2737.00000","737.00000"
"1042240301","Толмачёво","2","0.28137027702159256","0.008122585796395451","5134.00000","3134.00000"
"524509141","Толмачёво","1","0.23168853909181536","0.08241913198430607","6631.00000","4631.00000"
"996458308","Домодедово","3","0.12375736858177684","0.01692102003266001","40378.00000","38378.00000"
"898516228","Толмачёво","1","0.2200459007384503","0.05610251523889271","4593.00000","2593.00000"
"863604702","Толмачёво","4","0.2685180650429771","0.005656584598530288","24119.00000","22119.00000"
"1205885355","Домодедово","2","0.11443158073191","0.10777760433281172","21634.00000","19634.00000"
"267651563","Толмачёво","3","0.1419439525670748","0.039738961172779697","25958.00000","23958.00000"
"373252472","Домодедово","2","0.17964447745970677","0.020479314792147322","28267.00000","26267.00000"
"1207552809","Домодедово","2","0.29806234554768596","0.05641819758328697","12868.00000","10868.00000"
"685487486","Толмачёво","2","0.26252543456864197","0.03861649622957596","21009.00000","19009.00000"
"757104107","Домодедово","2","0.2670307551115361","0.01005579002807471","33373.00000","31373.00000"
"1209756088","Толмачёво","1","0.10204182274820085","0.1585553894062242","5357.00000","3357.00000"
"345715019","Домодедово","2","0.2400016260013134","0.029324569827696687","9454.00000","7454.00000"
"650816555","Толмачёво","2","0.15826885927392514","0.029517891086919625","61319.00000","59319.00000"
"780671317","Домодедово","2","0.26978931166389974","0.0044247472614933935","11539.00000","9539.00000"
"784017345","Толмачёво","1","0.10508641852680717","0.0502741343834488","59934.00000","57934.00000"
"786150242","Толмачёво","1","0.2477431518557756","0.005582651071725933","23536.00000","21536.00000"
"1224335889","Домодедово","1","0.1738022615407765","0.012137628085292167","26780.00000","24780.00000"
"1186531093","Толмачёво","2","0.25314794140220803","0.01938693033776495","25702.00000","23702.00000"
"758506028","Домодедово","2","0.13995286249950206","0.031968528136388924","32855.00000","30855.00000"
"784074062","Толмачёво","1","0.12234735787577454","0.18873937518704417","5943.00000","3943.00000"
"517068396","Домодедово","2","0.338266978547525","0.009511071459774117","15086.00000","13086.00000"
"1220944735","Домодедово","2","0.1308312022749933","0.015431901459535121","45108.00000","43108.00000"
"1185273647","Толмачёво","2","0.18472782983463798","0.03191217042549668","27654.00000","25654.00000"
"1214953643","Домодедово","2","0.22476541161774585","0.035190657698927146","15211.00000","13211.00000"
"902185763","Толмачёво","2","0.2186662123103032","0.026588802602161246","20843.00000","18843.00000"
"354781038","Толмачёво","2","0.1275915470037169","0.03740565292700834","51688.00000","49688.00000"
"1222912205","Домодедово","2","0.20043678416907307","0.08440377351404107","4193.00000","2193.00000"
"1214443500","Толмачёво","2","0.22175570401853148","0.03178873790773598","5674.00000","3674.00000"
"1058426692","Толмачёво","1","0.22474916959702604","0.13076502322353503","6132.00000","4132.00000"
"734421660","Домодедово","3","0.2796579848921466","0.028047668023806444","17469.00000","15469.00000"
"402502747","Домодедово","1","0.1261917110139573","0.02978234119472904","47743.00000","45743.00000"
"1215729787","Домодедово","3","0.2523928932966471","0.022894898694390653","15239.00000","13239.00000"
"1217570359","Домодедово","1","0.25990917005100467","0.01474835685055831","11537.00000","9537.00000"
"1207508919","Домодедово","3","0.2270287607154283","0.050469999778399756","18147.00000","16147.00000"
"607866411","Домодедово","1","0.24462286903302466","0.017456976487971808","2778.00000","778.00000"
"383423771","Толмачёво","1","0.1579530774375159","0.029993070590891468","64551.00000","62551.00000"
"1042493242","Домодедово","4","0.34583609787745034","0.019260995446453027","15873.00000","13873.00000"
"635811520","Домодедово","2","0.24349417772363918","0.06000037687683009","2145.00000","145.00000"
"1207011808","Толмачёво","2","0.1855385045642025","0.012790902945578006","19690.00000","17690.00000"
"1212125414","Домодедово","2","0.19533839884717002","0.039343946814846","17124.00000","15124.00000"
"1210213220","Толмачёво","2","0.2238250070728312","0.02681762864077796","6821.00000","4821.00000"
"1191191779","Толмачёво","2","0.15714982935622396","0.01936740496783296","42918.00000","40918.00000"
"1220989188","Домодедово","1","0.21183547076121714","0.05326058424094167","15834.00000","13834.00000"
"1042374949","Толмачёво","1","0.19107539375807195","0.12992046588273404","6476.00000","4476.00000"
"697576970","Домодедово","1","0.15865855824833144","0.023079571203620003","62740.00000","60740.00000"
"1213964334","Домодедово","1","0.14694336906396727","0.09650079443664743","6011.00000","4011.00000"
"744786968","Толмачёво","2","0.16757289807290537","0.08736782917026567","8219.00000","6219.00000"
"1218587088","Домодедово","1","0.2014123431041354","0.042495854959503865","40172.00000","38172.00000"
"1085105621","Толмачёво","2","0.21866612193309518","0.018493471627559915","15152.00000","13152.00000"
"1077322983","Толмачёво","2","0.1973952656425287","0.0219441583260511","29196.00000","27196.00000"
"945240747","Толмачёво","3","0.16560981093058308","0.03097281529682445","34873.00000","32873.00000"
"1058591275","Толмачёво","4","0.1703964335651364","0.006206986419053789","56125.00000","54125.00000"
"270220283","Толмачёво","1","0.18628361538484872","0.07492556381477021","2102.00000","102.00000"
"1212988201","Домодедово","1","0.21215137709167248","0.0072343610697764155","32160.00000","30160.00000"
"807351000","Толмачёво","3","0.166905008552248","0.019583952096170466","48437.00000","46437.00000"
"1143518713","Домодедово","3","0.22605462888886188","0.038235846753160205","25924.00000","23924.00000"
"1032383862","Домодедово","1","0.24967758923838215","0.021053985663388963","2388.00000","388.00000"
"1215474038","Толмачёво","2","0.2434096719796006","0.013378605674456572","4602.00000","2602.00000"
"1211663082","Домодедово","1","0.16133253348222953","0.052657831784358906","37041.00000","35041.00000"
"696209548","Толмачёво","3","0.3024685497947589","0.01011250135839949","20685.00000","18685.00000"
"771532126","Толмачёво","2","0.31164695447496393","0.016825624437099406","22283.00000","20283.00000"
"1215633249","Толмачёво","2","0.1480361835189385","0.12043554918659467","28186.00000","26186.00000"
"1206665224","Толмачёво","1","0.19285409405464132","0.1075587121210706","11095.00000","9095.00000"
"798862697","Толмачёво","1","0.0912271973432819","0.07351052448355232","35396.00000","33396.00000"
"1195382785","Толмачёво","1","0.2697656281627913","0.02097435694237329","20590.00000","18590.00000"
"1217544146","Толмачёво","1","0.2367763095416382","0.028488506970426992","5044.00000","3044.00000"
"1156805704","Домодедово","1","0.1981341802066119","0.018601912376436772","36612.00000","34612.00000"
"1033882039","Толмачёво","1","0.22165586927421663","0.08021131466623828","12504.00000","10504.00000"
"1029935623","Домодедово","4","0.2977954709365469","0.004267296449352096","14202.00000","12202.00000"
"1328098390","Толмачёво","1","0.16172443422030003","0.10584288402699972","12955.00000","10955.00000"
"1041050488","Толмачёво","2","0.22954123492889772","0.030666026527633356","10250.00000","8250.00000"
"277811753","Толмачёво","3","0.1862375503137927","0.026269776105459976","8994.00000","6994.00000"
"1064392311","Толмачёво","1","0.19522051564992532","0.05511869756858998","23501.00000","21501.00000"
"758831738","Толмачёво","2","0.2984580092035889","0.0211106250360719","8473.00000","6473.00000"
"111041019","Домодедово","2","0.15877676753300096","0.026352206449229768","14183.00000","12183.00000"
"1207633499","Толмачёво","2","0.2023670156632803","0.028589994588003983","61851.00000","59851.00000"
"868178062","Толмачёво","1","0.09325826869308626","0.14811152689072427","7165.00000","5165.00000"
"1327635167","Толмачёво","1","0.22636140569921248","0.043015927361980004","5917.00000","3917.00000"
"1208672769","Домодедово","2","0.347440482013698","0.041435986637285455","12307.00000","10307.00000"
"344615973","Толмачёво","1","0.22686655350018625","0.03404110593647941","13200.00000","11200.00000"
"1220032042","Толмачёво","2","0.2110153887458282","0.018725115784434178","18239.00000","16239.00000"
"537861896","Домодедово","2","0.2469734758107494","0.034323641613650646","34730.00000","32730.00000"
"1200331021","Домодедово","1","0.18441155173562943","0.09370770288420747","4263.00000","2263.00000"
"1218852951","Толмачёво","1","0.2777441795368463","0.021183823582318545","2802.00000","802.00000"
"1063278089","Толмачёво","2","0.11945509162021108","0.03482426267832995","67510.00000","65510.00000"
"1221407728","Толмачёво","2","0.22816527758901123","0.017446341110739","10469.00000","8469.00000"
"361556768","Толмачёво","1","0.14767782054686954","0.04661716010798545","19264.00000","17264.00000"
"686547992","Домодедово","1","0.2705928777954038","0.033661820094053885","13228.00000","11228.00000"
"1220235980","Домодедово","2","0.16480828519151527","0.0450367512425213","11982.00000","9982.00000"
"1036755422","Толмачёво","2","0.2176510865262726","0.025903931788899326","6605.00000","4605.00000"
"1043740381","Толмачёво","2","0.17969806563152324","0.032820672438917876","39379.00000","37379.00000"
"315207201","Толмачёво","3","0.23162226481242412","0.00957846874236559","8852.00000","6852.00000"
"1005442209","Домодедово","1","0.18669929754846248","0.04538152343316391","33950.00000","31950.00000"
"994428064","Толмачёво","2","0.2653791502421631","0.04542676516099748","6351.00000","4351.00000"
"545318194","Толмачёво","1","0.30010889588079","0.0072290575328232114","4833.00000","2833.00000"
"1211422508","Толмачёво","2","0.21676357621258246","0.06744081768212107","11053.00000","9053.00000"
"17172010","Домодедово","1","0.22866821396279624","0.07755409358454592","19718.00000","17718.00000"
"1211431097","Домодедово","1","0.25201853253200257","0.03530393843680492","10225.00000","8225.00000"
"1042207312","Толмачёво","4","0.2795373617852974","0.004006643830977092","2771.00000","771.00000"
"781716220","Домодедово","1","0.22458055158949208","0.00249747461313507","25682.00000","23682.00000"
"1211509022","Толмачёво","1","0.18265937309048508","0.0647102384607664","14055.00000","12055.00000"
"1215362541","Домодедово","1","0.2521734935335357","0.03592129164134855","5150.00000","3150.00000"
"741579196","Домодедово","2","0.31089729857813475","0.005594708095494911","15178.00000","13178.00000"
"1045363886","Толмачёво","2","0.2704565572753783","0.026573194420200504","24289.00000","22289.00000"
"730491887","Толмачёво","2","0.31750066426328666","0.008533904001670076","7262.00000","5262.00000"
"939129983","Домодедово","1","0.1789015864068667","0.07559151740850552","7862.00000","5862.00000"
"259548056","Толмачёво","4","0.22281179141737323","0.011201253064015013","35916.00000","33916.00000"
"740348945","Домодедово","3","0.10692144157518259","0.02139387065538772","68049.00000","66049.00000"
"1217633476","Домодедово","2","0.14755225325615778","0.11994820143024074","3925.00000","1925.00000"
"703522182","Домодедово","1","0.266493286712334","0.009305075925822493","12474.00000","10474.00000"
"681057377","Толмачёво","3","0.09998989007799698","0.06533536344131612","30342.00000","28342.00000"
"1191613266","Толмачёво","1","0.1331784832130333","0.23728867574327026","4521.00000","2521.00000"
"1043835409","Домодедово","2","0.24192644686869158","0.01481895018881107","32608.00000","30608.00000"
"164552150","Домодедово","3","0.22961102206510237","0.007902285921616571","7923.00000","5923.00000"
"1037282342","Толмачёво","2","0.17823124832975493","0.07269582590791458","4630.00000","2630.00000"
"427481899","Домодедово","3","0.264569628143312","0.0076848972325891645","22411.00000","20411.00000"
"756358957","Толмачёво","2","0.19806938920189796","0.00969590669656883","33901.00000","31901.00000"
"693278548","Толмачёво","2","0.10657883937785292","0.06609633313045465","40409.00000","38409.00000"
"362895057","Толмачёво","1","0.17669609438545783","0.03275094170536001","50643.00000","48643.00000"
"1208324425","Домодедово","1","0.1388889552530917","0.052289587667644195","19239.00000","17239.00000"
"425130904","Толмачёво","2","0.22534946786065702","0.051898357301295536","22607.00000","20607.00000"
"1070938281","Толмачёво","2","0.2785133915108865","0.009496215940680805","10008.00000","8008.00000"
"1213190714","Толмачёво","2","0.27396952939465824","0.02024372556655578","8558.00000","6558.00000"
"329687374","Толмачёво","2","0.1978704566070909","0.036076768379971626","6431.00000","4431.00000"
"1225441001","Домодедово","2","0.21595652765530504","0.069725796104252","11776.00000","9776.00000"
"551812920","Толмачёво","2","0.1733074258293496","0.015104114685086033","23294.00000","21294.00000"
"519592952","Домодедово","1","0.20432303110968741","0.03348532675212172","9687.00000","7687.00000"
"1206644758","Домодедово","2","0.2497596074102444","0.11123383424956744","4374.00000","2374.00000"
"1190997804","Домодедово","2","0.19491583702618479","0.04403415360565122","23644.00000","21644.00000"
"316669516","Домодедово","1","0.23336723431987264","0.011594055301625314","7121.00000","5121.00000"
"1211863565","Домодедово","3","0.20762984685103783","0.00621032283874922","12298.00000","10298.00000"
"746552751","Толмачёво","2","0.32891438112477267","0.012870884145432646","8141.00000","6141.00000"
"722511623","Толмачёво","2","0.23831639596523668","0.03221158825647222","6521.00000","4521.00000"
"1219068081","Толмачёво","1","0.20575829373485782","0.022033084774732977","10827.00000","8827.00000"
"293728227","Толмачёво","4","0.16002851953638791","0.008144582407226188","35262.00000","33262.00000"
"336971633","Толмачёво","2","0.17680639928128494","0.0013276935833951217","53326.00000","51326.00000"
"1213048116","Толмачёво","2","0.31301871270854914","0.01788385746119777","5777.00000","3777.00000"
"1211163402","Домодедово","1","0.23940468701374282","0.02808470599938196","26312.00000","24312.00000"
"1196984631","Толмачёво","2","0.25595550467145206","0.017061690660126416","4115.00000","2115.00000"
"93682135","Домодедово","2","0.2962074927018333","0.02135023180184334","19653.00000","17653.00000"
"1224019808","Домодедово","1","0.27466982781484744","0.0037845826583226896","9277.00000","7277.00000"
"425629653","Домодедово","3","0.22516589670047155","0.023693153200844357","13875.00000","11875.00000"
"371168154","Толмачёво","1","0.1881511925554256","0.03889586672832295","12197.00000","10197.00000"
"1032799272","Толмачёво","1","0.19501237063779964","0.02556297688496627","8971.00000","6971.00000"
"279963936","Домодедово","1","0.20556524125701078","0.0069715533756883625","31977.00000","29977.00000"
"208377747","Домодедово","3","0.11519332968846344","0.025267497029762734","16232.00000","14232.00000"
"1223028525","Толмачёво","1","0.19924144447225509","0.045999899750575016","39459.00000","37459.00000"
"1222971834","Толмачёво","2","0.21403369315957077","0.05227262961015197","13813.00000","11813.00000"
"1042810850","Домодедово","1","0.21641950458570555","0.06051394076134753","11060.00000","9060.00000"
"273630165","Толмачёво","2","0.19445931542751937","0.00713674948563704","17961.00000","15961.00000"
"1218676735","Домодедово","1","0.3223713271365039","0.08400665204496947","3036.00000","1036.00000"
"907188735","Домодедово","1","0.13572767737557428","0.034348027693761864","54996.00000","52996.00000"
"758638785","Толмачёво","1","0.21331275086905355","0.13133839450903917","6081.00000","4081.00000"
"1218542340","Толмачёво","1","0.24275266845133264","0.09350244737720376","4296.00000","2296.00000"
"1207588909","Толмачёво","1","0.22679172929545954","0.025303221816152226","4677.00000","2677.00000"
"1211104284","Домодедово","1","0.07976347519858142","0.20041506303228224","3287.00000","1287.00000"
"1099296379","Домодедово","2","0.1997601648332044","0.047305571480276","9545.00000","7545.00000"
"362334245","Домодедово","1","0.18805246212307278","0.0115835031706255","53588.00000","51588.00000"
"780003775","Домодедово","2","0.1994121412090686","0.0265777431830465","6357.00000","4357.00000"
"868787858","Домодедово","4","0.2999143815855864","0.02674395050272225","2369.00000","369.00000"
"902431331","Домодедово","1","0.2286007280226899","0.025540028382573767","49765.00000","47765.00000"
"160692713","Толмачёво","2","0.17086055819201368","0.006479298255640011","59094.00000","57094.00000"
"756074672","Толмачёво","2","0.1896932959570093","0.019664376630018715","33043.00000","31043.00000"
"1098853971","Толмачёво","1","0.15286861351727993","0.13729084500639385","3516.00000","1516.00000"
"908892037","Домодедово","2","0.1498208587612808","0.09779028994399207","13359.00000","11359.00000"
"1041499019","Домодедово","1","0.2750361885300079","0.013656158426311083","38603.00000","36603.00000"
"683549562","Толмачёво","1","0.13189693978383782","0.04019491831031318","105652.00000","103652.00000"
"817725045","Толмачёво","2","0.26920516186651733","0.048569959379262825","14184.00000","12184.00000"
"561996240","Домодедово","4","0.2899681704877122","0.010866994274342828","39176.00000","37176.00000"
"1208588668","Толмачёво","1","0.09030962103492764","0.2180293299249898","2912.00000","912.00000"
"1202502444","Домодедово","2","0.14423261886448321","0.13695271138029327","6576.00000","4576.00000"
"1210581497","Домодедово","2","0.24001252307059032","0.01435111239511362","43446.00000","41446.00000"
"606880791","Домодедово","1","0.22687031641962338","0.06430837516035454","14273.00000","12273.00000"
"784070070","Толмачёво","3","0.20742940561132686","0.013621714610818993","9024.00000","7024.00000"
"860972665","Толмачёво","1","0.204133167934746","0.014324833484180307","54178.00000","52178.00000"
"535413494","Домодедово","2","0.20650860149982508","0.010830244840597743","18435.00000","16435.00000"
"1031718893","Домодедово","1","0.1721189435484008","0.1432229143236923","4385.00000","2385.00000"
"1222398122","Домодедово","1","0.19794589530927792","0.08190207811468793","6745.00000","4745.00000"
"1225097854","Домодедово","2","0.23685361442205244","0.03425423635482844","4177.00000","2177.00000"
"942513501","Домодедово","1","0.10625370708045671","0.18121217548068075","2091.00000","91.00000"
"871178333","Толмачёво","1","0.12287436347197321","0.1207588708767174","4442.00000","2442.00000"
"1196088696","Толмачёво","2","0.2506239713969154","0.055636486266356346","10070.00000","8070.00000"
"732702344","Толмачёво","1","0.21562484822730943","0.007534419147354692","29661.00000","27661.00000"
"242415274","Домодедово","3","0.21601576021298388","0.015098725264626911","61649.00000","59649.00000"
"1214639595","Толмачёво","2","0.18815857249145806","0.009502017530301598","43740.00000","41740.00000"
"1220940313","Толмачёво","1","0.2384281746838166","0.006423742357196489","9775.00000","7775.00000"
"1201660666","Толмачёво","3","0.204173206197307","0.021679956428992966","7695.00000","5695.00000"
"1054635638","Толмачёво","2","0.11425255421569243","0.019585331592050777","30139.00000","28139.00000"
"1082416316","Домодедово","2","0.22660433112268596","0.08981170468909919","2040.00000","40.00000"
"359062316","Домодедово","2","0.22013444469382962","0.08735727836705302","8172.00000","6172.00000"
"642279875","Домодедово","1","0.20160839647679907","0.0417342814468202","7156.00000","5156.00000"
"974307423","Домодедово","3","0.2702856826026389","0.01637132506117909","34623.00000","32623.00000"
"1218593586","Толмачёво","2","0.2395191287230876","0.021125023477468332","39389.00000","37389.00000"
"1214156322","Домодедово","1","0.26131758426200474","0.01175030504544647","53420.00000","51420.00000"
"1209094532","Толмачёво","2","0.2853785085878668","0.03207316898792176","9506.00000","7506.00000"
"1010654456","Толмачёво","2","0.285200590030765","0.005457236856582711","9895.00000","7895.00000"
"1205025711","Толмачёво","2","0.1287162062523413","0.03314958404424465","37654.00000","35654.00000"
"1327923309","Домодедово","1","0.24211434848255675","0.006369830791587838","9451.00000","7451.00000"
"1215583483","Домодедово","1","0.20550654783883696","0.02600161908827942","30030.00000","28030.00000"
"1045135713","Толмачёво","1","0.26701044001496543","0.008809276966237815","11469.00000","9469.00000"
"369835920","Толмачёво","2","0.18707022278872557","0.06365633248200382","16768.00000","14768.00000"
"1027062055","Домодедово","3","0.22740518686982075","0.006133748812907115","38770.00000","36770.00000"
"541687064","Домодедово","1","0.055092547892068425","0.14423806069952824","7298.00000","5298.00000"
"1192132268","Толмачёво","2","0.2598555109627715","0.08014119148581643","2374.00000","374.00000"
"272979035","Толмачёво","1","0.22695902439034266","0.027972644108625468","17482.00000","15482.00000"
"1210967413","Домодедово","1","0.25715284112658393","0.01648200881137315","15212.00000","13212.00000"
"1068066733","Домодедово","1","0.21206752236664012","0.016381624787167395","37059.00000","35059.00000"
"1210096111","Домодедово","2","0.2595765306906053","0.01597097728236584","9640.00000","7640.00000"
"1207812895","Домодедово","2","0.2769948477109092","0.0070373553974796615","6154.00000","4154.00000"
"1215501276","Толмачёво","1","0.19012739989651176","0.017114302581312142","29835.00000","27835.00000"
"430552234","Домодедово","1","0.22028722500634257","0.006210752826442458","25578.00000","23578.00000"
"1036330781","Толмачёво","1","0.22413454073238587","0.03244680135934165","11143.00000","9143.00000"
"1191323390","Толмачёво","3","0.12025775431341978","0.017621841933862972","22179.00000","20179.00000"
"155981700","Толмачёво","3","0.19461279921206767","0.029633955276765864","31943.00000","29943.00000"
"1098202685","Толмачёво","1","0.17598994381852148","0.008962510300536165","30859.00000","28859.00000"
"828750567","Толмачёво","3","0.2769690238804848","0.0332200241091963","37755.00000","35755.00000"
"1045071770","Толмачёво","2","0.2695576398264773","0.008279274931764245","3608.00000","1608.00000"
"527945604","Толмачёво","2","0.3002502865289303","0.003074966182835447","2195.00000","195.00000"
"1201448659","Домодедово","1","0.2595195130372286","0.08410692010086693","5694.00000","3694.00000"
"697149935","Толмачёво","3","0.1680324394581236","0.01581685079764659","54436.00000","52436.00000"
"255289522","Толмачёво","1","0.1784452807969008","0.016656294214056108","6147.00000","4147.00000"
"908047422","Толмачёво","2","0.24500784104667422","0.07185159587119555","10876.00000","8876.00000"
"733755746","Домодедово","1","0.30276076487263553","0.08723586664591819","10903.00000","8903.00000"
"996872058","Домодедово","2","0.3415829016620884","0.0034291682290372577","22566.00000","20566.00000"
"541735485","Толмачёво","3","0.19463388742668059","0.026456553528483435","7546.00000","5546.00000"
"1221056179","Толмачёво","1","0.1997932674023072","0.026291650418798693","6605.00000","4605.00000"
"1039706321","Толмачёво","3","0.3093756341008798","0.009073000949182425","11489.00000","9489.00000"
"1218715656","Домодедово","1","0.29687846746152297","0.02207157081729916","20344.00000","18344.00000"
"1141252211","Толмачёво","1","0.22755237168285353","0.02839698952566892","46190.00000","44190.00000"
"428627514","Домодедово","1","0.2596117388933248","0.029755435510065143","5243.00000","3243.00000"
"361672861","Домодедово","2","0.3125561007912347","0.005886256099085261","2447.00000","447.00000"
"1080468382","Домодедово","3","0.12018920375371847","0.038892423933324705","12332.00000","10332.00000"
"1218012748","Домодедово","3","0.19673637794818305","0.029391219685705745","21473.00000","19473.00000"
"1214486693","Толмачёво","2","0.24615384132997736","0.03089862233261555","6258.00000","4258.00000"
"1200342221","Домодедово","2","0.19935707096834712","0.020842573590839367","25385.00000","23385.00000"
"1215754152","Толмачёво","1","0.11675239373611214","0.018100805472316628","57665.00000","55665.00000"
"1280614285","Домодедово","3","0.2680674287713215","0.013219652308891106","29022.00000","27022.00000"
"1215369829","Домодедово","2","0.20204139652369238","0.015858441023233086","28366.00000","26366.00000"
"136971243","Толмачёво","2","0.18776706167426635","0.07422158486014661","17933.00000","15933.00000"
"1210604614","Толмачёво","2","0.24418057729970072","0.03251285164052853","3196.00000","1196.00000"
"1179307352","Домодедово","1","0.18306003769142226","0.13641070519787887","3411.00000","1411.00000"
"1069584025","Домодедово","1","0.2655144363321167","0.014830996953810219","41193.00000","39193.00000"
"1143087443","Домодедово","2","0.19379221481459702","0.07281946568896837","20485.00000","18485.00000"
"374890844","Домодедово","2","0.22561895843004007","0.027674226837246872","8535.00000","6535.00000"
"306430742","Толмачёво","2","0.25695214955526074","0.0033495141320699913","19031.00000","17031.00000"
"358778179","Домодедово","2","0.3067520017636535","0.033799629725471056","8364.00000","6364.00000"
"1215967122","Толмачёво","1","0.10137558143057944","0.06335897730007375","3271.00000","1271.00000"
"544821528","Толмачёво","1","0.18402768741227027","0.040608787937626865","19738.00000","17738.00000"
"961069580","Домодедово","1","0.2684886202004362","0.05512143842744538","13660.00000","11660.00000"
"1201303472","Домодедово","1","0.24931041845698437","0.04205671656156749","10355.00000","8355.00000"
"1217488033","Домодедово","2","0.22709386738082185","0.06801820453521251","4779.00000","2779.00000"
"1207657305","Домодедово","3","0.1824106848250232","0.03473132208684736","5441.00000","3441.00000"
"973833107","Домодедово","2","0.24055386646412574","0.02345751728552771","39394.00000","37394.00000"
"967093756","Домодедово","1","0.23980598465857125","0.04742988884149699","14878.00000","12878.00000"
"799367285","Домодедово","1","0.20346277964600296","0.14271099130901105","2970.00000","970.00000"
"1179846666","Толмачёво","2","0.1987618664629614","0.03585001521031626","18881.00000","16881.00000"
"702486895","Толмачёво","2","0.18513895475045633","0.04297174030140323","9555.00000","7555.00000"
"806928755","Домодедово","2","0.25254950223542755","0.04561699196355188","7573.00000","5573.00000"
"1218748832","Домодедово","1","0.30848132792340754","0.004015231188259608","7424.00000","5424.00000"
"998956806","Толмачёво","3","0.22218015660356713","0.017626425964267292","11236.00000","9236.00000"
"901960578","Толмачёво","4","0.1832380605558688","0.008862437428492154","21381.00000","19381.00000"
"1205613735","Толмачёво","2","0.25916865644879405","0.028248085586049083","14839.00000","12839.00000"
"145109491","Толмачёво","2","0.21619489321389204","0.011630459812789946","3790.00000","1790.00000"
"995804649","Толмачёво","3","0.40052181720562113","0.04703945923283876","4559.00000","2559.00000"
"553331378","Домодедово","2","0.20251177231553422","0.11047856113210765","2587.00000","587.00000"
"1071814811","Толмачёво","2","0.09357043774366716","0.060134634291789106","45517.00000","43517.00000"
"996480615","Домодедово","1","0.20887333965111643","0.030655216226407322","28157.00000","26157.00000"
"813904784","Толмачёво","2","0.294014621605866","0.009103008868481206","23754.00000","21754.00000"
"1217406437","Домодедово","2","0.23272259078236768","0.04606609492891753","2793.00000","793.00000"
"1007692302","Толмачёво","5","0.3329702585592801","0.01338717656471374","2518.00000","518.00000"
"621672451","Домодедово","3","0.17451483802831827","0.018871793488390392","20761.00000","18761.00000"
"1203709393","Домодедово","2","0.3197253514278929","0.011547177276644649","3239.00000","1239.00000"
"1025547964","Домодедово","1","0.22262961158338146","0.07725142430842748","17464.00000","15464.00000"
"1223791174","Толмачёво","1","0.2763173544394049","0.003980303540005245","17897.00000","15897.00000"
"754394859","Домодедово","2","0.25340017542109766","0.0720459701890009","5343.00000","3343.00000"
"800142820","Толмачёво","1","0.038222438671642114","0.18432068641318236","6476.00000","4476.00000"
"851132356","Толмачёво","2","0.2605337521166706","0.03248504075444327","27745.00000","25745.00000"
"1046307527","Домодедово","2","0.21086908250857803","0.030872125302213164","28020.00000","26020.00000"
"1300907021","Толмачёво","3","0.24710468507190525","0.015693036251923607","19445.00000","17445.00000"
"696677116","Толмачёво","1","0.31950076805679617","0.008355937914590942","3512.00000","1512.00000"
"1014239666","Толмачёво","2","0.15275449092283144","0.06173328035273487","24517.00000","22517.00000"
"215270252","Домодедово","2","0.27371583597079174","0.00674551486927458","9261.00000","7261.00000"
"866306279","Толмачёво","2","0.2269000106223866","0.014331934418402505","54344.00000","52344.00000"
"1217646517","Домодедово","1","0.23384221530999022","0.006885388293372294","37812.00000","35812.00000"
"1217382403","Толмачёво","1","0.30570633481458026","0.004516584195708629","3369.00000","1369.00000"
"1193207675","Толмачёво","1","0.19118556880214901","0.021545479365049837","43997.00000","41997.00000"
"1220601310","Домодедово","3","0.2727640442870292","0.02187647315216744","21585.00000","19585.00000"
"394090767","Толмачёво","1","0.23852808688242763","0.08729973250953939","3060.00000","1060.00000"
"312847715","Домодедово","1","0.21645244994904453","0.055782935999445706","9758.00000","7758.00000"
"1212169768","Домодедово","1","0.1206239216717414","0.1530763294161527","10654.00000","8654.00000"
"286545453","Толмачёво","3","0.21208315271686004","0.03388497484921561","10301.00000","8301.00000"
"1224814892","Домодедово","1","0.32943258829462496","0.02059066268871903","2428.00000","428.00000"
"1043070834","Толмачёво","1","0.23957502258907887","0.009141147859607509","23057.00000","21057.00000"
"1217274636","Домодедово","2","0.22367555499241715","0.02602645590498482","2215.00000","215.00000"
"895792472","Толмачёво","3","0.3087056581049853","0.01412990069926245","9661.00000","7661.00000"
"1079495872","Домодедово","2","0.1693079727513939","0.013905713261348904","53178.00000","51178.00000"
"1193290846","Толмачёво","2","0.28864741771471153","0.014525779990997419","14568.00000","12568.00000"
"1209177413","Толмачёво","2","0.2085965623157803","0.00900259165772652","40390.00000","38390.00000"
"857701764","Толмачёво","2","0.1900185054002329","0.05547218076868351","10970.00000","8970.00000"
"1155616139","Толмачёво","1","0.16207215849894277","0.15349028202727857","6216.00000","4216.00000"
"999930730","Толмачёво","1","0.11961992347504935","0.26341253416210864","2070.00000","70.00000"
"509098115","Домодедово","4","0.31623170303971115","0.03014413228184223","8237.00000","6237.00000"
"1049253450","Домодедово","2","0.21084811501370032","0.04002605861652865","10723.00000","8723.00000"
"1211633441","Толмачёво","1","0.347784676741811","0.03342530497776225","3071.00000","1071.00000"
"214416087","Домодедово","3","0.27538864137213165","0.01117121373137131","2770.00000","770.00000"
"508483233","Толмачёво","2","0.32888338905148506","0.028498415592287465","10886.00000","8886.00000"
"699181402","Толмачёво","1","0.2546254948908743","0.0910451378004031","12660.00000","10660.00000"
"281948092","Толмачёво","4","0.21220182137469432","0.03393759064543569","28125.00000","26125.00000"
"1201935865","Толмачёво","2","0.26081605217128556","0.028714009610087264","23083.00000","21083.00000"
"868537698","Толмачёво","1","0.22313099656094468","0.12442225604687995","3792.00000","1792.00000"
"1034250454","Толмачёво","1","0.17799160009732604","0.013982635840345651","34966.00000","32966.00000"
"383913942","Домодедово","2","0.24959011995138533","0.001203625671448603","11431.00000","9431.00000"
"1202252886","Домодедово","2","0.28312683605020666","0.055081343455581834","-35919.00000","-37919.00000"
"1177291583","Домодедово","2","0.2151569906816568","0.03622429745607965","16477.00000","14477.00000"
"1163402226","Домодедово","2","0.2777910385253181","0.008087869033793452","33482.00000","31482.00000"
"1213751443","Домодедово","1","0.11496133176331248","0.16232352420348028","6827.00000","4827.00000"
"1030917371","Толмачёво","2","0.23227176190977394","0.00885304100439226","16181.00000","14181.00000"
"702801635","Толмачёво","3","0.08522418643444826","0.11263041589844269","17344.00000","15344.00000"
"569728825","Домодедово","3","0.1192587230643476","0.012352876311244885","43339.00000","41339.00000"
"590177939","Домодедово","1","0.2778960092731297","0.053802546866478805","8086.00000","6086.00000"
"1004170678","Толмачёво","1","0.11872200563154514","0.04343955443555961","50555.00000","48555.00000"
"787450112","Толмачёво","1","0.24833751033041124","0.019719237038389414","26758.00000","24758.00000"
"1213453485","Толмачёво","1","0.1905245917757296","0.05478020520300023","10723.00000","8723.00000"
"293398454","Домодедово","3","0.30092750399537876","0.010269528258433107","7202.00000","5202.00000"
"999739818","Домодедово","1","0.049707348914274134","0.12464550064357147","11305.00000","9305.00000"
"752333837","Домодедово","1","0.21420240444877356","0.01151625627820182","32548.00000","30548.00000"
"747675254","Домодедово","1","0.22305818653416662","0.01926700315676944","19522.00000","17522.00000"
"849468466","Толмачёво","1","0.15814152348421337","0.09244197394277924","15586.00000","13586.00000"
"1072913384","Домодедово","3","0.2455367691313985","0.06248924109463758","5255.00000","3255.00000"
"963522484","Толмачёво","2","0.1758757297572401","0.03211563820557659","69922.00000","67922.00000"
"612644495","Толмачёво","2","0.15453338457707427","0.09646371494328952","19847.00000","17847.00000"
"114575411","Домодедово","2","0.152173215112525","0.014046486354252471","71823.00000","69823.00000"
"1216150585","Толмачёво","1","0.19217097635084063","0.040846163329398354","39793.00000","37793.00000"
"319972311","Толмачёво","3","0.26184051280181786","0.013245508494631306","38319.00000","36319.00000"
"1222683550","Толмачёво","2","0.2107265904405203","0.05270728360251393","2853.00000","853.00000"
"1212044358","Толмачёво","2","0.22657473068676795","0.054017744366741914","14902.00000","12902.00000"
"287303600","Домодедово","1","0.20949295555628408","0.024329967368737004","28244.00000","26244.00000"
"130538492","Домодедово","2","0.20563920558107174","0.011017988453756398","36478.00000","34478.00000"
"369364807","Домодедово","1","0.17556869634823657","0.02559162564599485","43339.00000","41339.00000"
"1040669685","Толмачёво","2","0.22956020965953053","0.03317115684006684","11386.00000","9386.00000"
"1217322467","Толмачёво","3","0.2134930390828216","0.019978487664752697","35862.00000","33862.00000"
"1040531248","Толмачёво","2","0.24898653703482768","0.03223464678402136","6847.00000","4847.00000"
"563188047","Домодедово","2","0.25614923558021724","0.0702635799783913","5339.00000","3339.00000"
"140435814","Толмачёво","1","0.1888088341302962","0.0031238372852930444","34163.00000","32163.00000"
"703641871","Толмачёво","2","0.2544882680446984","0.008991768819019703","24405.00000","22405.00000"
"851723932","Толмачёво","2","0.2191202174282439","0.0869200211010643","8547.00000","6547.00000"
"604032588","Толмачёво","2","0.21319379403049457","0.009845778874333891","44738.00000","42738.00000"
"1215104713","Домодедово","2","0.24627957408801612","0.044657101322559775","35834.00000","33834.00000"
"1213047023","Толмачёво","1","0.2959538141063892","0.018407416260680227","12880.00000","10880.00000"
"782466328","Домодедово","2","0.14730600907355015","0.08976099007416108","16815.00000","14815.00000"
"627597121","Домодедово","2","0.19184246487044687","0.04076184723117467","32601.00000","30601.00000"
"943272878","Толмачёво","3","0.18388430363696012","0.06879755109819236","16881.00000","14881.00000"
"1042453944","Толмачёво","2","0.24376954952063604","0.03713446885105557","36204.00000","34204.00000"
"1194184962","Домодедово","2","0.11700114242021083","0.09225470145198665","14981.00000","12981.00000"
"1217493341","Толмачёво","2","0.21362306956302815","0.023469878352261483","24848.00000","22848.00000"
"1223979657","Домодедово","3","0.19660381844389038","0.02667339699287114","21154.00000","19154.00000"
"526404690","Домодедово","1","0.24536744785763628","0.006956078326466114","14649.00000","12649.00000"
"365779098","Толмачёво","1","0.20101293022442052","0.05551031281428125","9913.00000","7913.00000"
"1039170896","Домодедово","2","0.2322605745385934","0.013899474170218086","43693.00000","41693.00000"
"606565244","Толмачёво","4","0.22925783330060792","0.008784884408413872","74207.00000","72207.00000"
"1211438036","Толмачёво","2","0.29228047162590115","0.0370717323352166","13243.00000","11243.00000"
"1219568533","Домодедово","2","0.24175601234626298","0.014507624963919082","15931.00000","13931.00000"
"214701413","Домодедово","2","0.3055281282488841","0.029062787795455295","2011.00000","11.00000"
"375674492","Домодедово","1","0.24411478940400988","0.008596472343139136","5775.00000","3775.00000"
"774864526","Домодедово","3","0.22583814390434537","0.0026889381058446855","27746.00000","25746.00000"
"208965043","Домодедово","3","0.18434994230334095","0.031147527421519973","42253.00000","40253.00000"
"1226092225","Толмачёво","2","0.21298055821179057","0.043245532380436616","5359.00000","3359.00000"
"641477835","Домодедово","1","0.20363305547059665","0.0052963414020695924","45842.00000","43842.00000"
"281548870","Домодедово","1","0.09107579832901605","0.061248297563856476","22129.00000","20129.00000"
"789012264","Толмачёво","1","0.17265297187810774","0.09629452738664283","11720.00000","9720.00000"
"1050272812","Толмачёво","1","0.2894307689255017","0.01919892510441955","24767.00000","22767.00000"
"895034062","Домодедово","1","0.32685031486896904","0.01708480691624979","2093.00000","93.00000"
"1021240478","Толмачёво","1","0.1940079737623471","0.03034081308289499","46473.00000","44473.00000"
"750279933","Домодедово","4","0.26188737152797953","0.022434068254725797","41943.00000","39943.00000"
"1217744103","Домодедово","3","0.31696281747049604","0.04051262564917258","12047.00000","10047.00000"
"760898963","Толмачёво","3","0.1625880868463509","0.00902157818378488","59235.00000","57235.00000"
"1202063191","Домодедово","1","0.2569557543446627","0.004841366229039801","8265.00000","6265.00000"
"996216426","Домодедово","1","0.255770276727402","0.01276664091785658","32625.00000","30625.00000"
"1030910405","Толмачёво","2","0.30398941535770796","0.0018362592722892149","30844.00000","28844.00000"
"1201522775","Толмачёво","1","0.1434904529045176","0.17857033604586176","2834.00000","834.00000"
"1015461397","Домодедово","2","0.22390424261366976","0.019600419894679737","15937.00000","13937.00000"
"1051852083","Толмачёво","3","0.2632696867038169","0.0375492567725502","10884.00000","8884.00000"
"1220122237","Домодедово","3","0.3030105679628057","0.008116862047955607","4043.00000","2043.00000"
"672726873","Толмачёво","1","0.06707439677416285","0.05244993553672061","54325.00000","52325.00000"
"1057525270","Толмачёво","4","0.4419010198454413","0.016516546384537596","9603.00000","7603.00000"
"286977151","Домодедово","1","0.27879709923679546","0.006824822350347176","24356.00000","22356.00000"
"1213486265","Толмачёво","2","0.20810540413618434","0.04292100265476806","3186.00000","1186.00000"
"665327790","Домодедово","2","0.17078043723736283","0.014449169879324871","59769.00000","57769.00000"
"702612813","Домодедово","2","0.08654698986020633","0.04749643492816969","60570.00000","58570.00000"
"944204312","Домодедово","2","0.14035399238385854","0.03832290963887823","34677.00000","32677.00000"
"1068193235","Домодедово","1","0.26143641247897714","0.010633137666935816","9591.00000","7591.00000"
"571829392","Толмачёво","2","0.19751098903172098","0.017814675962167226","34431.00000","32431.00000"
"1204896107","Толмачёво","2","0.2475337827347824","0.10757165891309119","2640.00000","640.00000"
"746462283","Толмачёво","2","0.07777886428326862","0.023529843661145022","98452.00000","96452.00000"
"271865250","Домодедово","1","0.13791444828957364","0.038182541880096364","28753.00000","26753.00000"
"249267978","Толмачёво","3","0.15963031979207962","0.004407066412834867","74045.00000","72045.00000"
"951988668","Домодедово","3","0.21213806568890722","0.013721112488173334","75619.00000","73619.00000"
"391565634","Толмачёво","1","0.2313817251221819","0.009555161427114343","39329.00000","37329.00000"
"1214754624","Домодедово","1","0.24423196164699607","0.04153458335922745","17645.00000","15645.00000"
"369263680","Домодедово","3","0.30786223482349967","0.019115850340975665","10937.00000","8937.00000"
"1214153673","Толмачёво","1","0.24168019540003674","0.03511415863608456","14256.00000","12256.00000"
"375860724","Домодедово","1","0.19182631154541097","0.10966132458134357","9148.00000","7148.00000"
"748267225","Толмачёво","1","0.09515521263456862","0.07216865207093767","19312.00000","17312.00000"
"778022950","Толмачёво","2","0.13345948779080036","0.0433983325580598","25642.00000","23642.00000"
"1218418791","Домодедово","3","0.2042714587412975","0.0182066051730921","57555.00000","55555.00000"
"1052335055","Толмачёво","1","0.11632516208998274","0.09437411327185705","19648.00000","17648.00000"
"766414357","Домодедово","1","0.2736897446857759","0.010974645551856434","24947.00000","22947.00000"
"254280823","Толмачёво","2","0.21382530502094843","0.03399213028924928","19912.00000","17912.00000"
"236921947","Толмачёво","1","0.20365099305906956","0.019746860724256396","46823.00000","44823.00000"
"351686439","Толмачёво","1","0.22187343809431917","0.037927026916181945","22861.00000","20861.00000"
"357196920","Толмачёво","2","0.29128464192185","0.061740655249661186","10442.00000","8442.00000"
"746460100","Толмачёво","1","0.13186873433744475","0.021528599105273306","57362.00000","55362.00000"
"1213510419","Домодедово","2","0.3069627141108766","0.016102411289585457","5232.00000","3232.00000"
"759296768","Домодедово","2","0.10714767445403439","0.1616171288817678","2290.00000","290.00000"
"1225826960","Толмачёво","3","0.2236029141407719","0.014089273768135383","19094.00000","17094.00000"
"896116561","Домодедово","2","0.25462045160652536","0.03506089485590319","13307.00000","11307.00000"
"624112564","Домодедово","1","0.2796672584069072","0.01852943183376036","6533.00000","4533.00000"
"640056896","Домодедово","2","0.23165242900227326","0.00846051423854958","48187.00000","46187.00000"
"1207397599","Домодедово","1","0.13277234508545507","0.07436362975859699","18378.00000","16378.00000"
"289933604","Домодедово","2","0.13504452726684338","0.060945190092863165","33759.00000","31759.00000"
"747892593","Домодедово","3","0.21127637742510005","0.07266452174580289","8351.00000","6351.00000"
"1170788804","Толмачёво","3","0.26773818971450086","0.016226239508866862","22795.00000","20795.00000"
"603334947","Толмачёво","1","0.1633652316128196","0.12746979748841836","5855.00000","3855.00000"
"1217945584","Домодедово","1","0.22252864476942172","0.024553512099219868","53902.00000","51902.00000"
"1217270159","Домодедово","1","0.14389275950456445","0.14765350047176523","6948.00000","4948.00000"
"1221718174","Домодедово","1","0.2191794015281354","0.027394228836391667","19410.00000","17410.00000"
"1059871221","Толмачёво","2","0.2408070340008104","0.007441264634964288","40962.00000","38962.00000"
"1211859705","Толмачёво","1","0.15489221704517056","0.1185951564685918","5439.00000","3439.00000"
"1057528091","Толмачёво","3","0.4021066668011519","0.014497700276572661","24399.00000","22399.00000"
"230384770","Домодедово","2","0.33153120598685276","0.011472428726064849","9765.00000","7765.00000"
"1216277623","Домодедово","2","0.21820943708464358","0.02578785348156832","37615.00000","35615.00000"
"1203211671","Домодедово","2","0.2840336323082446","0.03085712851494615","2267.00000","267.00000"
"1016204236","Домодедово","1","0.1543955393372784","0.11339160804706531","4757.00000","2757.00000"
"786397197","Домодедово","1","0.22573820182415685","0.03150222935086195","19467.00000","17467.00000"
"909256905","Домодедово","1","0.17498589922290028","0.1278712600346805","2498.00000","498.00000"
"1172508381","Домодедово","1","0.14650107559466993","0.008510386564720682","79569.00000","77569.00000"
"1212115782","Домодедово","2","0.2310214653983982","0.026337915943997786","5882.00000","3882.00000"
"776415189","Домодедово","1","0.13094941634280322","0.008958590141019225","64823.00000","62823.00000"
"740006583","Толмачёво","4","0.2418104834874203","0.010450565870048955","35784.00000","33784.00000"
"680867147","Толмачёво","3","0.21747465141851954","0.004941592390224786","60280.00000","58280.00000"
"583354723","Домодедово","1","0.19602947652804323","0.040752337960682984","12279.00000","10279.00000"
"1172807018","Домодедово","2","0.2199669004297537","0.011518987736053853","21513.00000","19513.00000"
"152948704","Домодедово","3","0.293266365053106","0.036283560159282205","7516.00000","5516.00000"
"1214665018","Толмачёво","2","0.17810183363646725","0.09822104268342316","6578.00000","4578.00000"
"390177859","Толмачёво","1","0.19195806927250764","0.12808944672716838","2181.00000","181.00000"
"1042179415","Домодедово","3","0.2515942642006163","0.014312243039147148","29326.00000","27326.00000"
"1211968104","Домодедово","1","0.2021346385036329","0.09987177271505582","6909.00000","4909.00000"
"1204757979","Домодедово","2","0.33257844228255856","0.0104315539656951","4354.00000","2354.00000"
"423974391","Толмачёво","2","0.16058436788705663","0.13989187272667433","4192.00000","2192.00000"
"1209574302","Домодедово","1","0.2574066040971265","0.011859671045452292","13846.00000","11846.00000"
"733083946","Домодедово","1","0.17615250649196565","0.06662095815573459","17022.00000","15022.00000"
"1327960476","Толмачёво","2","0.25325639783212484","0.009601287211467814","6738.00000","4738.00000"
"157188258","Толмачёво","2","0.18077859604344507","0.02111150983579452","57645.00000","55645.00000"
"693768419","Домодедово","2","0.1719536732831246","0.011392982834395765","38444.00000","36444.00000"
"1218776083","Толмачёво","2","0.25903321435344784","0.00862887650969591","22155.00000","20155.00000"
"783616774","Домодедово","1","0.11235682348536909","0.03695901967433396","44125.00000","42125.00000"
"635799036","Толмачёво","1","0.14057773166788473","0.06578871981650539","14751.00000","12751.00000"
"1219139442","Толмачёво","2","0.26287551750034416","0.04605544242845862","4946.00000","2946.00000"
"727853044","Домодедово","1","0.03904952912163242","0.1036875006670362","53579.00000","51579.00000"
"1204076367","Домодедово","2","0.25060677222295114","0.03562633745030966","16313.00000","14313.00000"
"1207229983","Толмачёво","1","0.15496879086199009","0.048394832177028606","17823.00000","15823.00000"
"1166688979","Толмачёво","3","0.21043829814503157","0.02116764788477035","-9821.00000","-11821.00000"
"1207707696","Домодедово","2","0.26212606611668327","0.04166290552654735","5093.00000","3093.00000"
"1056015083","Толмачёво","1","0.12675343877015705","0.07060145218734903","28952.00000","26952.00000"
"1032875495","Толмачёво","1","0.22453888476050374","0.016496636045695377","7570.00000","5570.00000"
"703396876","Домодедово","1","0.18302996989832965","0.01609492068990266","52029.00000","50029.00000"
"1169659450","Толмачёво","2","0.25508897547522813","0.026414887160001885","10570.00000","8570.00000"
"679712200","Домодедово","3","0.23681522983397232","0.006844271492072287","24206.00000","22206.00000"
"553783975","Домодедово","4","0.2710294844847773","0.008433448377990798","18147.00000","16147.00000"
"1217686669","Толмачёво","1","0.1899759396153837","0.013550707150958711","10983.00000","8983.00000"
"1042632496","Домодедово","1","0.17369881305501372","0.009640952570405375","12515.00000","10515.00000"
"758337173","Толмачёво","3","0.2705645371666144","0.08394579161126021","5880.00000","3880.00000"
"1202541600","Домодедово","2","0.1802701303014046","0.09592655823487602","17621.00000","15621.00000"
"1019111496","Домодедово","4","0.23416855074273307","0.027657272198305667","19191.00000","17191.00000"
"996599350","Толмачёво","2","0.15940159038003363","0.03116042438054487","22587.00000","20587.00000"
"619061227","Толмачёво","1","0.09534711467813013","0.08922554216221311","29912.00000","27912.00000"
"513056868","Толмачёво","1","0.27010281567455136","0.00442807206801332","27635.00000","25635.00000"
"267597588","Домодедово","2","0.23378706750945794","0.0333578431835736","40857.00000","38857.00000"
"1036989791","Домодедово","1","0.25095181248068416","0.07664426706886729","16305.00000","14305.00000"
"1225544970","Домодедово","2","0.2576352073631173","0.10127303880835113","3022.00000","1022.00000"
"693698897","Домодедово","1","0.1153925297590746","0.08025809309518052","21708.00000","19708.00000"
"538738360","Домодедово","2","0.20373224349336497","0.01872246972939455","18494.00000","16494.00000"
"698069892","Толмачёво","2","0.278709290855779","0.03920564518276596","8664.00000","6664.00000"
"1207266954","Домодедово","2","0.2282550331152109","0.028322576338187213","10350.00000","8350.00000"
"674980076","Толмачёво","1","0.22150996040122664","0.05433802456248283","25545.00000","23545.00000"
"1218855755","Толмачёво","1","0.20630632126601314","0.03986500800074316","8069.00000","6069.00000"
"1204373932","Домодедово","1","0.20589870248132922","0.04834704461918586","14616.00000","12616.00000"
"765963269","Толмачёво","3","0.2521722627417888","0.010108345529363426","11495.00000","9495.00000"
"1039375660","Толмачёво","1","0.20180423390326727","0.022063512341888077","25203.00000","23203.00000"
"780644703","Толмачёво","1","0.28007359628554457","0.05263778586773792","5528.00000","3528.00000"
"1030452150","Толмачёво","1","0.2682631338122696","0.00215848877523067","16935.00000","14935.00000"
"973648338","Толмачёво","1","0.227934938458291","0.10259291764481202","2144.00000","144.00000"
"735080475","Домодедово","3","0.22083246396126172","0.0331635819313004","4731.00000","2731.00000"
"243299243","Толмачёво","1","0.09356387603431425","0.07055912555326191","26399.00000","24399.00000"
"1208914751","Толмачёво","1","0.2019381182633541","0.005775298514422503","10012.00000","8012.00000"
"1222142224","Толмачёво","2","0.10098621082694444","0.11385315725382508","16630.00000","14630.00000"
"743568441","Домодедово","2","0.19031708225805094","0.02509269196291144","41301.00000","39301.00000"
"237426372","Домодедово","3","0.15719434196415624","0.008587288095700517","38702.00000","36702.00000"
"383101296","Толмачёво","3","0.10999453213935591","0.04277220846894115","77244.00000","75244.00000"
"615283023","Толмачёво","2","0.198516010491854","0.018663500034327922","72441.00000","70441.00000"
"1209583368","Толмачёво","3","0.14037018949613847","0.11837039497686533","9438.00000","7438.00000"
"1206905446","Домодедово","1","0.2075307784928012","0.023059799292474748","7048.00000","5048.00000"
"1224923955","Домодедово","2","0.21702760000415175","0.023708492786273933","18920.00000","16920.00000"
"1005106567","Домодедово","2","0.24239206460467352","0.024382332182030324","24476.00000","22476.00000"
"566229732","Толмачёво","3","0.28341312131595464","0.01848957170666494","3129.00000","1129.00000"
"687877391","Домодедово","2","0.10333662734219473","0.02556189674115469","51507.00000","49507.00000"
"1216005409","Толмачёво","1","0.23836901941168356","0.019346084971851633","5168.00000","3168.00000"
"944524043","Толмачёво","1","0.19661659310822105","0.019581297251994034","29919.00000","27919.00000"
"1044217420","Толмачёво","3","0.1988335357893736","0.01623397893189721","26472.00000","24472.00000"
"742038905","Домодедово","4","0.3175703560861894","0.015527637009472637","23181.00000","21181.00000"
"799317045","Толмачёво","3","0.29330251600274054","0.01878331386681359","12250.00000","10250.00000"
"1034462294","Толмачёво","4","0.3071487010184816","0.03277169927646033","-61995.00000","-63995.00000"
"803984317","Домодедово","2","0.23998904088792097","0.013851017731698842","35091.00000","33091.00000"
"1218326258","Домодедово","1","0.29770902557804824","0.042556945790921515","12345.00000","10345.00000"
"701548514","Толмачёво","2","0.20593058917049475","0.01103101597199027","30913.00000","28913.00000"
"1199101857","Домодедово","2","0.30570990130672376","0.02458269169873876","8565.00000","6565.00000"
"943699001","Домодедово","3","0.28222870043124","0.030153801569444753","2205.00000","205.00000"
"272519453","Толмачёво","3","0.1920198238949946","0.02737224008515263","20554.00000","18554.00000"
"893245225","Домодедово","2","0.0954529926560347","0.03716486585493244","37714.00000","35714.00000"
"1141526661","Толмачёво","3","0.26880664649457814","0.014812329055785722","36630.00000","34630.00000"
"1210460496","Домодедово","1","0.18746492276700003","0.025153967262409652","59932.00000","57932.00000"
"1211305323","Домодедово","2","0.31227188305934217","0.006259153413079982","8022.00000","6022.00000"
"1028788676","Толмачёво","1","0.3257929798014005","0.01248821456769109","4986.00000","2986.00000"
"614912429","Толмачёво","3","0.2576320889391458","0.051582132481804197","3371.00000","1371.00000"
"1033583363","Толмачёво","1","0.2819436194865283","0.08849943712424213","4385.00000","2385.00000"
"729589117","Толмачёво","2","0.18391897306874094","0.010289241094036802","26515.00000","24515.00000"
"686117167","Домодедово","1","0.13653549409245572","0.06368913857518738","13766.00000","11766.00000"
"869871843","Толмачёво","2","0.26170902354236353","0.019551892217259278","35396.00000","33396.00000"
"1223846777","Домодедово","1","0.12373666027207064","0.12754197354219418","12043.00000","10043.00000"
"638670384","Домодедово","1","0.21299504892723406","0.07629585398033921","14778.00000","12778.00000"
"1213675598","Домодедово","2","0.21078916599329375","0.01980339976240124","12352.00000","10352.00000"
"1000562708","Толмачёво","1","0.27200454239908073","0.004559894208171352","30318.00000","28318.00000"
"627053017","Домодедово","2","0.17847043597313378","0.06901401101773542","20122.00000","18122.00000"
"1216202672","Толмачёво","1","0.20222393643640885","0.024458932925069093","8840.00000","6840.00000"
"207110539","Толмачёво","2","0.24428337707491463","0.062365314909615","6553.00000","4553.00000"
"1188706968","Домодедово","2","0.2513615675091857","0.07648502554700455","3791.00000","1791.00000"
"349525260","Домодедово","3","0.22716150081409625","0.057677164458924075","5455.00000","3455.00000"
"1198245392","Толмачёво","2","0.295373173172389","0.044802629060470084","3017.00000","1017.00000"
"266596866","Толмачёво","4","0.17353966584576533","0.024864783974394747","30522.00000","28522.00000"
"1215180240","Толмачёво","2","0.22308260803445748","0.015289247882043252","23511.00000","21511.00000"
"864716150","Домодедово","2","0.252601290296472","0.01439582977693635","55051.00000","53051.00000"
"616767981","Домодедово","1","0.17735098691287035","0.023447513300507452","28792.00000","26792.00000"
"1214664370","Домодедово","2","0.3294345233459547","0.004874129192429927","8338.00000","6338.00000"
"648943717","Толмачёво","1","0.09980321238371428","0.07694456759611201","32900.00000","30900.00000"
"764266445","Домодедово","2","0.19025190116523977","0.007883063810778176","31508.00000","29508.00000"
"670165256","Домодедово","3","0.2788128301869601","0.005978772423548586","48092.00000","46092.00000"
"1040774508","Толмачёво","2","0.2717227807357542","0.02624036163149016","15935.00000","13935.00000"
"1210169776","Толмачёво","2","0.2877203774751274","0.024938076000108677","4833.00000","2833.00000"
"1217314991","Толмачёво","1","0.1786758511440716","0.027507762186658416","31719.00000","29719.00000"
"300658858","Домодедово","2","0.23447795342239444","0.08271602027202989","7815.00000","5815.00000"
"1218207796","Домодедово","1","0.2644277231291933","0.03232777254751373","12120.00000","10120.00000"
"1050611196","Толмачёво","3","0.20825812472279254","0.04192699969442877","6761.00000","4761.00000"
"865136798","Толмачёво","2","0.15348488660064238","0.06378466509908821","20889.00000","18889.00000"
"997459550","Толмачёво","2","0.24273693904885033","0.01748689769553219","23289.00000","21289.00000"
"1213050385","Домодедово","2","0.26566360790507093","0.023539738241408127","10100.00000","8100.00000"
"296859408","Толмачёво","1","0.21533786531613733","0.005734380076395775","33166.00000","31166.00000"
"865946542","Домодедово","1","0.21217742058971037","0.08216768821427117","3855.00000","1855.00000"
"1213595953","Толмачёво","1","0.2713580241732182","0.05403167099295078","5736.00000","3736.00000"
"1068188192","Домодедово","4","0.23950564709204109","0.011590564037575364","30976.00000","28976.00000"
"722207681","Домодедово","1","0.17377569913037394","0.13179947814626297","3017.00000","1017.00000"
"328017135","Домодедово","3","0.31504277143672466","0.0018870119388329477","11676.00000","9676.00000"
"392910536","Домодедово","2","0.2149629316776132","0.019903559537797547","69923.00000","67923.00000"
"1327690902","Домодедово","2","0.17096668537844412","0.03897746422480317","46014.00000","44014.00000"
"1226606051","Домодедово","1","0.19487894422638552","0.07332829983426926","5491.00000","3491.00000"
"1217093549","Домодедово","1","0.23459547993116636","0.014543935812458228","31138.00000","29138.00000"
"523566577","Толмачёво","2","0.3359455919256033","0.008592109399999761","3837.00000","1837.00000"
"1214458313","Домодедово","2","0.2655038579875948","0.018477770133112168","24770.00000","22770.00000"
"536255849","Толмачёво","3","0.20301619097750623","0.016669089687131544","30287.00000","28287.00000"
"967631541","Домодедово","1","0.16012763541530078","0.19064272030731777","2637.00000","637.00000"
"1218213054","Толмачёво","1","0.18464848675022913","0.1441526664158663","3002.00000","1002.00000"
"1200449431","Толмачёво","2","0.2018209023845891","0.047725311548769946","21339.00000","19339.00000"
"603712598","Домодедово","1","0.09258983265840644","0.09475793748617033","19681.00000","17681.00000"
"1210486666","Толмачёво","2","0.2641426834182873","0.019092000711540397","27487.00000","25487.00000"
"1211055712","Толмачёво","2","0.20097734676718337","0.0074648009487316555","54335.00000","52335.00000"
"1218820371","Толмачёво","1","0.16819633085957864","0.037461001431850355","4776.00000","2776.00000"
"1224310586","Домодедово","2","0.21829613514274637","0.02696788111679125","5489.00000","3489.00000"
"1026481700","Домодедово","2","0.22682271441174942","0.10126247356815093","3542.00000","1542.00000"
"1039494893","Толмачёво","3","0.4197498576065633","0.010764483314965692","15168.00000","13168.00000"
"1039037514","Домодедово","1","0.16826760412764052","0.12614880492769479","7299.00000","5299.00000"
"1208840678","Толмачёво","2","0.27164659077661324","0.008175136528633267","38204.00000","36204.00000"
"1222418138","Домодедово","1","0.10647454164551003","0.09356282653686918","25215.00000","23215.00000"
"615737391","Толмачёво","1","0.26195520896285035","0.0023531706189076304","20155.00000","18155.00000"
"904702002","Домодедово","1","0.20460767944286337","0.0477715465601754","28029.00000","26029.00000"
"311097027","Домодедово","1","0.33716618088587","0.005726494241510301","2095.00000","95.00000"
"1220879917","Домодедово","1","0.31655364556850657","0.02696344889822859","18694.00000","16694.00000"
"1158031526","Домодедово","1","0.1755216023437809","0.07504066754457098","13608.00000","11608.00000"
"684120364","Домодедово","3","0.2853862326903413","0.002764781304357782","25882.00000","23882.00000"
"1039841663","Домодедово","1","0.2714994659720478","0.002186196376563169","13798.00000","11798.00000"
"634161418","Домодедово","4","0.27398345640105354","0.010722291516292492","34998.00000","32998.00000"
"652325891","Домодедово","2","0.28266518556188275","0.007228453366949271","13174.00000","11174.00000"
"1029786295","Домодедово","2","0.15835984218746896","0.09055535266598494","8793.00000","6793.00000"
"1202709129","Толмачёво","1","0.17399006373903797","0.029537149891350565","65929.00000","63929.00000"
"591941045","Домодедово","2","0.16855586185217153","0.025329266173217634","3729.00000","1729.00000"
"1220255666","Домодедово","2","0.22946739370350144","0.05706701742669392","4367.00000","2367.00000"
"1220980807","Толмачёво","2","0.2371550295794428","0.01428960484787564","27174.00000","25174.00000"
"402529118","Домодедово","1","0.22604025486157173","0.03349516778138049","16710.00000","14710.00000"
"1037322874","Домодедово","2","0.29517550990514185","0.011625274522222421","13242.00000","11242.00000"
"940638655","Толмачёво","4","0.3030656567343028","0.004624752811808372","15889.00000","13889.00000"
"386717310","Толмачёво","1","0.25072300808321624","0.034053838966648195","39224.00000","37224.00000"
"122705003","Домодедово","2","0.3056692791728152","0.05002548247282421","8533.00000","6533.00000"
"865098439","Толмачёво","1","0.17251553407669068","0.007887563214311784","52741.00000","50741.00000"
"1223525906","Домодедово","2","0.10722043705398131","0.04195168058255962","81990.00000","79990.00000"
"1036847193","Домодедово","1","0.22015056399387378","0.09582809469686993","5705.00000","3705.00000"
"1221926572","Толмачёво","4","0.21762072862377688","0.016433513397270685","16654.00000","14654.00000"
"952246142","Домодедово","4","0.20406824293585565","0.013043896170822217","65304.00000","63304.00000"
"556505906","Толмачёво","1","0.20987463401066267","0.10098855514922186","13117.00000","11117.00000"
"1036672842","Толмачёво","2","0.27607405121511414","0.008586489892369731","12662.00000","10662.00000"
"391476231","Толмачёво","1","0.2944888798254501","0.004863851298324427","23458.00000","21458.00000"
"353042677","Толмачёво","2","0.15548390422245706","0.030495804121529854","16542.00000","14542.00000"
"562681370","Толмачёво","3","0.13271700432618538","0.14421037595208874","3723.00000","1723.00000"
"1207291923","Толмачёво","1","0.20615611881754167","0.08229165296376041","3057.00000","1057.00000"
"211183647","Домодедово","1","0.3178519155201785","0.002472157581673545","10379.00000","8379.00000"
"850865616","Толмачёво","1","0.10584083878752376","0.1067869509957199","12697.00000","10697.00000"
"150483508","Толмачёво","1","0.22663009607092008","0.0354067700473595","19513.00000","17513.00000"
"1044211864","Домодедово","2","0.4581926243281154","0.016076350528440777","5174.00000","3174.00000"
"555497422","Домодедово","1","0.1808391720224182","0.1361604529048546","11029.00000","9029.00000"
"1213115000","Толмачёво","2","0.18265181977319503","0.020122329715990997","11095.00000","9095.00000"
"554625557","Домодедово","2","0.10269887832018619","0.13270449495995626","2921.00000","921.00000"
"1214318530","Домодедово","1","0.2752388384168969","0.05613566658406276","10794.00000","8794.00000"
"1215105465","Толмачёво","1","0.23755558028676502","0.007088447969355344","12571.00000","10571.00000"
"1058029301","Домодедово","1","0.2245992853259842","0.02507020814329897","20585.00000","18585.00000"
"826833983","Толмачёво","2","0.17164833949373431","0.1267120437158408","12112.00000","10112.00000"
"650854428","Толмачёво","4","0.2286937847786127","0.013358268164063991","24582.00000","22582.00000"
"1012893215","Толмачёво","5","0.27647522013797204","0.013042297621195987","30885.00000","28885.00000"
"1028514454","Домодедово","2","0.289571900604699","0.09473805021115222","2742.00000","742.00000"
"1078248029","Домодедово","2","0.01935218590628257","0.2486498573242793","8384.00000","6384.00000"
"337317992","Домодедово","3","0.28854466512421695","0.012711006348418123","30055.00000","28055.00000"
"996234816","Домодедово","2","0.34979499852137014","0.012580677589811956","7347.00000","5347.00000"
"266763721","Домодедово","1","0.021269305450566142","0.14952956027392048","9321.00000","7321.00000"
"68860140","Толмачёво","1","0.18624105215191475","0.04588000944583124","17653.00000","15653.00000"
"1213788854","Толмачёво","1","0.15355152256974317","0.08252682309243528","15687.00000","13687.00000"
"789623270","Толмачёво","3","0.267951545157025","0.007848369880492518","4374.00000","2374.00000"
"901170462","Домодедово","1","0.19496953469455167","0.03012898320893679","50532.00000","48532.00000"
"1206791199","Домодедово","1","0.1624837432177212","0.13539756436557507","6360.00000","4360.00000"
"104638958","Толмачёво","2","0.173862075303848","0.026414890038366008","30466.00000","28466.00000"
"1224231894","Толмачёво","2","0.20866688313648582","0.006019222379585097","23071.00000","21071.00000"
"376097474","Толмачёво","3","0.2514221318165973","0.018339544649630984","42587.00000","40587.00000"
"1249190184","Толмачёво","1","0.17626658905342638","0.01453923548799","65234.00000","63234.00000"
"246238349","Домодедово","1","0.3221494189518814","0.014086802561986992","2340.00000","340.00000"
"132017033","Домодедово","1","0.2002088146994695","0.03465621088740609","12849.00000","10849.00000"
"1214868557","Домодедово","1","0.30865473315537956","0.0018152740773639154","7802.00000","5802.00000"
"339631590","Домодедово","1","0.2199678630987395","0.03566352368194925","13840.00000","11840.00000"
"1215717698","Толмачёво","2","0.2679610939004801","0.016650482575606546","7310.00000","5310.00000"
"1213456414","Домодедово","1","0.16287289848980196","0.08989132698881358","15011.00000","13011.00000"
"1201864900","Толмачёво","3","0.2754539013279572","0.028018046854678257","5461.00000","3461.00000"
"1224334966","Домодедово","2","0.20545860872794974","0.029605174703366533","12446.00000","10446.00000"
"1039954606","Домодедово","4","0.3218100449036781","0.0018605678302634745","5434.00000","3434.00000"
"278000046","Домодедово","4","0.2731428875478795","0.008758232183080729","7118.00000","5118.00000"
"664628992","Домодедово","2","0.19534849199157175","0.016846968067363546","53662.00000","51662.00000"
"1078249217","Толмачёво","2","0.19775725168822753","0.026533493122866993","35056.00000","33056.00000"
"901190174","Домодедово","2","0.144866848547469","0.04583587740710896","2693.00000","693.00000"
"1221883216","Домодедово","2","0.21944476038632174","0.020300630360502694","4629.00000","2629.00000"
"559287184","Толмачёво","1","0.18767039385656442","0.03353730779428512","34040.00000","32040.00000"
"1214787335","Толмачёво","1","0.2574770446777891","0.020682383756909267","2711.00000","711.00000"
"696567302","Домодедово","1","0.0672370575064456","0.19911794569742294","5175.00000","3175.00000"
"243431846","Толмачёво","2","0.20104732027140396","0.014032223010823746","44887.00000","42887.00000"
"377073254","Домодедово","2","0.21057986805339074","0.025312548329028933","36278.00000","34278.00000"
"761040127","Толмачёво","1","0.19778918656453684","0.06304652541767561","15936.00000","13936.00000"
"401794429","Толмачёво","1","0.1671538593394317","0.00920333869221982","46262.00000","44262.00000"
"1223972777","Домодедово","1","0.1807266878453021","0.023572391201375317","27194.00000","25194.00000"
"504217272","Толмачёво","1","0.13789206190728556","0.007631625524577912","71755.00000","69755.00000"
"751207192","Домодедово","2","0.22173595460583614","0.010897450806114695","44750.00000","42750.00000"
"1219043493","Домодедово","2","0.25314994025475895","0.017245527564320504","3425.00000","1425.00000"
"1201855702","Толмачёво","1","0.17202314377171343","0.03466720490700999","28026.00000","26026.00000"
"1192450717","Толмачёво","2","0.22858996003559556","0.019846385211997688","54613.00000","52613.00000"
"1212688587","Толмачёво","1","0.17017780743490107","0.030761774232846692","5379.00000","3379.00000"
"348500599","Толмачёво","1","0.24992883681170427","0.02124776476029113","42991.00000","40991.00000"
"972759753","Толмачёво","4","0.22787391592547443","0.006694311072967149","34795.00000","32795.00000"
"1199760246","Домодедово","2","0.2348435974772389","0.01237998146639628","38189.00000","36189.00000"
"807077957","Толмачёво","1","0.4543013289502639","0.016456152349373657","6256.00000","4256.00000"
"1032549182","Домодедово","2","0.23338441208182387","0.04288210036619358","8493.00000","6493.00000"
"1212647852","Толмачёво","2","0.18937206919055863","0.0800594895598117","3845.00000","1845.00000"
"1216701318","Толмачёво","1","0.2728331552324811","0.06742075331057913","4767.00000","2767.00000"
"1226882640","Домодедово","3","0.2034061607975567","0.033410261251385326","5876.00000","3876.00000"
"1188561975","Домодедово","2","0.297499182787953","0.014510415622680536","2716.00000","716.00000"
"1210809828","Домодедово","1","0.2862008104787669","0.0031216389740157304","7290.00000","5290.00000"
"1194852233","Домодедово","2","0.21522847777728674","0.05553800926823829","3570.00000","1570.00000"
"1073089357","Толмачёво","4","0.21151785475116008","0.0023210516288236765","40256.00000","38256.00000"
"1044392035","Толмачёво","1","0.20269350419468296","0.08025704610209007","2288.00000","288.00000"
"354871709","Домодедово","1","0.2644559700424812","0.04224961081602099","4973.00000","2973.00000"
"165372413","Домодедово","2","0.20286441137127223","0.04523464270569263","15265.00000","13265.00000"
"1047447329","Домодедово","1","0.21428214607064655","0.011419756867240161","3827.00000","1827.00000"
"1053732342","Толмачёво","1","0.12023245371264285","0.21510162952131373","3006.00000","1006.00000"
"396318194","Толмачёво","2","0.24253899269028178","0.03262960357597713","27244.00000","25244.00000"
"1201856035","Домодедово","1","0.20382469467347014","0.03449128651274631","36304.00000","34304.00000"
"973654047","Толмачёво","2","0.29513347369042253","0.010027572344707024","21351.00000","19351.00000"
"381388196","Домодедово","1","0.1564126247876037","0.11776150128801142","9626.00000","7626.00000"
"967088174","Домодедово","1","0.17698645662123896","0.12400417444709494","5683.00000","3683.00000"
"1221036248","Толмачёво","1","0.28793603251318906","0.05195875379794469","7361.00000","5361.00000"
"1220148353","Домодедово","1","0.08400665367483708","0.06837640744607758","17546.00000","15546.00000"
"898496929","Домодедово","1","0.2505147889231931","0.01135071227577761","20438.00000","18438.00000"
"1067311071","Домодедово","1","0.09113426378428592","0.27657326405352023","2131.00000","131.00000"
"290894480","Домодедово","1","0.051326303247640766","0.14162123461013174","12631.00000","10631.00000"
"213470204","Домодедово","1","0.2314134152744123","0.0488638498077898","8147.00000","6147.00000"
"17933268","Домодедово","2","0.2645274212180781","0.01469126063653346","16000.00000","14000.00000"
"1077633716","Толмачёво","1","0.24045655490640844","0.13581907456745743","8790.00000","6790.00000"
"1224913256","Толмачёво","2","0.14022891306278595","0.06379591279244103","11608.00000","9608.00000"
"1197267042","Толмачёво","2","0.2943268796044342","0.0056422877126356494","10902.00000","8902.00000"
"286618786","Толмачёво","3","0.16995480629762927","0.020034851480184298","31621.00000","29621.00000"
"1209048024","Домодедово","3","0.2438191186924931","0.007963771778024882","26266.00000","24266.00000"
"627909608","Домодедово","3","0.3216491519508606","0.020960386704800365","8665.00000","6665.00000"
"1221513079","Толмачёво","2","0.18797480399102198","0.03347622925066803","17081.00000","15081.00000"
"354060561","Толмачёво","1","0.21021759802286416","0.03908888099789448","6364.00000","4364.00000"
"537910972","Домодедово","2","0.02089669158550612","0.10326325872213561","26769.00000","24769.00000"
"1072290785","Домодедово","4","0.35108771958670676","0.01891975646298108","5632.00000","3632.00000"
"337889353","Толмачёво","2","0.21288258648798358","0.05760280019459001","12359.00000","10359.00000"
"937777296","Толмачёво","1","0.20540144856258388","0.1356693768260183","2898.00000","898.00000"
"154408520","Домодедово","4","0.13479775886956746","0.00950741296793598","88963.00000","86963.00000"
"1222047374","Домодедово","4","0.22094940919168707","0.040491196364979665","3578.00000","1578.00000"
"124042385","Домодедово","1","0.1949462427100596","0.08205416457502174","8677.00000","6677.00000"
"1027273090","Толмачёво","2","0.18954818084333316","0.052178172952357264","20783.00000","18783.00000"
"272514106","Домодедово","3","0.18521242181576977","0.02565780980702277","14281.00000","12281.00000"
"1170647240","Толмачёво","2","0.22904443911257977","0.03929879143215066","6060.00000","4060.00000"
"1209645270","Толмачёво","1","0.26138064048978255","0.008327279483203056","20738.00000","18738.00000"
"121402115","Толмачёво","2","0.17458203164103117","0.011942998175244902","27300.00000","25300.00000"
"1220715340","Толмачёво","2","0.22065694659828852","0.05986129485955102","2936.00000","936.00000"
"1222906968","Толмачёво","2","0.1869990874787766","0.03902160316190851","4890.00000","2890.00000"
"286409999","Толмачёво","2","0.3327550369809783","0.0011192917561703552","7267.00000","5267.00000"
"1045341665","Домодедово","1","0.26457126482774324","0.009103475635770242","13540.00000","11540.00000"
"1030875272","Домодедово","2","0.21921227500104798","0.06391985594070052","33984.00000","31984.00000"
"866330887","Толмачёво","1","0.18440128600708502","0.04963639057611571","19294.00000","17294.00000"
"1018002379","Толмачёво","1","0.32406715915210915","0.008515591228486987","8423.00000","6423.00000"
"1210479782","Домодедово","2","0.22070622191239464","0.01260405647761651","13064.00000","11064.00000"
"1043878368","Домодедово","1","0.1276501775594852","0.1272655104161185","3488.00000","1488.00000"
"1031058085","Толмачёво","1","0.2407982026353315","0.001548630872107633","3945.00000","1945.00000"
"1035058741","Толмачёво","1","0.23291601320147942","0.04265853165041891","9839.00000","7839.00000"
"1099638738","Толмачёво","2","0.2010025773234975","0.05057330864780731","2307.00000","307.00000"
"754846898","Домодедово","1","0.09844743759599585","0.16019605392211492","7155.00000","5155.00000"
"529886332","Домодедово","2","0.14095705138527215","0.036387130858232586","41735.00000","39735.00000"
"1209573920","Толмачёво","3","0.22763997208546205","0.07237043807022456","3192.00000","1192.00000"
"1217095568","Домодедово","2","0.20538178099237445","0.06678785068456156","16171.00000","14171.00000"
"1223672089","Домодедово","1","0.20967278636009767","0.02089100628368741","21018.00000","19018.00000"
"1012493221","Толмачёво","1","0.18219793314580707","0.005217391890106095","54005.00000","52005.00000"
"680870481","Домодедово","1","0.10542068890096404","0.019154181214627645","52799.00000","50799.00000"
"74385628","Домодедово","1","0.2677561860748199","0.011352452186795458","5712.00000","3712.00000"
"801843331","Толмачёво","3","0.20272749827156356","0.05348457778299925","8369.00000","6369.00000"
"1044481717","Толмачёво","1","0.1893739997790979","0.06990272740703327","9424.00000","7424.00000"
"1226081562","Домодедово","2","0.2085092854007062","0.034076027052524396","10161.00000","8161.00000"
"1049083471","Толмачёво","1","0.24413332841469762","0.01729622778591893","19020.00000","17020.00000"
"1225203900","Домодедово","1","0.20483353325242187","0.009092299513374787","18620.00000","16620.00000"
"1215578160","Толмачёво","2","0.19923310990359572","0.04693903268030971","27077.00000","25077.00000"
"1225443078","Домодедово","1","0.28579349719159813","0.00850839457862096","9856.00000","7856.00000"
"1205815478","Толмачёво","1","0.1599465992398247","0.13261296906112185","2011.00000","11.00000"
"899256597","Толмачёво","3","0.20045061513903975","0.016122113260615207","41415.00000","39415.00000"
"1033568068","Толмачёво","1","0.24976029612725548","0.019260269568806217","25251.00000","23251.00000"
"612199064","Домодедово","1","0.22652496378050066","0.0313221526567389","5507.00000","3507.00000"
"590987886","Домодедово","1","0.11465040288471524","0.05803359378162197","34688.00000","32688.00000"
"648951768","Домодедово","1","0.12555396570608165","0.029351901580312027","7013.00000","5013.00000"
"672774648","Толмачёво","2","0.12043647471391676","0.03431990407385183","88473.00000","86473.00000"
"722531651","Домодедово","2","0.17315756349841419","0.03223446037943309","53714.00000","51714.00000"
"1210801463","Домодедово","2","0.2422060011682478","0.04211596578279411","8961.00000","6961.00000"
"1043345024","Домодедово","2","0.18204940257355298","0.0429592835478946","32010.00000","30010.00000"
"1207119072","Домодедово","2","0.2382232067871208","0.00622043134822154","5777.00000","3777.00000"
"1155416554","Домодедово","2","0.2791234152946268","0.043832901718220636","16606.00000","14606.00000"
"1212492110","Домодедово","1","0.2684557052767907","0.047235286580226084","2219.00000","219.00000"
"1224840861","Домодедово","1","0.18461249466717128","0.020997795482151173","19795.00000","17795.00000"
"1210692177","Домодедово","1","0.2088726878154694","0.02383511178621372","14854.00000","12854.00000"
"1227268684","Домодедово","2","0.268441340789571","0.011111217824617983","3129.00000","1129.00000"
"1222530098","Толмачёво","2","0.17683374820022082","0.06217997919652073","3900.00000","1900.00000"
"1062974133","Толмачёво","2","0.23135247337183054","0.011530277107426455","6146.00000","4146.00000"
"1219121361","Домодедово","2","0.26169577288876267","0.03424383023423565","4565.00000","2565.00000"
"1199286799","Толмачёво","3","0.3497205746298365","0.022773813452730222","3348.00000","1348.00000"
"508180900","Домодедово","1","0.21352320839597427","0.011744309039030062","26854.00000","24854.00000"
"160171867","Толмачёво","1","0.23339041358403517","0.061194167777291","4889.00000","2889.00000"
"758805615","Толмачёво","2","0.18327827732358057","0.02878776063484336","41569.00000","39569.00000"
"1128733893","Домодедово","2","0.27516331640401404","0.05101209681213087","9943.00000","7943.00000"
"261263083","Толмачёво","1","0.2854079798824114","0.00887086277938816","25172.00000","23172.00000"
"610402595","Домодедово","1","0.19466262890992375","0.04426437256211055","25620.00000","23620.00000"
"1189518446","Толмачёво","1","0.2589467641743136","0.005052710312199618","22987.00000","20987.00000"
"907227663","Толмачёво","2","0.11584322525119804","0.05892099051500213","38213.00000","36213.00000"
"1040598083","Толмачёво","1","0.2517465524230151","0.009235852274200916","34406.00000","32406.00000"
"1215923342","Толмачёво","2","0.22433721351253086","0.09443140993037556","5702.00000","3702.00000"
"1195043384","Толмачёво","1","0.1955728968471725","0.039168507665649915","26884.00000","24884.00000"
"1225490846","Толмачёво","1","0.22004768279587517","0.022674042171214062","35404.00000","33404.00000"
"1197498525","Домодедово","1","0.17225683296201644","0.03427014989264115","3655.00000","1655.00000"
"1068987911","Толмачёво","2","0.24778702102326977","0.056251768535166904","13133.00000","11133.00000"
"679485315","Толмачёво","1","0.23317873198465947","0.023848745987396888","15600.00000","13600.00000"
"1140026426","Толмачёво","3","0.2597007115840488","0.04494613554039105","10267.00000","8267.00000"
"1209280944","Домодедово","2","0.18894438980632375","0.049514627038305746","3074.00000","1074.00000"
"1026819931","Толмачёво","2","0.30793760141483534","0.01465402891262393","17036.00000","15036.00000"
"1208869441","Домодедово","1","0.18580739508925617","0.1436558923368485","3843.00000","1843.00000"
"869424310","Домодедово","1","0.20341465546425916","0.1374569591103053","3877.00000","1877.00000"
"665155881","Толмачёво","2","0.18597280712726644","0.09398815944149823","11159.00000","9159.00000"
"274131322","Домодедово","2","0.21067305825652835","0.011361657650640051","29042.00000","27042.00000"
"676267573","Домодедово","1","0.18285321581853187","0.009107216214793065","71827.00000","69827.00000"
"856770141","Домодедово","2","0.2638964735035353","0.0868075348344429","10707.00000","8707.00000"
"787988835","Домодедово","2","0.1645107617422201","0.013602837345752582","62842.00000","60842.00000"
"1207466244","Домодедово","1","0.24326099538661758","0.02631636965347207","51590.00000","49590.00000"
"270513438","Домодедово","3","0.23864586830342732","0.010393123425737567","44438.00000","42438.00000"
"1221831712","Домодедово","2","0.2289894454522738","0.042095807754487014","4732.00000","2732.00000"
"511468400","Домодедово","2","0.20866272149837256","0.07749225723005126","7251.00000","5251.00000"
"1222218343","Домодедово","1","0.15235581523696295","0.06789949224496995","13312.00000","11312.00000"
"1032637978","Домодедово","2","0.24396193055397836","0.07882458416612832","9012.00000","7012.00000"
"379209575","Толмачёво","3","0.22247245578217306","0.007513582624246478","17301.00000","15301.00000"
"1040641059","Толмачёво","1","0.24401750876078387","0.054646453538234566","4185.00000","2185.00000"
"1212801725","Толмачёво","2","0.22259906019086778","0.028550134581213023","13407.00000","11407.00000"
"1206039725","Домодедово","2","0.1551703360641533","0.11220088402977256","3775.00000","1775.00000"
"151475030","Домодедово","1","0.19274223240748561","0.015536380698209487","40119.00000","38119.00000"
"1213608952","Домодедово","3","0.3497879853229537","0.011061498112025104","11858.00000","9858.00000"
"1015968126","Домодедово","4","0.278072719617003","0.021128208693561717","27155.00000","25155.00000"
"319911282","Толмачёво","1","0.039237648179613095","0.16703999125820043","3137.00000","1137.00000"
"1078681704","Толмачёво","1","0.1872153805705846","0.009216205666836135","54178.00000","52178.00000"
"897232811","Домодедово","1","0.15686106281899004","0.02927751874876968","26088.00000","24088.00000"
"567864154","Домодедово","2","0.2537714992075759","0.008615180857374912","8998.00000","6998.00000"
"520223773","Толмачёво","3","0.09522649421188414","0.03504785051278472","97010.00000","95010.00000"
"849983174","Толмачёво","2","0.22867180196444659","0.009192896600162072","15292.00000","13292.00000"
"1206733821","Толмачёво","2","0.10791533839273999","0.13082308143216811","14105.00000","12105.00000"
"1217351289","Домодедово","1","0.22880702282412677","0.016960265203430098","5652.00000","3652.00000"
"1225153181","Домодедово","1","0.2848325094247656","0.03612289343248699","10850.00000","8850.00000"
"901180845","Толмачёво","1","0.10760214231531234","0.058794796884599154","12568.00000","10568.00000"
"397965884","Домодедово","2","0.18142171779963143","0.04835858103543701","13665.00000","11665.00000"
"1045299376","Домодедово","2","0.2586494685459601","0.06498895337388982","8789.00000","6789.00000"
"1212389830","Толмачёво","3","0.173006088334907","0.05777587539403888","5004.00000","3004.00000"
"505170479","Домодедово","1","0.2851401575419805","0.03130759315150114","11667.00000","9667.00000"
"827196015","Домодедово","1","0.12291666189572592","0.1949852922080394","3709.00000","1709.00000"
"1208130530","Домодедово","1","0.11108279819598926","0.07990148654987395","27387.00000","25387.00000"
"1002935990","Толмачёво","1","0.21029035246045755","0.00704768410346156","51095.00000","49095.00000"
"1030914872","Домодедово","1","0.22435793803003548","0.00853240856798999","46189.00000","44189.00000"
"276085960","Толмачёво","2","0.2800869318996762","0.013794932406798643","23393.00000","21393.00000"
"1065317788","Толмачёво","1","0.23514832161321073","0.007729607243313234","26692.00000","24692.00000"
"315258500","Домодедово","3","0.2671715130105932","0.004812956182537683","13199.00000","11199.00000"
"1223028073","Толмачёво","1","0.2632311857924814","0.02104587174210719","3350.00000","1350.00000"
"369740079","Толмачёво","2","0.18265181977319503","0.026637081649179464","23630.00000","21630.00000"
"1029026161","Толмачёво","2","0.2722713842277701","0.009795171590575582","9155.00000","7155.00000"
"689676888","Домодедово","2","0.29377379222154976","0.03753455198740546","16617.00000","14617.00000"
"679086080","Толмачёво","2","0.24751836482763162","0.013436447735609857","30329.00000","28329.00000"
"766314657","Толмачёво","5","0.1501788064778713","0.02780178447430177","59719.00000","57719.00000"
"1044653851","Толмачёво","1","0.23602786567096468","0.005874740638158535","30336.00000","28336.00000"
"1328098437","Толмачёво","1","0.1829599526950058","0.10016460782762047","3065.00000","1065.00000"
"144729732","Домодедово","2","0.17815510911701826","0.013396792806026648","32718.00000","30718.00000"
"974652567","Домодедово","3","0.2483319914391771","0.014964390526778573","47282.00000","45282.00000"
"866635908","Домодедово","3","0.2187773656925377","0.0288728977210677","5447.00000","3447.00000"
"1057529345","Толмачёво","4","0.25615468951145226","0.013471265539421042","6131.00000","4131.00000"
"616208156","Толмачёво","2","0.2503765287374788","0.08082488194477672","10451.00000","8451.00000"
"237830260","Толмачёво","2","0.21655777555086062","0.01008492432641505","39984.00000","37984.00000"
"1044779881","Толмачёво","1","0.3207927104198977","0.006926149029018443","2615.00000","615.00000"
"381846638","Домодедово","1","0.15120863790740058","0.07079787956057138","23161.00000","21161.00000"
"1193198518","Толмачёво","2","0.1274614657231133","0.12801554474011909","14172.00000","12172.00000"
"953076809","Толмачёво","4","0.23405239689836452","0.021301628234542038","4554.00000","2554.00000"
"972645412","Домодедово","1","0.1941522256043209","0.12204478770002872","2167.00000","167.00000"
"143197424","Толмачёво","3","0.1530976700696219","0.015187491976635525","27260.00000","25260.00000"
"1193696659","Толмачёво","2","0.27923657272194513","0.033678591793836136","13409.00000","11409.00000"
"1222754978","Толмачёво","3","0.19909210428049706","0.025995971295298063","11666.00000","9666.00000"
"1224609294","Толмачёво","1","0.08376123337839542","0.0363033003494213","59777.00000","57777.00000"
"1224126989","Домодедово","3","0.20673093501804654","0.10244536253768456","2279.00000","279.00000"
"972823604","Домодедово","1","0.17339964636684999","0.12688620512136684","13241.00000","11241.00000"
"1217396619","Домодедово","2","0.22457026263132096","0.004303754656120198","45469.00000","43469.00000"
"1223712382","Домодедово","1","0.22735899688391192","0.016999524751028783","5250.00000","3250.00000"
"910511342","Домодедово","2","0.20846614851237688","0.01669095593800759","59204.00000","57204.00000"
"1039968513","Домодедово","2","0.22972285564751743","0.005536250087287681","30726.00000","28726.00000"
"1201117316","Толмачёво","2","0.261962257136592","0.00868034377604332","9908.00000","7908.00000"
"289535564","Домодедово","4","0.2905609273404724","0.003690095088310506","12930.00000","10930.00000"
"856900721","Домодедово","1","0.25401332111180275","0.0023494561202324297","24534.00000","22534.00000"
"1031409417","Толмачёво","1","0.23914262208569664","0.043244946195929224","2290.00000","290.00000"
"385741683","Толмачёво","2","0.2210597808845355","0.0346372650165763","28753.00000","26753.00000"
"849736175","Толмачёво","3","0.2491649183782115","0.052692790837134774","16427.00000","14427.00000"
"1033589490","Толмачёво","2","0.15700900237994675","0.006856316449154582","54392.00000","52392.00000"
"136219316","Толмачёво","2","0.2358797742281286","0.08422505986229625","11817.00000","9817.00000"
"1210920817","Домодедово","1","0.20421862376982475","0.02094399528835954","46431.00000","44431.00000"
"342041838","Толмачёво","3","0.26569168437933033","0.009233747858890922","5242.00000","3242.00000"
"428036384","Толмачёво","3","0.20061877687966462","0.037867877001340526","6738.00000","4738.00000"
"129140587","Толмачёво","4","0.2263470196891963","0.021686527127414475","66300.00000","64300.00000"
"1163400068","Домодедово","2","0.24538279077227992","0.07837018895923537","8893.00000","6893.00000"
"518903600","Толмачёво","2","0.29122440787263576","0.009378477745399858","12437.00000","10437.00000"
"1080970512","Домодедово","2","0.26062264833473814","0.03715532389615763","5752.00000","3752.00000"
"261823187","Домодедово","2","0.1697140200750518","0.019960813222778845","38357.00000","36357.00000"
"789290297","Толмачёво","1","0.24907045123898836","0.0254762321280131","27510.00000","25510.00000"
"264830583","Домодедово","2","0.14875677675780316","0.08185964762251453","3994.00000","1994.00000"
"329960303","Домодедово","1","0.3156572948018362","0.003946031570268242","3447.00000","1447.00000"
"289050354","Домодедово","2","0.23699445660188517","0.018336749456783197","22853.00000","20853.00000"
"271739272","Толмачёво","2","0.2822719926642499","0.006939734042117124","7423.00000","5423.00000"
"1284769934","Домодедово","1","0.354370443022353","0.06227043189522304","2046.00000","46.00000"
"1216666547","Толмачёво","2","0.23909574730383448","0.01391044031587731","24873.00000","22873.00000"
"734849841","Домодедово","2","0.15542811269084228","0.11460532628078578","18411.00000","16411.00000"
"815979724","Домодедово","1","0.13219791742461975","0.1552018333547085","8349.00000","6349.00000"
"355574755","Толмачёво","4","0.22139932642995597","0.00911898585388353","53686.00000","51686.00000"
"1218531994","Толмачёво","3","0.33768083317876313","0.025729305182039183","5694.00000","3694.00000"
"1208370647","Толмачёво","2","0.18961881533759975","0.07020790773854733","16849.00000","14849.00000"
"262627852","Домодедово","2","0.22567422788077673","0.05590892107120677","9025.00000","7025.00000"
"153510108","Домодедово","2","0.268532188596778","0.011053067729803235","2740.00000","740.00000"
"549805400","Домодедово","1","0.20306205067889568","0.010146496452029056","57602.00000","55602.00000"
"952761703","Толмачёво","1","0.24166873272305045","0.07701895524521862","6162.00000","4162.00000"
"1211369434","Толмачёво","3","0.2657827181202763","0.016032084604559252","15227.00000","13227.00000"
"506222153","Домодедово","2","0.28507843406696737","0.01102642397230832","3530.00000","1530.00000"
"776091286","Домодедово","2","0.25989380925230415","0.028668402645413968","17909.00000","15909.00000"
"1200881668","Домодедово","3","0.31531632901366435","0.008783893263280398","6433.00000","4433.00000"
"303775199","Толмачёво","3","0.22775959487138303","0.015537627923337828","65724.00000","63724.00000"
"1212199953","Домодедово","1","0.1640900362110758","0.06970246711979845","21142.00000","19142.00000"
"1068042165","Толмачёво","2","0.207108032751638","0.06196242760185218","6240.00000","4240.00000"
"1210676001","Толмачёво","1","0.20409489812930734","0.08863895000160897","5646.00000","3646.00000"
"221311644","Домодедово","2","0.23459266742838925","0.014921306372738176","6992.00000","4992.00000"
"1224497860","Домодедово","1","0.12440661456583073","0.11432682427644898","2977.00000","977.00000"
"372904371","Толмачёво","2","0.25585502361912066","0.028648532337184666","4551.00000","2551.00000"
"688083470","Домодедово","1","0.07408114826860655","0.0722943963557406","20167.00000","18167.00000"
"775675477","Домодедово","2","0.22816469881079715","0.019978436270388908","20605.00000","18605.00000"
"1218554838","Домодедово","2","0.2783072577732535","0.014879939226257865","27978.00000","25978.00000"
"646962678","Домодедово","3","0.33331563197603087","0.008238809071440693","4933.00000","2933.00000"
"1223755620","Домодедово","2","0.25215336692336776","0.014438451664616315","11752.00000","9752.00000"
"1219384389","Домодедово","2","0.2540991994014924","0.022769152981870024","14951.00000","12951.00000"
"1023644285","Домодедово","3","0.2546576607094204","0.025238193190014982","23248.00000","21248.00000"
"15944284","Домодедово","1","0.20656962303931597","0.06033192989968704","25374.00000","23374.00000"
"1210442565","Толмачёво","1","0.1257791935415035","0.03340916177955283","34814.00000","32814.00000"
"850215221","Толмачёво","2","0.296702001449464","0.022282069942914873","9134.00000","7134.00000"
"1099817402","Домодедово","1","0.14026124089380634","0.05303303741663449","24060.00000","22060.00000"
"606054017","Толмачёво","2","0.2708009847116617","0.017230175328065273","11381.00000","9381.00000"
"1219513910","Домодедово","4","0.23023910426547273","0.01585003413390618","32423.00000","30423.00000"
"1202975342","Толмачёво","2","0.19398861027482245","0.015864764379562992","14660.00000","12660.00000"
"1082283456","Домодедово","2","0.25141279665167","0.009204035161352547","21797.00000","19797.00000"
"1217950193","Толмачёво","1","0.1722955805252028","0.00236193123351045","3486.00000","1486.00000"
"783621598","Толмачёво","2","0.14865254679448275","0.04520647446810554","18657.00000","16657.00000"
"1222755737","Домодедово","1","0.12484508860557204","0.20142613435790233","4791.00000","2791.00000"
"1155209109","Толмачёво","2","0.13632366772477142","0.1357430062708516","7937.00000","5937.00000"
"803205155","Домодедово","2","0.20643227543574086","0.012198314213899407","23686.00000","21686.00000"
"1214326979","Толмачёво","1","0.25699214308694196","0.023095597307528495","6024.00000","4024.00000"
"1196877672","Толмачёво","2","0.20530323448114773","0.01617417746372682","53571.00000","51571.00000"
"296246576","Толмачёво","2","0.20861367995406002","0.03534470676173474","6638.00000","4638.00000"
"1222772972","Домодедово","2","0.25903828151669367","0.02713894284599947","21672.00000","19672.00000"
"542192768","Домодедово","2","0.16850588653939674","0.011802587196015919","30290.00000","28290.00000"
"892750477","Домодедово","2","0.22258071776565239","0.060533052365028435","38391.00000","36391.00000"
"1039668496","Толмачёво","1","0.18989113120664225","0.08305615740198177","11803.00000","9803.00000"
"742747360","Толмачёво","2","0.2908744195324807","0.010359225500402873","11264.00000","9264.00000"
"1218935334","Толмачёво","1","0.23932071427223345","0.037653632367063594","15786.00000","13786.00000"
"1223062557","Толмачёво","1","0.1645412389648858","0.11411747669598177","5442.00000","3442.00000"
"157264527","Домодедово","2","0.2561896350661746","0.028270322005291282","15729.00000","13729.00000"
"1229911792","Домодедово","1","0.2896490125682678","0.012975396407392023","4364.00000","2364.00000"
"428858381","Домодедово","1","0.2670795229342278","0.00990534123077364","12818.00000","10818.00000"
"1210614372","Домодедово","4","0.3220276830341676","0.0033228341093690487","31324.00000","29324.00000"
"895476298","Толмачёво","2","0.3319390018950328","0.03704126902095762","3669.00000","1669.00000"
"820351869","Домодедово","3","0.2148663877675083","0.03282425353408554","25877.00000","23877.00000"
"391397491","Толмачёво","1","0.12374439264196338","0.05381171054983836","35340.00000","33340.00000"
"1207670295","Домодедово","3","0.2729319449955413","0.05007308917778293","14497.00000","12497.00000"
"1215855501","Домодедово","2","0.2562613933295919","0.05110513729829592","5716.00000","3716.00000"
"1031039164","Домодедово","3","0.2611044973933093","0.018237239168502995","44244.00000","42244.00000"
"1201110294","Домодедово","2","0.26553682185446337","0.04731734979732416","4749.00000","2749.00000"
"1217508710","Толмачёво","1","0.19019440518255815","0.002117576406367465","40267.00000","38267.00000"
"1207048076","Толмачёво","2","0.33028032673814095","0.01228500286779931","3570.00000","1570.00000"
"128647801","Толмачёво","3","0.2724101461642791","0.035674372461488656","7959.00000","5959.00000"
"1217716193","Домодедово","2","0.25760034369411183","0.004241073395666867","22242.00000","20242.00000"
"1039553830","Толмачёво","1","0.22750217244097437","0.01550847678099742","5818.00000","3818.00000"
"1216293188","Домодедово","2","0.18118046471748112","0.029103481950764783","34423.00000","32423.00000"
"1218755036","Домодедово","1","0.18602434112178923","0.08874025864290257","10536.00000","8536.00000"
"582263685","Толмачёво","1","0.3430526306807211","0.002494438076339251","10847.00000","8847.00000"
"890579186","Домодедово","1","0.0971748067893774","0.07135029941501546","38506.00000","36506.00000"
"1209085274","Толмачёво","1","0.258608756303019","0.021512697658083085","5233.00000","3233.00000"
"1209062280","Толмачёво","1","0.23273382805768203","0.060266431005808724","11416.00000","9416.00000"
"1035725922","Домодедово","2","0.2631859949029486","0.009188101074958379","12984.00000","10984.00000"
"1045933410","Толмачёво","2","0.2672241980898458","0.06338724180714883","16122.00000","14122.00000"
"1215489424","Домодедово","1","0.20982937374435082","0.1035039661522365","5235.00000","3235.00000"
"598115159","Домодедово","2","0.12405866852707854","0.017134076023981565","80469.00000","78469.00000"
"804064316","Толмачёво","2","0.2728435777393741","0.027665261746926417","5082.00000","3082.00000"
"900826462","Толмачёво","1","0.08479172264813314","0.041078445499518126","6770.00000","4770.00000"
"1214330126","Домодедово","1","0.21452082259723745","0.008336334840369504","8242.00000","6242.00000"
"162116472","Толмачёво","4","0.23282841203874016","0.01099861745834667","20958.00000","18958.00000"
"1202956413","Толмачёво","2","0.1386639558572724","0.02828922520366382","69235.00000","67235.00000"
"369683334","Толмачёво","1","0.3465981073661426","0.002045028305324706","4155.00000","2155.00000"
"1217220802","Домодедово","3","0.2645765437292401","0.011809550257606197","29611.00000","27611.00000"
"684115392","Толмачёво","2","0.05386883401641087","0.03751709891453641","68229.00000","66229.00000"
"1018501850","Домодедово","2","0.14995447484740956","0.10045509109689872","14587.00000","12587.00000"
"613010171","Толмачёво","2","0.19564899186165596","0.006173982499108611","32698.00000","30698.00000"
"1218404076","Домодедово","2","0.38630855739125486","0.035490786788997704","3586.00000","1586.00000"
"909790966","Толмачёво","2","0.08493511197471484","0.09237665490724262","11444.00000","9444.00000"
"1216096140","Толмачёво","2","0.13673477943803117","0.036058048284737465","41906.00000","39906.00000"
"1198732807","Толмачёво","2","0.20037077821235405","0.013577171987764326","9858.00000","7858.00000"
"1063913536","Толмачёво","2","0.16042717136971046","0.1148518248695304","3034.00000","1034.00000"
"336697779","Толмачёво","2","0.19487894422638552","0.010875791524110274","12178.00000","10178.00000"
"1220370115","Домодедово","2","0.2460274811292828","0.03301946572516118","9052.00000","7052.00000"
"768232321","Толмачёво","3","0.19462858084511298","0.020631923134963155","63143.00000","61143.00000"
"1043559196","Домодедово","1","0.1343153319824202","0.008033378279194965","57456.00000","55456.00000"
"1190680131","Домодедово","1","0.1226848900330576","0.08726227178944604","60961.00000","58961.00000"
"1210734789","Домодедово","2","0.2613071486869497","0.0331229170173439","32422.00000","30422.00000"
"652532122","Домодедово","1","0.095406165896003","0.1014697460130372","21989.00000","19989.00000"
"1085989899","Домодедово","4","0.23436332418080208","0.01642890344936918","33235.00000","31235.00000"
"1059798715","Толмачёво","1","0.3776238726647009","0.012478339077449854","18537.00000","16537.00000"
"1032255034","Толмачёво","2","0.2580707873427141","0.059710150095687954","15760.00000","13760.00000"
"1214932192","Домодедово","3","0.18745622435830447","0.037068832310126656","21046.00000","19046.00000"
"1224847328","Домодедово","2","0.23067829052560793","0.012071791809486278","9403.00000","7403.00000"
"1193538066","Толмачёво","2","0.20380157302239027","0.019247234380786682","9179.00000","7179.00000"
"1210570682","Домодедово","3","0.17186659300520826","0.09169313881896649","8195.00000","6195.00000"
"1035610742","Толмачёво","2","0.2809948212637225","0.01215415096212839","12573.00000","10573.00000"
"1020852247","Домодедово","1","0.12829489449687914","0.06355370575320059","39491.00000","37491.00000"
"1214701546","Домодедово","2","0.2418675367600981","0.044301311484272785","14084.00000","12084.00000"
"167730193","Толмачёво","1","0.21210951015850754","0.01902590619057696","33085.00000","31085.00000"
"520245154","Толмачёво","2","0.2608354383477625","0.06346547351033306","5913.00000","3913.00000"
"1219099555","Толмачёво","1","0.15751054711360954","0.0559965471145113","26559.00000","24559.00000"
"731701374","Толмачёво","1","0.09839773556032372","0.15553470624162274","9744.00000","7744.00000"
"974638160","Толмачёво","2","0.3606997666823284","0.004858995295642408","13186.00000","11186.00000"
"519624852","Толмачёво","2","0.23455336067597946","0.016602656638272255","28514.00000","26514.00000"
"1196820843","Толмачёво","3","0.21600636120586683","0.09130815833344698","4928.00000","2928.00000"
"951661190","Толмачёво","2","0.17846506319077357","0.10559750145080937","4486.00000","2486.00000"
"1214564203","Домодедово","2","0.22400029483711723","0.03589525148806038","46055.00000","44055.00000"
"1204535080","Домодедово","1","0.09403322288988891","0.13944763727556547","8181.00000","6181.00000"
"903829102","Домодедово","2","0.1911309685900185","0.05270644651882241","20130.00000","18130.00000"
"128818430","Домодедово","2","0.2689688405357627","0.02098631910460484","-4781.00000","-6781.00000"
"1191678128","Толмачёво","1","0.13352561586068523","0.11947733135701735","10151.00000","8151.00000"
"1327734483","Толмачёво","2","0.18850403223989518","0.026760069944391764","23791.00000","21791.00000"
"957048426","Домодедово","2","0.3132541525123792","0.013512783896439373","15147.00000","13147.00000"
"361812899","Толмачёво","2","0.25664325715790065","0.032752984004490594","33043.00000","31043.00000"
"1211489675","Домодедово","1","0.10365129588420853","0.14330655035903497","7873.00000","5873.00000"
"1202721380","Толмачёво","2","0.22108620810978777","0.13203233892456032","2323.00000","323.00000"
"369201999","Домодедово","2","0.26785444333813774","0.0070238958977545205","6820.00000","4820.00000"
"1203952440","Толмачёво","1","0.3766042772416002","0.02152803943722306","11681.00000","9681.00000"
"1205527078","Домодедово","1","0.26165717589943316","0.01908968770463139","7733.00000","5733.00000"
"1194220929","Толмачёво","2","0.21717014302910984","0.005634930123546664","56870.00000","54870.00000"
"1210048076","Толмачёво","2","0.22003270995465168","0.04873017273403199","22254.00000","20254.00000"
"1205829781","Толмачёво","1","0.23729344435388733","0.013599659322753848","14824.00000","12824.00000"
"1217220668","Толмачёво","2","0.09768685142297776","0.1397438961395571","5280.00000","3280.00000"
"1222717086","Домодедово","2","0.2770582506382774","0.024336993770305296","20903.00000","18903.00000"
"1218138291","Толмачёво","2","0.24137067865021042","0.0397021693185704","2753.00000","753.00000"
"209040044","Домодедово","1","0.24413827572498514","0.09685788398830632","8411.00000","6411.00000"
"1159433332","Домодедово","3","0.21905128260598847","0.006784495465127278","24147.00000","22147.00000"
"1175114364","Толмачёво","2","0.20197373362762472","0.008595723586610792","54524.00000","52524.00000"
"1203767186","Домодедово","1","0.18880357375166304","0.1199864434038185","5688.00000","3688.00000"
"1024546567","Домодедово","1","0.0809789238450107","0.11163134780896918","14460.00000","12460.00000"
"526477661","Домодедово","5","0.23793320034839002","0.005822645925771684","12946.00000","10946.00000"
"1212721834","Домодедово","1","0.2568025201771874","0.10641491666249896","5388.00000","3388.00000"
"1215253662","Толмачёво","2","0.16112239418987936","0.09631800884070282","10960.00000","8960.00000"
"638021556","Толмачёво","2","0.1997420717463785","0.007698305051238245","70365.00000","68365.00000"
"287946714","Домодедово","2","0.1718439046761539","0.04191878673961801","30280.00000","28280.00000"
"1203955243","Толмачёво","2","0.26501647076396406","0.013466741098192203","4712.00000","2712.00000"
"1209169985","Толмачёво","1","0.19369839784136464","0.014313011630162778","44187.00000","42187.00000"
"1191965996","Домодедово","2","0.26495251998920716","0.029155000054871257","9762.00000","7762.00000"
"1328022260","Домодедово","2","0.20046738946260148","0.06469356403473873","3360.00000","1360.00000"
"533392122","Толмачёво","3","0.21258785650594791","0.015237412529015634","40173.00000","38173.00000"
"1034394278","Толмачёво","1","0.22292859672941265","0.05948884627127874","4218.00000","2218.00000"
"268053883","Толмачёво","2","0.27608880157559307","0.005352584541258424","9398.00000","7398.00000"
"277233911","Домодедово","2","0.12805406339861788","0.010330506727596618","100958.00000","98958.00000"
"687450656","Домодедово","2","0.21088546097142627","0.004071971987197843","60556.00000","58556.00000"
"1226629263","Домодедово","2","0.14503702960935227","0.05219252044714504","15389.00000","13389.00000"
"1043832768","Домодедово","3","0.2686901133184179","7.967353678644249E-4","38410.00000","36410.00000"
"870110241","Домодедово","5","0.21993534844179274","0.039901903215893875","22653.00000","20653.00000"
"864424646","Домодедово","4","0.2540082992234978","0.008507871701490376","30916.00000","28916.00000"
"613918357","Домодедово","1","0.12581897535270653","0.14068362680579302","9193.00000","7193.00000"
"644842257","Домодедово","4","0.24319548918382378","0.00797009702047226","8171.00000","6171.00000"
"1196371490","Домодедово","1","0.11422184229823307","0.21787223822406548","3015.00000","1015.00000"
"1215063304","Толмачёво","1","0.13949598996771823","0.0612707040592399","45584.00000","43584.00000"
"1199556459","Домодедово","4","0.2689865918406342","0.026982444348910957","4003.00000","2003.00000"
"1222297768","Толмачёво","2","0.217948904717031","0.015046426973667766","5733.00000","3733.00000"
"1210424211","Толмачёво","3","0.24276736399662077","0.0092695216125699","29971.00000","27971.00000"
"848029110","Толмачёво","3","0.23367221499351024","0.030585356177796126","9902.00000","7902.00000"
"230895961","Толмачёво","1","0.07661248378645205","0.047149985953794854","17461.00000","15461.00000"
"365515453","Толмачёво","1","0.2350972810044463","0.09976164938125752","10234.00000","8234.00000"
"1140454693","Толмачёво","2","0.23575772848497017","0.05752704211080322","6294.00000","4294.00000"
"374775063","Толмачёво","2","0.24752957216806132","0.041064685093836054","22542.00000","20542.00000"
"1199809158","Домодедово","1","0.0992265032816361","0.14029000147251372","8801.00000","6801.00000"
"691010088","Домодедово","2","0.2116798797977474","0.008212599956729225","31311.00000","29311.00000"
"1224517401","Толмачёво","1","0.20823207915619052","0.019488290106142322","21166.00000","19166.00000"
"1200653252","Домодедово","1","0.14990736134957955","0.16443069290573628","-1505.00000","-3505.00000"
"1031382709","Толмачёво","1","0.17002122770177344","0.030837669131146897","5616.00000","3616.00000"
"1212921267","Домодедово","2","0.2361543604348321","0.019664805890104938","5577.00000","3577.00000"
"604479038","Толмачёво","2","0.24446822097581977","0.013072224370150815","32440.00000","30440.00000"
"1205075674","Толмачёво","2","0.1103897572851763","0.1192216238957848","7184.00000","5184.00000"
"342517705","Толмачёво","1","0.37033526977759496","0.009828343730774278","6552.00000","4552.00000"
"141918505","Домодедово","1","0.21274047135450927","0.02093525845956716","10843.00000","8843.00000"
"1198493007","Толмачёво","1","0.23876142963261032","0.03989556282648791","22692.00000","20692.00000"
"1014734964","Толмачёво","3","0.2515722775613408","0.01338924093897872","6151.00000","4151.00000"
"296468249","Толмачёво","3","0.24877940320749167","0.041528642582757944","30263.00000","28263.00000"
"1200279428","Толмачёво","1","0.20298143414185038","0.04538171518008047","16505.00000","14505.00000"
"350258007","Домодедово","1","0.16584010172554722","0.028990992204733914","34822.00000","32822.00000"
"299091542","Домодедово","2","0.299640330842932","0.022915216226675212","15823.00000","13823.00000"
"505438170","Домодедово","1","0.1720710938336709","0.0929858473378408","8067.00000","6067.00000"
"373926889","Толмачёво","1","0.1999315226740076","0.02625791809552252","43437.00000","41437.00000"
"1045025958","Толмачёво","1","0.2557704440857104","0.08350442471899637","10064.00000","8064.00000"
"786119930","Толмачёво","1","0.17948937558507388","0.01783018604405076","4420.00000","2420.00000"
"1027741294","Домодедово","3","0.2822740024185198","0.015099292937009953","16593.00000","14593.00000"
"1020380956","Толмачёво","1","0.15569752074435936","0.12104981683527785","2747.00000","747.00000"
"1082773651","Домодедово","2","0.21562949215149896","0.0044251007404143144","18071.00000","16071.00000"
"1204524583","Домодедово","1","0.1871570065432093","0.027040147327243552","34379.00000","32379.00000"
"1220606927","Толмачёво","1","0.18237674251838354","0.09673256254336508","22285.00000","20285.00000"
"1041818550","Домодедово","1","0.30568113276220654","0.009234026162218608","6447.00000","4447.00000"
"1221280827","Домодедово","2","0.1615924561911508","0.02253285095571684","15165.00000","13165.00000"
"692670936","Домодедово","1","0.23264445943635126","0.08619038321722992","8720.00000","6720.00000"
"1224505040","Толмачёво","3","0.1875637807082363","0.01229153626707254","32222.00000","30222.00000"
"1224008996","Домодедово","1","0.14781119004019067","0.1375740723939892","6275.00000","4275.00000"
"270794225","Толмачёво","3","0.2576068171103585","0.03497922665298812","6229.00000","4229.00000"
"1204585664","Домодедово","1","0.12698494932872134","0.17053619183748941","5784.00000","3784.00000"
"975360036","Домодедово","3","0.2682330131678214","0.005401925765310917","49319.00000","47319.00000"
"519314009","Толмачёво","1","0.1785252708492119","0.007469006664014228","3079.00000","1079.00000"
"1045326063","Толмачёво","3","0.25884048019701916","0.004727009402957723","8323.00000","6323.00000"
"320291878","Домодедово","2","0.36714932600901123","0.018496252694611304","9090.00000","7090.00000"
"867606718","Домодедово","1","0.24643677189218213","0.014279833983687566","16550.00000","14550.00000"
"1327960724","Толмачёво","2","0.2534103067708951","0.005403685252003627","5915.00000","3915.00000"
"260081158","Толмачёво","1","0.049442949141759375","0.12179309452316045","13558.00000","11558.00000"
"848855667","Толмачёво","1","0.14868560205923712","0.12727292166339088","3276.00000","1276.00000"
"1178965142","Домодедово","1","0.1919494147376504","0.06251877620479467","24419.00000","22419.00000"
"1045119934","Толмачёво","2","0.21269524246278584","0.03223554253485745","42077.00000","40077.00000"
"909536879","Толмачёво","1","0.13288316710436662","0.11793086527886298","9849.00000","7849.00000"
"1217766338","Домодедово","1","0.3001373126617033","0.004891557218893876","18110.00000","16110.00000"
"1219270137","Толмачёво","2","0.217527384672892","0.01923907246957196","4522.00000","2522.00000"
"265651248","Домодедово","2","0.3468729976097108","0.051940012593260435","10898.00000","8898.00000"
"369641609","Толмачёво","2","0.18035701040631666","0.030407483399401684","48282.00000","46282.00000"
"733440913","Толмачёво","4","0.19946649396277513","0.05652716149281577","24244.00000","22244.00000"
"1215063403","Толмачёво","2","0.23376548752389142","0.019050282024920272","21639.00000","19639.00000"
"1219647913","Толмачёво","1","0.23027634698465146","0.017510890511954678","8916.00000","6916.00000"
"890675696","Домодедово","2","0.20132617127292166","0.1488715692019328","3600.00000","1600.00000"
"870716464","Домодедово","1","0.25009699249915857","0.08790490370760562","4943.00000","2943.00000"
"742722873","Домодедово","1","0.2179310592136292","0.09804752090666323","4447.00000","2447.00000"
"1035998856","Толмачёво","2","0.2939670981410961","0.011119984953982883","6550.00000","4550.00000"
"383662498","Толмачёво","3","0.20089877128432476","0.05782301395304133","13396.00000","11396.00000"
"1014764645","Домодедово","2","0.2142945268135286","0.011175676513711978","33440.00000","31440.00000"
"680566086","Домодедово","1","0.1411675211287284","0.017502073991901256","75519.00000","73519.00000"
"524839914","Толмачёво","1","0.2572825488525918","0.00907278904161855","11730.00000","9730.00000"
"1175555667","Толмачёво","3","0.21583346206999335","0.0052758457055555345","20534.00000","18534.00000"
"1211966682","Домодедово","2","0.17253658108397688","0.04858523220762339","28343.00000","26343.00000"
"1218857906","Домодедово","1","0.25769870981015786","0.02159674624798601","38241.00000","36241.00000"
"1182303300","Домодедово","4","0.2785490488707324","0.00844690230676224","48686.00000","46686.00000"
"1215388486","Домодедово","1","0.14521273962134212","0.07995300783521397","6412.00000","4412.00000"
"216466727","Толмачёво","2","0.29908210930253526","0.04239113876139536","12324.00000","10324.00000"
"256212951","Толмачёво","1","0.30714121524034105","0.01202613629151267","13241.00000","11241.00000"
"608315559","Толмачёво","1","0.05012806003407614","0.20117042591321835","2386.00000","386.00000"
"1207240312","Толмачёво","1","0.27063706611942184","0.012140246873751986","23962.00000","21962.00000"
"1213406927","Толмачёво","1","0.29561308073723175","0.009076575814357751","13112.00000","11112.00000"
"867166971","Домодедово","4","0.22897753431389","0.011318301570046856","56556.00000","54556.00000"
"1205323835","Домодедово","2","0.14634393593597395","0.1034736245931222","10507.00000","8507.00000"
"1212773238","Толмачёво","2","0.18539994105989893","0.028252506034990632","5372.00000","3372.00000"
"138407391","Толмачёво","2","0.18407949911870872","0.049764157248540046","18395.00000","16395.00000"
"1207258765","Домодедово","1","0.26468777302485813","0.054038855034530396","16722.00000","14722.00000"
"255564639","Домодедово","1","0.13293195403565555","0.11537174461132817","18855.00000","16855.00000"
"546099636","Домодедово","2","0.17030692573132772","0.08715300735866653","15742.00000","13742.00000"
"1218966357","Толмачёво","2","0.26046222413579684","0.03114291024870481","15643.00000","13643.00000"
"745122366","Толмачёво","1","0.08833220114432153","0.07763845275245998","20541.00000","18541.00000"
"547429452","Толмачёво","1","0.23988081553977322","0.029405201355359838","8371.00000","6371.00000"
"1039166507","Домодедово","1","0.2721841148450137","0.02037856685626085","2173.00000","173.00000"
"1223912493","Толмачёво","1","0.17802865867811668","0.021731867577860647","13184.00000","11184.00000"
"1045190472","Домодедово","1","0.14858707026325368","0.015092943150395232","31354.00000","29354.00000"
"1047408589","Толмачёво","2","0.12322877544526488","0.04535965908607907","42123.00000","40123.00000"
"1049640585","Толмачёво","2","0.21508510614211482","0.018458567928706204","8185.00000","6185.00000"
"319009928","Домодедово","2","0.19208696441573403","0.04827479051018336","32324.00000","30324.00000"
"1200270217","Домодедово","2","0.21346599038061814","0.024059719245758237","7953.00000","5953.00000"
"1217496968","Толмачёво","1","0.2753296953815727","0.06290876782242737","3001.00000","1001.00000"
"1219017977","Толмачёво","1","0.21306581128663604","0.07108229417585508","2267.00000","267.00000"
"345279054","Домодедово","1","0.16333850275975736","0.009159787087153985","45250.00000","43250.00000"
"1203351780","Толмачёво","1","0.28383721639039544","0.024820819626897393","8559.00000","6559.00000"
"1223726239","Толмачёво","2","0.19411332733111566","0.02479807048385159","18250.00000","16250.00000"
"628448716","Домодедово","4","0.2873509630691458","0.014367611004206688","50675.00000","48675.00000"
"785855237","Толмачёво","4","0.2725574858361871","0.02622322540685869","3569.00000","1569.00000"
"1208246510","Толмачёво","1","0.20123280782821096","0.046671940793177755","32284.00000","30284.00000"
"796208576","Домодедово","4","0.22862046855230053","0.0098698564966206","29943.00000","27943.00000"
"637778522","Домодедово","3","0.26369296839746187","0.029515750978979783","7362.00000","5362.00000"
"1032171393","Толмачёво","2","0.2965458020757318","0.02384987250368775","12323.00000","10323.00000"
"866202687","Толмачёво","1","0.08095271343015059","0.13273838627957657","3837.00000","1837.00000"
"258117276","Домодедово","3","0.24566359519704564","0.00487386365495698","9928.00000","7928.00000"
"535368137","Домодедово","1","0.2013281854474848","0.07115381191999913","4519.00000","2519.00000"
"307958970","Домодедово","3","0.2301352322770522","0.012296915870420156","57166.00000","55166.00000"
"960967553","Домодедово","3","0.20397057502210705","0.01260077356031208","8556.00000","6556.00000"
"1188441870","Домодедово","4","0.1997932674023072","0.009420794029390943","9859.00000","7859.00000"
"731714421","Толмачёво","3","0.1850239468232654","0.06521702004650896","2093.00000","93.00000"
"1217934798","Домодедово","1","0.18161300977555653","0.0049294961062714224","35653.00000","33653.00000"
"1218913974","Толмачёво","3","0.20941255871513062","0.04255374947936337","2204.00000","204.00000"
"1178372133","Домодедово","1","0.2610335869233321","0.07392495387431938","6140.00000","4140.00000"
"167892743","Толмачёво","2","0.1969022131567539","0.004299735095471199","26308.00000","24308.00000"
"625069319","Толмачёво","2","0.19832532628470945","0.020502193240176353","8568.00000","6568.00000"
"1219307737","Домодедово","2","0.26317050234532124","0.033925012606955664","4592.00000","2592.00000"
"1031694181","Толмачёво","2","0.29694156295429464","0.011864841168056596","16451.00000","14451.00000"
"1035351337","Домодедово","2","0.18683819384798497","0.03185167577647729","18996.00000","16996.00000"
"799288147","Толмачёво","1","0.16464550598859293","0.07493505094498883","13675.00000","11675.00000"
"778046382","Толмачёво","1","0.3057905975025927","0.08653875830420019","8579.00000","6579.00000"
"1212239941","Толмачёво","1","0.3179799934194156","0.0055779590328374545","11729.00000","9729.00000"
"259094594","Толмачёво","1","0.24771705968264793","0.01132578756782444","3178.00000","1178.00000"
"1201005643","Домодедово","2","0.28087768658172996","0.07954924160453299","2156.00000","156.00000"
"1026893141","Толмачёво","2","0.24340389557074443","0.004007818757378325","70851.00000","68851.00000"
"664601924","Толмачёво","6","0.27788823513555894","0.0011441726561684405","26824.00000","24824.00000"
"388762707","Толмачёво","2","0.26611176722117036","0.010322359766504972","45631.00000","43631.00000"
"310315282","Домодедово","1","0.28335504190704575","0.015100860367243335","7685.00000","5685.00000"
"1200211952","Домодедово","4","0.2216637296718237","0.03597176308222035","5459.00000","3459.00000"
"1194131385","Толмачёво","1","0.22308602684932713","0.01867968612447754","7942.00000","5942.00000"
"1224128524","Домодедово","2","0.21608091577647814","0.04396287436469303","22846.00000","20846.00000"
"1210736509","Домодедово","2","0.13358509599284427","0.03339829565727672","28394.00000","26394.00000"
"1214383844","Толмачёво","1","0.2408173054359995","0.011275472086954716","6628.00000","4628.00000"
"1194240780","Домодедово","1","0.16929821665067668","0.013688368384869334","55795.00000","53795.00000"
"384116911","Домодедово","2","0.14619721599236976","0.02364219313821763","37393.00000","35393.00000"
"342072113","Домодедово","2","0.29121689867593986","0.004810937340145168","13712.00000","11712.00000"
"1211543311","Домодедово","2","0.19159059405161127","0.11162501348238063","6856.00000","4856.00000"
"1151600481","Толмачёво","1","0.08525581776383173","0.0059363786344241954","28572.00000","26572.00000"
"1202030517","Толмачёво","1","0.2775492898519717","0.03916618511696395","13131.00000","11131.00000"
"567148029","Толмачёво","1","0.2008864219560444","0.05393724642129359","2288.00000","288.00000"
"864401611","Толмачёво","1","0.29702925032642147","0.013017598581472507","8509.00000","6509.00000"
"956757378","Домодедово","1","0.1871389589457352","0.0330783297518862","26728.00000","24728.00000"
"1214221780","Домодедово","2","0.2262523982377","0.04452004221229758","6419.00000","4419.00000"
"1218573736","Домодедово","3","0.20069131617422217","0.02614281670407001","22673.00000","20673.00000"
"1223420981","Домодедово","1","0.15458530841369258","0.1717403373446957","4250.00000","2250.00000"
"1208187182","Толмачёво","1","0.20725370845194943","0.0052465009958995446","30340.00000","28340.00000"
"1207289715","Домодедово","1","0.14742880396393607","0.029552243680682735","3440.00000","1440.00000"
"1044893539","Толмачёво","2","0.20542691932087132","0.025891980489326064","13555.00000","11555.00000"
"1214482798","Домодедово","2","0.25391079371378195","0.036540577246063737","15543.00000","13543.00000"
"1210797041","Домодедово","2","0.15061881058399124","0.031053626311474455","33816.00000","31816.00000"
"331152082","Толмачёво","2","0.2449544426030872","0.015435851669083402","10623.00000","8623.00000"
"1216419466","Толмачёво","1","0.2891310223725436","0.0072502835997489525","4488.00000","2488.00000"
"794469334","Домодедово","2","0.2045991456396494","0.017007552864666802","61431.00000","59431.00000"
"1327734707","Толмачёво","1","0.20421744118354954","0.09718846831737142","3061.00000","1061.00000"
"864871974","Домодедово","1","0.25771321585726326","0.10193145177817281","3944.00000","1944.00000"
"606533683","Толмачёво","3","0.16685914811323319","0.05853045316069043","9869.00000","7869.00000"
"1219503608","Толмачёво","3","0.24270535666511822","0.009398064951909507","3709.00000","1709.00000"
"807677821","Толмачёво","2","0.2096507432066287","0.018277103895470957","17848.00000","15848.00000"
"1038573950","Домодедово","1","0.15330177501330303","0.014124624829766532","39611.00000","37611.00000"
"511549794","Домодедово","3","0.18225763710170043","0.0076672698426134035","67852.00000","65852.00000"
"729807752","Толмачёво","3","0.19346629645189067","0.04178049741558561","5002.00000","3002.00000"
"1188063087","Домодедово","3","0.188384984469098","0.05005315366328619","9137.00000","7137.00000"
"1225849447","Домодедово","2","0.19849389823558344","0.013081054413524605","17306.00000","15306.00000"
"670077711","Домодедово","3","0.24607272339025107","0.036984577488611704","11402.00000","9402.00000"
"1086982016","Толмачёво","1","0.26387241537901435","0.03256854560335936","20260.00000","18260.00000"
"1204904013","Домодедово","1","0.279361132480626","0.005496683844878034","17017.00000","15017.00000"
"1221476329","Толмачёво","1","0.2914299067454005","0.0036638259824327366","10403.00000","8403.00000"
"231215985","Домодедово","2","0.22934703176555007","0.12403869484273294","5589.00000","3589.00000"
"309980973","Толмачёво","1","0.2943188460017917","0.015846921904927827","9627.00000","7627.00000"
"124562147","Толмачёво","2","0.25099951946690063","0.015419128292110298","26960.00000","24960.00000"
"1043106474","Домодедово","1","0.11834160076120458","0.06645486190594044","27880.00000","25880.00000"
"1225528333","Домодедово","2","0.1975154601858771","0.024587884360773915","7591.00000","5591.00000"
"1044279920","Домодедово","2","0.27085077537866425","0.02795160921549277","21038.00000","19038.00000"
"512418236","Толмачёво","2","0.149091978291667","0.098594360468703","9645.00000","7645.00000"
"1199527444","Толмачёво","1","0.2678427105924493","0.008555390724082098","4063.00000","2063.00000"
"91555991","Толмачёво","2","0.12951676983478297","0.025642680688792205","39741.00000","37741.00000"
"891052628","Толмачёво","2","0.1439366475401824","0.009613374305753134","9332.00000","7332.00000"
"598661453","Домодедово","1","0.19087787274694776","0.10534770380925977","8497.00000","6497.00000"
"133924735","Толмачёво","1","0.03323523508491783","0.09949554020252668","47941.00000","45941.00000"
"1075495106","Домодедово","1","0.1535040879463247","0.11207563549934213","16288.00000","14288.00000"
"1019352452","Домодедово","1","0.21028397245394048","0.04791089898724955","11099.00000","9099.00000"
"1207749431","Домодедово","1","0.270415597526582","0.040689765413207825","7435.00000","5435.00000"
"1223633421","Толмачёво","2","0.21423423773198322","0.021598987903982472","46252.00000","44252.00000"
"745477791","Домодедово","3","0.18944508358598663","0.03386366812819794","56826.00000","54826.00000"
"751921586","Толмачёво","3","0.11844552161154025","0.05012486769825407","23700.00000","21700.00000"
"552979034","Толмачёво","1","0.29265450594220166","0.030879491744060676","7309.00000","5309.00000"
"1195859248","Домодедово","3","0.19776228711333885","0.021873593829615835","25357.00000","23357.00000"
"565641680","Домодедово","3","0.1703446049192956","0.02612669038380838","35806.00000","33806.00000"
"262520430","Толмачёво","3","0.2971106444707345","0.007885378906922485","19122.00000","17122.00000"
"287519077","Домодедово","2","0.1925977013226189","0.01819473063616189","28189.00000","26189.00000"
"547976844","Толмачёво","1","0.10691578195940672","0.0932507828786383","11064.00000","9064.00000"
"942678719","Толмачёво","2","0.3010328439266053","0.022959693293080428","40996.00000","38996.00000"
"1196724474","Толмачёво","3","0.2842903918560205","0.03053401596013519","21896.00000","19896.00000"
"1215608675","Толмачёво","1","0.13124303816323193","0.12784832610741262","9881.00000","7881.00000"
"850538699","Домодедово","1","0.2518550276601011","0.01659957094628175","21355.00000","19355.00000"
"781044081","Толмачёво","3","0.24966005424588483","0.011312590383476725","13372.00000","11372.00000"
"773218588","Домодедово","1","0.3547402905451436","0.06042251214480666","5660.00000","3660.00000"
"1036895676","Домодедово","1","0.2577666598753816","0.008263014958506251","24112.00000","22112.00000"
"1216697219","Толмачёво","2","0.2616827299041784","0.009033058291447585","14603.00000","12603.00000"
"165409118","Толмачёво","4","0.255514096179807","0.006624017567607698","8417.00000","6417.00000"
"908187028","Домодедово","2","0.05815611924217707","0.12058212446950148","17590.00000","15590.00000"
"125232314","Толмачёво","4","0.2867076140409152","0.014177410561603468","13987.00000","11987.00000"
"1204432836","Толмачёво","1","0.07114300324004597","0.24004017520256196","3208.00000","1208.00000"
"157201244","Толмачёво","2","0.2579050709081704","0.025458805992961516","25116.00000","23116.00000"
"1209008558","Домодедово","3","0.29695269145778447","0.005970039354358971","10250.00000","8250.00000"
"1026785392","Толмачёво","1","0.24035483103968533","0.025967129078189318","7943.00000","5943.00000"
"1071029131","Домодедово","2","0.2898479730902524","0.006484188082446336","31546.00000","29546.00000"
"344112475","Толмачёво","1","0.1497172966808875","0.10424029915923771","8219.00000","6219.00000"
"1178476951","Домодедово","4","0.21459191544656323","0.011686813944217533","34261.00000","32261.00000"
"946019050","Домодедово","1","0.18795360458324045","0.1509814591809957","2793.00000","793.00000"
"1053929711","Толмачёво","1","0.23302870846175036","0.04056708352907409","27197.00000","25197.00000"
"1215475642","Толмачёво","1","0.07599115975982614","0.151992850353364","6454.00000","4454.00000"
"1217377655","Домодедово","2","0.24763381295447368","0.0733398954154249","2590.00000","590.00000"
"1043961379","Домодедово","2","0.20000613439779383","0.07192222253793179","4193.00000","2193.00000"
"296197039","Домодедово","1","0.2070722307179638","0.005472900127843138","64766.00000","62766.00000"
"146126307","Домодедово","3","0.3083759401125526","0.009316952305785522","34388.00000","32388.00000"
"559284769","Домодедово","2","0.07146110097028875","0.05926580574708393","40434.00000","38434.00000"
"1046711276","Толмачёво","2","0.18515000042150426","0.06789778196526781","46163.00000","44163.00000"
"1223887589","Домодедово","1","0.24927703115172756","0.007507022482934171","5302.00000","3302.00000"
"1027196396","Домодедово","2","0.19262357438176692","0.033511072284372785","4600.00000","2600.00000"
"1070837778","Домодедово","2","0.24550033913218797","0.030540067724362775","11600.00000","9600.00000"
"904632149","Толмачёво","1","0.23055705964464987","0.055700824148036884","18441.00000","16441.00000"
"765372787","Домодедово","2","0.19847797348562857","0.040483646432464854","42120.00000","40120.00000"
"1207927349","Толмачёво","1","0.1413565281585534","0.18583952103125798","4097.00000","2097.00000"
"1212398023","Домодедово","2","0.22985661969715304","0.04702847829112387","11714.00000","9714.00000"
"1034582552","Толмачёво","2","0.23912261536019777","0.007360071235172219","3022.00000","1022.00000"
"1027762128","Толмачёво","1","0.19689517173887613","0.020179147793269903","36611.00000","34611.00000"
"369364687","Домодедово","2","0.10193049157295304","0.062412976732727124","30300.00000","28300.00000"
"268670146","Толмачёво","1","0.08294709756175193","0.17492462247790933","7785.00000","5785.00000"
"1208120317","Домодедово","3","0.1767564360414617","0.021263169384368275","50957.00000","48957.00000"
"1213685784","Домодедово","2","0.2378650644788344","0.019977491315812314","18958.00000","16958.00000"
"1206860077","Толмачёво","2","0.3175948630903873","0.008571296648240379","3838.00000","1838.00000"
"1051513167","Толмачёво","3","0.32886124017895724","0.02537250122408372","3216.00000","1216.00000"
"1221332424","Домодедово","1","0.1862171456996875","0.039069978495866214","26882.00000","24882.00000"
"1157000570","Толмачёво","4","0.2749948291322188","0.0021108966356535555","9075.00000","7075.00000"
"999748009","Толмачёво","2","0.27340318235451794","0.022508663301450984","20958.00000","18958.00000"
"597567589","Домодедово","2","0.23633805680031253","0.05403445611481493","12135.00000","10135.00000"
"630135582","Толмачёво","2","0.14857618716082283","0.03744484352970468","22723.00000","20723.00000"
"1192337073","Толмачёво","2","0.2584375844147505","0.03183071824789214","11660.00000","9660.00000"
"504951227","Толмачёво","1","0.22262269949493677","0.005468721207987564","35900.00000","33900.00000"
"1222293884","Толмачёво","2","0.2593428863162319","0.032704904176526536","8814.00000","6814.00000"
"1214333428","Домодедово","1","0.15664064183592122","0.15468967046700424","5319.00000","3319.00000"
"259984896","Толмачёво","3","0.28188728123577683","0.010092173311807623","11788.00000","9788.00000"
"554962400","Толмачёво","1","0.21647092443573956","0.021462383651105803","12208.00000","10208.00000"
"1216589449","Домодедово","1","0.19072429192118504","0.049782358754052465","15594.00000","13594.00000"
"313167937","Домодедово","3","0.2626094865879043","0.03229186849541038","9371.00000","7371.00000"
"285422765","Толмачёво","1","0.2135307175883893","0.06870779864243214","6479.00000","4479.00000"
"533381783","Толмачёво","2","0.23674394364129125","0.02981155584308628","13718.00000","11718.00000"
"1210494764","Толмачёво","1","0.17591554641428894","0.0113815948276108","20441.00000","18441.00000"
"156440506","Домодедово","2","0.2660876652506347","0.022919882716607907","27700.00000","25700.00000"
"871131675","Домодедово","1","0.22898528087757228","0.009193300253643536","20244.00000","18244.00000"
"1216962995","Толмачёво","1","0.270957323872815","0.045420131789592144","12577.00000","10577.00000"
"1220331165","Толмачёво","3","0.21801039323883759","0.02886792483240778","37208.00000","35208.00000"
"1216423853","Домодедово","1","0.2476328186316314","0.022871257053103954","9502.00000","7502.00000"
"219812002","Толмачёво","1","0.15183950946073696","0.14602382837371455","2953.00000","953.00000"
"221207425","Домодедово","1","0.3019027130550215","0.02082676341652794","9216.00000","7216.00000"
"1067800319","Домодедово","3","0.34622206662110927","0.018588915596834482","7449.00000","5449.00000"
"255271633","Домодедово","3","0.18604793615878246","0.008219386268593493","39764.00000","37764.00000"
"1327692189","Домодедово","2","0.3003709039800356","0.034315098400618194","9541.00000","7541.00000"
"1074638947","Толмачёво","1","0.23889388708723283","0.014263975205402225","17546.00000","15546.00000"
"1008424218","Толмачёво","1","0.23369862783489997","0.028429432721297134","20114.00000","18114.00000"
"312632841","Домодедово","1","0.20603789024515307","0.05264867952952908","6034.00000","4034.00000"
"1036881747","Толмачёво","1","0.1933971064726143","0.006380990192679153","41587.00000","39587.00000"
"629040904","Толмачёво","1","0.20071921523882302","0.011550919713780696","2106.00000","106.00000"
"1026547059","Толмачёво","2","0.26291980283108524","0.016742640091303954","14367.00000","12367.00000"
"283771510","Домодедово","2","0.22277490286632198","0.11597555534599138","9653.00000","7653.00000"
"852073184","Толмачёво","2","0.30529122332206393","0.08083390089838777","5231.00000","3231.00000"
"1215852885","Толмачёво","1","0.24009695243770898","0.027976353435975383","8419.00000","6419.00000"
"312528226","Домодедово","1","0.22548664910145347","0.020161250794877364","33590.00000","31590.00000"
"1212975487","Толмачёво","3","0.493470892227485","0.03698934080158788","4724.00000","2724.00000"
"1224999935","Толмачёво","1","0.2114792155821153","0.21011412966990553","-1731.00000","-3731.00000"
"403434907","Домодедово","1","0.04203697754984733","0.20321969330012432","2621.00000","621.00000"
"1208761803","Толмачёво","1","0.2074107441082293","0.11733654169236485","3512.00000","1512.00000"
"1039703419","Домодедово","1","0.22830477860528894","0.011896378135162429","15790.00000","13790.00000"
"1221483020","Домодедово","1","0.1676689339752783","0.08827723671780077","3362.00000","1362.00000"
"1224535586","Домодедово","2","0.2267210304145556","0.013156454677198883","9186.00000","7186.00000"
"1010795994","Толмачёво","1","0.0818013039087522","0.04368293215966406","88410.00000","86410.00000"
"1210758311","Домодедово","1","0.26874088887543246","0.01150663053379925","9088.00000","7088.00000"
"1010355501","Толмачёво","3","0.17500009968292757","0.05657867054127315","25140.00000","23140.00000"
"1218888544","Домодедово","2","0.24948885305719473","0.02184438527440929","39790.00000","37790.00000"
"1208973111","Домодедово","1","0.10461255579906047","0.09192032772639991","16225.00000","14225.00000"
"606918565","Домодедово","2","0.2774190334024168","0.01093449121718379","21096.00000","19096.00000"
"944564567","Толмачёво","2","0.1692169094817674","0.019128348561708097","65867.00000","63867.00000"
"869466658","Толмачёво","2","0.3226735108171859","0.008116380927902638","4504.00000","2504.00000"
"330396716","Толмачёво","2","0.16795635029073205","0.11899671881855725","2305.00000","305.00000"
"275195224","Домодедово","3","0.17033133926621175","0.04167366847582096","34439.00000","32439.00000"
"1041004110","Домодедово","3","0.3008675522379813","0.007175565776421535","14636.00000","12636.00000"
"1216812058","Домодедово","1","0.15127767329195746","0.09440870556899318","8270.00000","6270.00000"
"394908909","Домодедово","1","0.18808092422560774","0.14392875388725382","4265.00000","2265.00000"
"1032226628","Толмачёво","2","0.281248731068425","0.014722756704618787","5653.00000","3653.00000"
"588323807","Домодедово","2","0.12126040046365186","0.15634270256350516","2960.00000","960.00000"
"684116768","Толмачёво","3","0.2105017018236413","0.023483641954549595","43408.00000","41408.00000"
"1041429196","Толмачёво","1","0.22942317749741808","0.018871064612279942","28978.00000","26978.00000"
"849777787","Домодедово","2","0.22003946105504069","0.07542427985482301","10827.00000","8827.00000"
"546149920","Толмачёво","1","0.2844457621163324","0.018059654205743205","12404.00000","10404.00000"
"1209123068","Толмачёво","1","0.17786142764391863","0.18675566408985256","2371.00000","371.00000"
"1220934891","Домодедово","1","0.17959720360110942","0.09192397566148784","6433.00000","4433.00000"
"1034785385","Домодедово","1","0.11912111073941963","0.14959543848053022","2999.00000","999.00000"
"1030844326","Толмачёво","2","0.22170872799531402","0.023567690724041274","3504.00000","1504.00000"
"1045565148","Толмачёво","2","0.26989365032227136","0.013763594519360545","26276.00000","24276.00000"
"258832314","Толмачёво","3","0.15102055544611248","0.011473769674677885","52279.00000","50279.00000"
"769848972","Толмачёво","1","0.1764135417127158","0.021537976118470806","40570.00000","38570.00000"
"558546153","Толмачёво","2","0.26415290206474373","0.031627325839807506","6896.00000","4896.00000"
"647774848","Домодедово","1","0.2207782624574836","0.0108850525349585","22921.00000","20921.00000"
"1213428610","Домодедово","2","0.23608424317102292","0.01644881762977989","3282.00000","1282.00000"
"1210596922","Домодедово","2","0.15815945523642694","0.0288152952055412","53076.00000","51076.00000"
"384806642","Толмачёво","3","0.24079353529069972","0.02087724708929034","44888.00000","42888.00000"
"1204350107","Толмачёво","1","0.1974326996027766","0.06479989255566262","18005.00000","16005.00000"
"864615905","Толмачёво","1","0.18378574288913865","0.1718556752514545","3054.00000","1054.00000"
"1207649334","Толмачёво","2","0.20071353404028622","0.08020520239456747","4260.00000","2260.00000"
"343516251","Толмачёво","1","0.2634122889709117","0.09839885070861662","7918.00000","5918.00000"
"748500357","Толмачёво","3","0.2319257242974603","0.04546634986794856","11857.00000","9857.00000"
"262786743","Домодедово","1","0.2079827715338896","0.031022249607268466","11573.00000","9573.00000"
"743175801","Толмачёво","1","0.16575875010549157","0.09430720679273935","3836.00000","1836.00000"
"1215867134","Толмачёво","2","0.20722774974342983","0.10614054030333052","8072.00000","6072.00000"
"133291163","Домодедово","3","0.21508947403796877","0.05811734472637883","22769.00000","20769.00000"
"1217538413","Домодедово","1","0.2607503839255544","0.023930280224222576","8589.00000","6589.00000"
"1218226312","Домодедово","3","0.17017780743490107","0.05082606052947063","3021.00000","1021.00000"
"864858661","Толмачёво","3","0.21989574167613404","0.03541522469506157","40598.00000","38598.00000"
"1207503292","Толмачёво","1","0.1339141585602479","0.14884646686384598","6483.00000","4483.00000"
"1201461269","Домодедово","2","0.19052589910918083","0.0887018098239442","2608.00000","608.00000"
"944735221","Толмачёво","1","0.2759516395409798","0.14497167263836092","2253.00000","253.00000"
"723484757","Толмачёво","3","0.16843053191672183","0.014487817500221935","27759.00000","25759.00000"
"1327763834","Толмачёво","1","0.11997604064383838","0.14633064090184422","2722.00000","722.00000"
"1216454908","Толмачёво","2","0.28306105441992174","0.04984893058375527","11013.00000","9013.00000"
"1033181333","Домодедово","2","0.30152295120125644","0.004267463867734693","20008.00000","18008.00000"
"1041831646","Толмачёво","2","0.26909486551420914","0.013305437395971112","6215.00000","4215.00000"
"1218991240","Толмачёво","2","0.2768978444899791","0.008126443960629854","6638.00000","4638.00000"
"1165086971","Домодедово","3","0.279112333285881","0.010129159113942417","35284.00000","33284.00000"
"1035985034","Домодедово","1","0.1889286078209543","0.02722491345666826","21754.00000","19754.00000"
"625352156","Толмачёво","2","0.19232466342496035","0.013001128084881082","15489.00000","13489.00000"
"740384730","Толмачёво","2","0.29001622563989315","0.007537922423034308","9849.00000","7849.00000"
"1193627982","Толмачёво","3","0.2925874265282115","0.007918633197408723","10494.00000","8494.00000"
"1195908954","Домодедово","2","0.27685971777942564","0.02917793823172023","26913.00000","24913.00000"
"755764145","Толмачёво","1","0.18878711460617012","0.06579402939472517","8538.00000","6538.00000"
"1216567741","Домодедово","2","0.23855196566181702","0.018200870064741095","20255.00000","18255.00000"
"543657364","Домодедово","2","0.1728831788959706","0.04190777828046989","42440.00000","40440.00000"
"1029683317","Толмачёво","2","0.2950369410905232","0.01038165304859205","2928.00000","928.00000"
"1196646515","Домодедово","1","0.2753316528826981","0.023978646970933024","7211.00000","5211.00000"
"1043040050","Толмачёво","2","0.26347492035172404","0.013325023474481282","7981.00000","5981.00000"
"1033386426","Толмачёво","3","0.28472787187643417","0.003816220388670842","8160.00000","6160.00000"
"253720001","Толмачёво","4","0.2333623193154873","0.033435306946377155","19557.00000","17557.00000"
"396420095","Домодедово","1","0.2117385832504873","0.03314485933735678","19645.00000","17645.00000"
"1026824148","Толмачёво","1","0.2406541986052028","0.0038811540835496493","38960.00000","36960.00000"
"138643804","Домодедово","2","0.33121281399648467","0.007838248821811085","24854.00000","22854.00000"
"549033524","Домодедово","1","0.15095458010840387","0.018393316390588544","31552.00000","29552.00000"
"776737526","Толмачёво","2","0.24120534112652475","0.011259013770585767","17212.00000","15212.00000"
"906300217","Домодедово","1","0.23112061761025085","0.06560898843001427","6102.00000","4102.00000"
"783607940","Толмачёво","1","0.32630853415599576","9.996872947988294E-4","7181.00000","5181.00000"
"1029096387","Толмачёво","2","0.1827165382785142","0.022559565141363137","13816.00000","11816.00000"
"1080758355","Домодедово","2","0.244583860175117","0.03558227355702345","4133.00000","2133.00000"
"597738686","Толмачёво","2","0.2156454275199651","0.008996902863967973","39063.00000","37063.00000"
"270615802","Домодедово","3","0.2341762697591325","0.023736801032881498","2647.00000","647.00000"
"288280641","Домодедово","1","0.16883020961325984","0.025274726576863735","71719.00000","69719.00000"
"1214770971","Домодедово","2","0.17126894202816298","0.08780546726103429","13906.00000","11906.00000"
"255137002","Толмачёво","1","0.26617615264490047","0.00881198828573686","48458.00000","46458.00000"
"695952629","Домодедово","1","0.24127129494500077","0.006388788967609049","19455.00000","17455.00000"
"1014711139","Домодедово","3","0.2919064662253896","0.004038415667831716","10955.00000","8955.00000"
"1212786344","Домодедово","1","0.19619355758542686","0.04723702179484982","25608.00000","23608.00000"
"1204632847","Толмачёво","1","0.14995562951906113","0.14546233009880602","3325.00000","1325.00000"
"516201193","Домодедово","1","0.2767261332066716","0.014268179419796403","16978.00000","14978.00000"
"962149564","Толмачёво","1","0.2972744395532076","0.01101960161155775","9129.00000","7129.00000"
"343223425","Толмачёво","3","0.25347659145420093","0.008006924877014104","20445.00000","18445.00000"
"1295138777","Домодедово","4","0.22849268793574873","0.03690995101719025","19306.00000","17306.00000"
"1181507199","Толмачёво","1","0.24423492620470263","0.13187902246139688","-1980.00000","-3980.00000"
"938576259","Толмачёво","3","0.2353067075368666","0.004794716282494397","22415.00000","20415.00000"
"729832003","Домодедово","2","0.24282726548807992","0.008395376736821687","27973.00000","25973.00000"
"800517644","Толмачёво","3","0.1638552421884284","0.018296584329376385","31214.00000","29214.00000"
"763063146","Толмачёво","3","0.1940301526907874","0.010564220244144705","40796.00000","38796.00000"
"1043101184","Толмачёво","1","0.22449833284822293","0.020101696930765824","28331.00000","26331.00000"
"1207575420","Домодедово","2","0.2659422854140168","0.03276617038124538","6318.00000","4318.00000"
"1052791933","Толмачёво","1","0.1775013639324119","0.09899470827487786","5637.00000","3637.00000"
"340319630","Толмачёво","1","0.13582873379494154","0.16402668419671956","2184.00000","184.00000"
"1194726224","Толмачёво","2","0.22651132364869295","0.05803626498509306","10324.00000","8324.00000"
"848361837","Толмачёво","1","0.16233035327807213","0.015770501594410374","37285.00000","35285.00000"
"1099771926","Толмачёво","4","0.27621654526254885","0.04699116520041601","35929.00000","33929.00000"
"951550280","Толмачёво","3","0.3527920573253152","0.059175887982562715","6089.00000","4089.00000"
"1031689630","Толмачёво","2","0.260289452045866","0.043600112286499","8116.00000","6116.00000"
"674282824","Домодедово","1","0.22293339987975144","0.03187575275823357","31593.00000","29593.00000"
"134957721","Домодедово","1","0.11190683077167213","0.10275633407040952","8189.00000","6189.00000"
"1226033811","Толмачёво","2","0.22706593535502467","0.017977178523924362","4091.00000","2091.00000"
"1141240938","Домодедово","2","0.2087754221191819","0.0692437634475578","6281.00000","4281.00000"
"848845583","Домодедово","1","0.12431071609181674","0.18015543948027052","5111.00000","3111.00000"
"120348658","Домодедово","3","0.325875838388249","0.008529641256652567","34788.00000","32788.00000"
"1219798890","Толмачёво","2","0.2943301650061188","0.007300474448641346","3813.00000","1813.00000"
"1024889220","Толмачёво","1","0.2852672771146208","0.012445036372141357","8574.00000","6574.00000"
"1204785296","Толмачёво","2","0.23445728912069866","0.05126520685015505","5096.00000","3096.00000"
"1211362932","Домодедово","1","0.1627166591164222","0.12718400229303123","6325.00000","4325.00000"
"370771627","Домодедово","4","0.26989267253422483","0.009560693303171709","30845.00000","28845.00000"
"807354614","Домодедово","3","0.2896300428344356","0.008543845207009763","23771.00000","21771.00000"
"1223497659","Домодедово","1","0.31484834339901757","0.0022403143079838105","6103.00000","4103.00000"
"1210800385","Толмачёво","2","0.2653487413631145","0.004361536436753679","7706.00000","5706.00000"
"1035110536","Домодедово","1","0.23784160654299524","0.005275173252823479","19474.00000","17474.00000"
"1029177687","Домодедово","1","0.20415973550264144","0.03187642390335016","10283.00000","8283.00000"
"1215393964","Домодедово","1","0.1485760328212043","0.12066652351612418","10531.00000","8531.00000"
"1042699249","Домодедово","2","0.2638732311930848","0.008179466328573859","8946.00000","6946.00000"
"734694083","Домодедово","2","0.2515000207218902","0.010864160775964209","8505.00000","6505.00000"
"957313020","Домодедово","2","0.23830946796484598","0.01580017063753882","20762.00000","18762.00000"
"1225987754","Домодедово","1","0.1964550520450492","0.03985453263686306","6249.00000","4249.00000"
"568853694","Толмачёво","2","0.2607599625189568","0.044018427405973434","3433.00000","1433.00000"
"640744293","Домодедово","2","0.25810106662321497","0.007183191206974522","15530.00000","13530.00000"
"971684599","Домодедово","1","0.22518929355095485","0.009128246508807463","20556.00000","18556.00000"
"1041608909","Толмачёво","2","0.30093392101103067","0.08017188238613533","3877.00000","1877.00000"
"1193111310","Толмачёво","2","0.3113489097838085","0.01589448030162142","3240.00000","1240.00000"
"1037973615","Толмачёво","2","0.25436550655333107","0.008340678140400815","23560.00000","21560.00000"
"522505138","Домодедово","1","0.10286350518644043","0.13056246711127442","3569.00000","1569.00000"
"342838414","Толмачёво","3","0.23853378131622824","0.0064671329527636046","54044.00000","52044.00000"
"968376160","Толмачёво","1","0.21196976247602203","0.024367860052666543","12130.00000","10130.00000"
"11472831","Толмачёво","2","0.15157201618707045","0.009269923534786706","23591.00000","21591.00000"
"1218207781","Толмачёво","2","0.22823585399062327","0.02465628064961978","27663.00000","25663.00000"
"937486756","Домодедово","2","0.18994798011878614","0.058228999701193815","20388.00000","18388.00000"
"341649149","Домодедово","1","0.1934958765403755","0.00951054721448885","51843.00000","49843.00000"
"702671101","Домодедово","2","0.27830452808738204","0.034162877462441885","30841.00000","28841.00000"
"1214820580","Домодедово","2","0.24475430178181468","0.03315509404194207","49656.00000","47656.00000"
"526419374","Домодедово","3","0.19515135335031553","0.10812887643094524","8475.00000","6475.00000"
"274531336","Толмачёво","1","0.21004479831763676","0.11470871284778668","3616.00000","1616.00000"
"1210936010","Домодедово","2","0.17726342280561883","0.0429847889444347","12671.00000","10671.00000"
"517951438","Домодедово","1","0.16684050430785946","0.14867456509035135","2525.00000","525.00000"
"1033708376","Толмачёво","2","0.2912310280223845","0.014152979304648539","22861.00000","20861.00000"
"1213927788","Домодедово","3","0.22127772729081344","0.06267643016531879","13163.00000","11163.00000"
"945509594","Домодедово","2","0.24364899184285035","0.05895296589322256","10716.00000","8716.00000"
"1203744486","Толмачёво","2","0.2850825380656381","0.01825801672836094","7960.00000","5960.00000"
"1201920783","Домодедово","1","0.2584805800988816","0.004436137593288843","11397.00000","9397.00000"
"631788381","Толмачёво","1","0.22941036702663264","0.04443136005568425","18351.00000","16351.00000"
"1217472393","Домодедово","2","0.20869886293704035","0.0610763059390983","9520.00000","7520.00000"
"1029239872","Домодедово","3","0.2096541470477614","0.017512459923321337","54013.00000","52013.00000"
"1048063840","Толмачёво","1","0.21701933037343663","0.15668829624090527","5286.00000","3286.00000"
"219626415","Толмачёво","1","0.23793263949933224","0.011938910128189366","13979.00000","11979.00000"
"1039314845","Толмачёво","1","0.24786538448730272","0.014193832468567619","3676.00000","1676.00000"
"1221801967","Домодедово","1","0.15367581696622093","0.11267347817663001","7827.00000","5827.00000"
"610160213","Домодедово","2","0.21775549842544661","0.017377148108785115","46367.00000","44367.00000"
"1223405050","Домодедово","2","0.27899083804406427","0.044051356927355956","12150.00000","10150.00000"
"1030301513","Домодедово","2","0.2718532778988149","0.012742947395776978","17967.00000","15967.00000"
"1219612124","Толмачёво","1","0.19647320883827743","0.1022231160609726","3909.00000","1909.00000"
"1221579663","Домодедово","2","0.22009897116175028","0.0205157837489449","34622.00000","32622.00000"
"820412866","Домодедово","1","0.21999708900221446","0.0931089140392233","4814.00000","2814.00000"
"734158072","Домодедово","3","0.23781619003143983","0.009868731296351286","15585.00000","13585.00000"
"1043318246","Толмачёво","1","0.22237170400441694","0.07507934363934703","2910.00000","910.00000"
"1196554103","Толмачёво","1","0.2533292192055515","0.019741546589669152","3343.00000","1343.00000"
"388556710","Домодедово","1","0.07236120071320243","0.23232939004866254","3980.00000","1980.00000"
"209385866","Домодедово","1","0.1297913577420487","0.03727080499119831","37230.00000","35230.00000"
"1043546597","Домодедово","2","0.2289108794031771","0.030074000920127148","24888.00000","22888.00000"
"1040702228","Толмачёво","1","0.2551608317144073","0.009265578348713267","41526.00000","39526.00000"
"1039979174","Домодедово","1","0.22257348499367732","0.007888240900508452","3327.00000","1327.00000"
"1215165326","Толмачёво","2","0.22100049713121767","0.026556163282749474","10518.00000","8518.00000"
"740534197","Домодедово","1","0.07579356163366945","0.06465363868585511","4747.00000","2747.00000"
"956929342","Домодедово","2","0.2722776138584295","0.001391874924814337","9875.00000","7875.00000"
"1218831022","Домодедово","1","0.20739731048384885","0.020276591507107092","25856.00000","23856.00000"
"257043016","Толмачёво","1","0.2648800897358096","0.0037529262184013","29854.00000","27854.00000"
"1201300698","Домодедово","2","0.22610368612494913","0.0541992039043196","7930.00000","5930.00000"
"1225330183","Толмачёво","1","0.18529159037198753","0.01712969637826404","37418.00000","35418.00000"
"143973987","Толмачёво","1","0.2375426279759665","0.07739496564657922","7767.00000","5767.00000"
"1037881859","Толмачёво","2","0.14900886557693838","0.13466161140914643","6275.00000","4275.00000"
"207372653","Домодедово","3","0.3060125979116905","0.004943903054608305","3007.00000","1007.00000"
"159885811","Домодедово","3","0.2593428269411458","0.017237160520180247","43438.00000","41438.00000"
"1225373064","Домодедово","2","0.23107790132962286","0.035253749035671286","2339.00000","339.00000"
"1231500047","Домодедово","1","0.16708715946419186","0.011329641221468918","36324.00000","34324.00000"
"390654655","Домодедово","3","0.19982995652256233","0.04341745133358574","16749.00000","14749.00000"
"355559756","Домодедово","2","0.1944193605456722","0.006893592391327308","41585.00000","39585.00000"
"564810841","Толмачёво","2","0.09969642072295186","0.2702659762280626","2792.00000","792.00000"
"1041245222","Толмачёво","3","0.2874406295670302","0.0015231653179309872","7158.00000","5158.00000"
"1225645369","Толмачёво","3","0.26713670481160556","0.023904183764956413","2111.00000","111.00000"
"671834698","Толмачёво","1","0.19082058856564832","0.1558608854309896","4467.00000","2467.00000"
"1032800265","Толмачёво","2","0.2599343455414064","0.01443803108008671","23078.00000","21078.00000"
"1225857693","Домодедово","1","0.2254420248853957","0.014100536528598282","3607.00000","1607.00000"
"896156980","Домодедово","2","0.11387668565496982","0.04251602340561977","64391.00000","62391.00000"
"1194909670","Толмачёво","2","0.17297796738857424","0.024973251447445742","20334.00000","18334.00000"
"812248870","Домодедово","2","0.1772565097679947","0.02007292489831782","54062.00000","52062.00000"
"611152416","Домодедово","3","0.23470764447350337","0.0013132952195257595","12139.00000","10139.00000"
"802100234","Толмачёво","2","0.10904118124770237","0.06993074227511728","21640.00000","19640.00000"
"532970051","Толмачёво","3","0.22413128344067748","0.04076338385135545","23430.00000","21430.00000"
"685692352","Домодедово","3","0.2490276218719456","0.011389557655472629","48284.00000","46284.00000"
"398901191","Толмачёво","1","0.27182731703431373","0.012757420558962047","7259.00000","5259.00000"
"1221890912","Домодедово","3","0.24936345746723965","0.0166734006800698","26306.00000","24306.00000"
"312202568","Домодедово","2","0.2880888262207268","0.017804217722402035","27519.00000","25519.00000"
"1018084166","Толмачёво","1","0.13770174943944855","0.036477077323759266","15862.00000","13862.00000"
"598065846","Домодедово","2","0.17191534854029664","0.01677608141963436","61258.00000","59258.00000"
"550977294","Домодедово","2","0.3065552296145855","0.004690745152839615","7410.00000","5410.00000"
"1029744939","Толмачёво","2","0.22773304807928166","0.012054792725570423","9828.00000","7828.00000"
"385162928","Толмачёво","2","0.1886413356324052","0.06209235261833952","24888.00000","22888.00000"
"1210909466","Толмачёво","1","0.30079553309667745","0.012212506599896833","6838.00000","4838.00000"
"257540748","Домодедово","3","0.1568964468740051","0.03185240567877798","49445.00000","47445.00000"
"1328030525","Домодедово","1","0.20639915004159265","0.014894765712115328","14469.00000","12469.00000"
"277860240","Домодедово","3","0.2523032578124492","0.01777251140028825","18001.00000","16001.00000"
"513900715","Домодедово","2","0.2143448922210174","0.07735002293332348","3937.00000","1937.00000"
"387678634","Толмачёво","1","0.20415625948719263","9.976636785201962E-4","79250.00000","77250.00000"
"1213395401","Домодедово","2","0.2590001507272363","0.010828793585649909","16674.00000","14674.00000"
"158789128","Домодедово","2","0.23991417072744592","0.018134470452418606","28754.00000","26754.00000"
"1162255741","Домодедово","1","0.1810330762490554","0.09471628672142994","8431.00000","6431.00000"
"1050633015","Домодедово","2","0.21708842693901573","0.035018779923508846","42483.00000","40483.00000"
"1220731323","Домодедово","2","0.15926666734245773","0.11217937558366381","4510.00000","2510.00000"
"1327887932","Толмачёво","3","0.2721303531824516","0.08019607080883455","7215.00000","5215.00000"
"585263091","Домодедово","2","0.14375528204225027","0.0683465135854548","21511.00000","19511.00000"
"701504894","Толмачёво","5","0.21835542507267983","0.005870983715419632","24926.00000","22926.00000"
"259105118","Толмачёво","1","0.21195833952283685","0.09898275966942473","3743.00000","1743.00000"
"685104672","Домодедово","4","0.20692705643315587","0.05472334563908887","15362.00000","13362.00000"
"1219150691","Толмачёво","1","0.152917005465279","0.0249278107762369","67229.00000","65229.00000"
"1206632149","Домодедово","2","0.25994288694467926","0.02034674355590206","8341.00000","6341.00000"
"1040728079","Домодедово","2","0.23681907425618257","0.03249014105966477","14466.00000","12466.00000"
"1207511533","Толмачёво","2","0.2808275407429157","0.012869460388481255","18378.00000","16378.00000"
"609975312","Толмачёво","4","0.2385788233384478","0.023504603115611374","19474.00000","17474.00000"
"782439006","Толмачёво","2","0.28575468782845953","0.028957921222218342","27732.00000","25732.00000"
"1200929078","Домодедово","1","0.06242079127276384","0.027697627766714875","99327.00000","97327.00000"
"609419868","Домодедово","1","0.15573873556333412","0.05495915137986196","28305.00000","26305.00000"
"1327872155","Толмачёво","1","0.20175915476674033","0.002984843035948446","33041.00000","31041.00000"
"1196795441","Домодедово","2","0.21335662379272177","0.027874005176058876","20987.00000","18987.00000"
"635811520","Домодедово","2","0.24349417772363918","0.06000037687683009","2145.00000","145.00000"
"698647269","Домодедово","3","0.2521055844746493","0.020974522726777283","24640.00000","22640.00000"
"1031357582","Домодедово","1","0.23298508963998754","0.0033222456315241374","10094.00000","8094.00000"
"1221809887","Толмачёво","3","0.1716020403147447","0.057369207291432515","18596.00000","16596.00000"
"1225494777","Домодедово","2","0.1666134590760149","0.09957253469797948","11146.00000","9146.00000"
"1213020565","Толмачёво","1","0.256466275499691","0.012044120644372412","5878.00000","3878.00000"
"384670337","Толмачёво","3","0.06596428120013068","0.019273060626348135","110279.00000","108279.00000"
"946047880","Домодедово","2","0.16270859059290593","0.0638215208486834","17113.00000","15113.00000"
"1035349324","Толмачёво","1","0.2586049472947629","0.006821244511885709","6959.00000","4959.00000"
"1208542631","Домодедово","1","0.26226794039603274","0.11881275002431085","6928.00000","4928.00000"
"111203198","Домодедово","1","0.2056098737408723","0.09072340612198408","4066.00000","2066.00000"
"342918448","Толмачёво","2","0.15038957870940076","0.012604776461166554","57349.00000","55349.00000"
"1156656923","Домодедово","1","0.21288417592279185","0.02435307314068856","8682.00000","6682.00000"
"1029667657","Домодедово","4","0.2231177177408025","0.012027368941131033","7986.00000","5986.00000"
"1223156153","Толмачёво","1","0.17490553030353848","0.04517863803155245","9983.00000","7983.00000"
"650051530","Толмачёво","3","0.2330710288955117","0.014688536586208011","29608.00000","27608.00000"
"338993173","Домодедово","2","0.19423296353608047","0.016056887319104162","22476.00000","20476.00000"
"1207508082","Домодедово","2","0.29795170237760743","0.011015868707474737","10940.00000","8940.00000"
"1032784335","Толмачёво","3","0.2355897026953074","0.002942905200140559","33687.00000","31687.00000"
"901407128","Толмачёво","2","0.22787783249669238","0.018657351662102063","50799.00000","48799.00000"
"782441168","Домодедово","1","0.2417539426127508","0.022743168793386673","7515.00000","5515.00000"
"1194211387","Домодедово","2","0.2516024032162354","0.030777121212239227","7523.00000","5523.00000"
"1216432890","Домодедово","2","0.20914448420735876","0.018775120658034883","6719.00000","4719.00000"
"705674604","Толмачёво","2","0.19363726274511317","0.04170442160657415","33491.00000","31491.00000"
"1036704379","Домодедово","1","0.23299737451328167","0.003630488051025995","15656.00000","13656.00000"
"633543162","Домодедово","1","0.25221623646001223","0.00786547241225822","25467.00000","23467.00000"
"1141543574","Толмачёво","1","0.1985517273313895","0.014254456602221818","56787.00000","54787.00000"
"1001144588","Домодедово","2","0.24959323932111505","0.057986008139686816","12770.00000","10770.00000"
"1204235956","Домодедово","1","0.21002392506934014","0.011696708388159697","15081.00000","13081.00000"
"1034110658","Домодедово","2","0.24343906991625328","0.08208894648695385","11210.00000","9210.00000"
"279673272","Толмачёво","1","0.2460244212085744","0.026295322442440337","8806.00000","6806.00000"
"543627004","Толмачёво","4","0.31608908560320315","0.00523410141469995","3261.00000","1261.00000"
"705035564","Толмачёво","2","0.16543275180983294","0.14374157005856647","5198.00000","3198.00000"
"1222714812","Домодедово","2","0.25382691164906335","0.01127160261167576","18161.00000","16161.00000"
"1219309017","Толмачёво","1","0.20683116762715528","0.0342170201372996","30305.00000","28305.00000"
"1033335619","Толмачёво","2","0.25297402376897876","0.011454761468547438","31734.00000","29734.00000"
"154984031","Толмачёво","4","0.19909210428049706","0.008004376481172965","24077.00000","22077.00000"
"1031004427","Толмачёво","2","0.15973820454004148","0.03288451425791774","32902.00000","30902.00000"
"1041249351","Толмачёво","1","0.24572647845500864","0.009547345021106456","15665.00000","13665.00000"
"976099179","Толмачёво","2","0.22021620291237257","0.01390598457760716","16769.00000","14769.00000"
"1224544848","Домодедово","1","0.2843889670234426","0.006020634066310267","25704.00000","23704.00000"
"387058444","Толмачёво","3","0.2299814493047428","0.039438086577083475","24242.00000","22242.00000"
"1216588219","Домодедово","1","0.2632991957943959","0.026034241390510304","13307.00000","11307.00000"
"1225762482","Домодедово","1","0.18102153022881828","0.0732945710760925","21238.00000","19238.00000"
"1206157608","Толмачёво","2","0.24906039541903074","0.03015281506672894","25112.00000","23112.00000"
"823076713","Толмачёво","2","0.27931498247906283","0.027238962769312824","4723.00000","2723.00000"
"552697119","Толмачёво","5","0.3099064495421141","0.01776010581400295","8411.00000","6411.00000"
"395410291","Толмачёво","1","0.2882769217191293","0.0035105781414874982","15070.00000","13070.00000"
"317758304","Толмачёво","1","0.22723976759062736","0.011468249354066764","35464.00000","33464.00000"
"997243645","Толмачёво","2","0.2025341850340809","0.06852968106623845","23388.00000","21388.00000"
"1213028035","Домодедово","2","0.24929955830483988","0.0234644395429891","22773.00000","20773.00000"
"1327617030","Толмачёво","2","0.18885322849645148","0.06436726711692409","22603.00000","20603.00000"
"544586043","Домодедово","2","0.23286786028332643","0.004932147899562629","34827.00000","32827.00000"
"1213247903","Домодедово","2","0.2540824746845663","0.021808072939958897","18533.00000","16533.00000"
"1063120576","Толмачёво","1","0.14054395012486384","0.04238268325642602","30286.00000","28286.00000"
"1210522511","Домодедово","1","0.09514096012970254","0.09580880350265385","22035.00000","20035.00000"
"269066889","Домодедово","2","0.25858192079414216","0.0036963955753030967","22171.00000","20171.00000"
"392284367","Домодедово","2","0.3159697527673794","0.023423398480834436","13437.00000","11437.00000"
"1222619649","Толмачёво","1","0.19468973310880125","0.024788704174207886","14765.00000","12765.00000"
"214417238","Домодедово","3","0.39479062649675334","0.019469238556539235","3975.00000","1975.00000"
"307319857","Толмачёво","2","0.1724245257257752","0.016606375218909973","35986.00000","33986.00000"
"1156750960","Толмачёво","1","0.13034053473413162","0.042548117778664976","64163.00000","62163.00000"
"1221422686","Домодедово","1","0.13354217803555582","0.1938240554899708","3445.00000","1445.00000"
"787567232","Домодедово","2","0.374611573367928","0.052277948505324454","9254.00000","7254.00000"
"865389837","Домодедово","2","0.23380569377333896","0.1215424037117288","4838.00000","2838.00000"
"961623944","Толмачёво","1","0.3114537253680148","0.013334870264121878","11896.00000","9896.00000"
"600842789","Толмачёво","3","0.3354045391508617","0.002138022729798875","3741.00000","1741.00000"
"773165532","Толмачёво","1","0.1368153514143455","0.04241283976247681","25563.00000","23563.00000"
"762328484","Толмачёво","6","0.3928605164576945","0.004787765726330927","19761.00000","17761.00000"
"1001077861","Толмачёво","1","0.16363399892413122","0.07596637000143214","22000.00000","20000.00000"
"1221128870","Толмачёво","1","0.29285263775887926","0.02342122986605797","6131.00000","4131.00000"
"1027597106","Толмачёво","1","0.25613593350874936","0.005153339855253602","37879.00000","35879.00000"
"1210783018","Домодедово","2","0.2685283809798679","0.053387793260034656","6260.00000","4260.00000"
"801235598","Толмачёво","1","0.12375432594761014","0.20199027472396158","3604.00000","1604.00000"
"1220937474","Домодедово","2","0.24077177777499884","0.05627276195076526","6070.00000","4070.00000"
"1208697150","Толмачёво","1","0.1616604267895498","0.044701264814061926","32032.00000","30032.00000"
"558118211","Толмачёво","2","0.24675661377668917","0.056542573383388355","14430.00000","12430.00000"
"1198552344","Толмачёво","2","0.28427950735111546","0.05067590920907006","8616.00000","6616.00000"
"269662219","Домодедово","1","0.16130586102567443","0.0626807162560786","32222.00000","30222.00000"
"364933681","Толмачёво","2","0.0809165360041749","0.05809965014254041","35644.00000","33644.00000"
"1217479940","Толмачёво","1","0.20874765192251532","0.0148979829193059","8689.00000","6689.00000"
"848662312","Домодедово","2","0.24085498341553363","0.02163264022695184","12511.00000","10511.00000"
"1219226400","Домодедово","2","0.27036784480028386","0.03146673254369974","2644.00000","644.00000"
"973430298","Толмачёво","2","0.28305019551449223","0.011103482030077836","12654.00000","10654.00000"
"1041977417","Домодедово","1","0.19530807202518533","0.062397345625231505","25705.00000","23705.00000"
"701864881","Толмачёво","1","0.06674803100928187","0.2303738647285338","2135.00000","135.00000"
"1033489816","Толмачёво","1","0.23558304523657772","0.0050386436206448166","3688.00000","1688.00000"
"870511609","Домодедово","3","0.21353140915476626","0.024204850495256433","3629.00000","1629.00000"
"380373635","Домодедово","1","0.24377369011128","0.1599132911689565","2963.00000","963.00000"
"1226096742","Толмачёво","2","0.2585121116990597","0.04992684867623313","8674.00000","6674.00000"
"1046772348","Толмачёво","2","0.1344700520438941","0.08944775149535761","24602.00000","22602.00000"
"1141362462","Домодедово","3","0.21347065887487723","0.04920014453654536","18375.00000","16375.00000"
"651839837","Домодедово","4","0.26432174263450514","0.002187190717279671","21534.00000","19534.00000"
"151138571","Толмачёво","2","0.2101991936548795","0.07484774998833782","6747.00000","4747.00000"
"1035829816","Домодедово","2","0.27414167580249343","0.017393069731165427","12496.00000","10496.00000"
"1218822058","Домодедово","2","0.2335264159358179","0.016801810660633874","4518.00000","2518.00000"
"1223562827","Домодедово","2","0.2608880632628987","0.06053285948720428","2688.00000","688.00000"
"753314429","Толмачёво","1","0.2768818650330795","0.02251234452079196","25654.00000","23654.00000"
"1216546174","Толмачёво","1","0.15624247333261515","0.06214520205538994","3092.00000","1092.00000"
"1031058085","Толмачёво","1","0.2407982026353315","0.001548630872107633","3945.00000","1945.00000"
"1211417166","Домодедово","5","0.07501929479783413","0.02179749957048578","130207.00000","128207.00000"
"220867874","Толмачёво","3","0.25370230065171373","0.0026489583975862784","15861.00000","13861.00000"
"1224042912","Толмачёво","1","0.19967984156595928","0.4214361125492842","-5544.00000","-7544.00000"
"863707033","Домодедово","1","0.18362026182524616","0.06734004407890772","52618.00000","50618.00000"
"1208496755","Толмачёво","2","0.13845785185750029","0.04493128786451196","24311.00000","22311.00000"
"329037978","Толмачёво","3","0.22704121528482574","0.005981347406085407","14109.00000","12109.00000"
"591517172","Домодедово","2","0.20472786776482504","0.04525732666647189","17892.00000","15892.00000"
"1219092574","Домодедово","2","0.2512863905288038","0.010782780912103405","24023.00000","22023.00000"
"1220610151","Домодедово","3","0.17782066410294764","0.03822147271375088","16767.00000","14767.00000"
"1218942837","Домодедово","1","0.244032308052654","0.035079250175460985","29971.00000","27971.00000"
"258009780","Толмачёво","2","0.23896957071161373","0.010413309394410963","22551.00000","20551.00000"
"1156002787","Домодедово","1","0.2145088004536556","0.01760420179896649","64486.00000","62486.00000"
"1221264439","Домодедово","1","0.18360999447804","0.02022288841577304","15081.00000","13081.00000"
"1210694784","Домодедово","2","0.2155342056563899","0.02162487264922988","34686.00000","32686.00000"
"314021178","Домодедово","2","0.14203660195916942","0.03759310465208622","41190.00000","39190.00000"
"1215956289","Домодедово","2","0.19353823289715283","0.07998623830226813","15454.00000","13454.00000"
"1032420925","Толмачёво","2","0.2722597013885426","0.029516863192791013","9329.00000","7329.00000"
"1040955785","Домодедово","1","0.28596929884178024","0.03944534734111912","4313.00000","2313.00000"
"676082385","Домодедово","4","0.25731040322553883","0.02184890509785827","7485.00000","5485.00000"
"906451299","Домодедово","2","0.31069118680615837","0.012438207116079094","11418.00000","9418.00000"
"638478648","Толмачёво","2","0.22592891811647461","0.017068886930649167","12299.00000","10299.00000"
"1219981411","Домодедово","1","0.167862091070008","0.03970353603375191","12947.00000","10947.00000"
"1013640275","Толмачёво","1","0.16366099404017834","0.09546978135654319","18696.00000","16696.00000"
"754921441","Толмачёво","4","0.24247114714022838","0.016651652291883583","16741.00000","14741.00000"
"1209215970","Домодедово","1","0.2532575539256259","0.04540068293953137","22337.00000","20337.00000"
"605136318","Домодедово","3","0.2325870979819768","0.015414460459704266","21500.00000","19500.00000"
"910978221","Толмачёво","3","0.13048082569657407","0.02864619829732929","23546.00000","21546.00000"
"1063672225","Толмачёво","4","0.15228313392541143","0.03269613577102969","12679.00000","10679.00000"
"849738692","Домодедово","2","0.198093221886038","0.053922752475076816","14295.00000","12295.00000"
"1327918423","Домодедово","1","0.22401470241779003","0.012572368933837749","19144.00000","17144.00000"
"1202647218","Домодедово","1","0.08428335948569081","0.2432694364163398","3065.00000","1065.00000"
"646997416","Толмачёво","4","0.3306017406249251","0.01684373754651598","12803.00000","10803.00000"
"697252576","Толмачёво","2","0.24995240154226614","0.02935269014045861","18849.00000","16849.00000"
"857157517","Домодедово","3","0.23108066626208368","0.015586543758331284","45538.00000","43538.00000"
"1220666442","Толмачёво","2","0.18869038899119403","0.02280748402131971","16475.00000","14475.00000"
"642992866","Домодедово","2","0.3037795774042959","0.008371915187848557","16256.00000","14256.00000"
"570188936","Толмачёво","3","0.09667874734212466","0.07427204440058637","16609.00000","14609.00000"
"1010743530","Домодедово","2","0.2787849224585229","0.048297001190389696","12130.00000","10130.00000"
"620752998","Домодедово","3","0.2169353373039729","0.011855618101906632","54380.00000","52380.00000"
"943033293","Домодедово","4","0.3046263344520322","0.0036479928243379534","13670.00000","11670.00000"
"785205079","Домодедово","1","0.1737367142309384","0.07468010793077354","17712.00000","15712.00000"
"1209160890","Домодедово","1","0.10964422496866545","0.044714484766613265","46383.00000","44383.00000"
"1098202685","Толмачёво","1","0.17598994381852148","0.008962510300536165","30859.00000","28859.00000"
"1207258464","Толмачёво","2","0.1986352948655925","0.023478899541869637","36626.00000","34626.00000"
"1034061824","Толмачёво","2","0.2776488172737574","0.006312654726578073","7486.00000","5486.00000"
"1203315949","Толмачёво","1","0.24015869004369525","0.010413433929235608","19890.00000","17890.00000"
"122128553","Домодедово","1","0.24846251143842507","0.039334328136123475","19518.00000","17518.00000"
"1163895589","Толмачёво","2","0.25803668569914007","0.020591856526813383","10216.00000","8216.00000"
"1214313971","Толмачёво","2","0.2515699032115018","0.022822488417523466","3253.00000","1253.00000"
"313740967","Домодедово","1","0.2127517974473664","0.005437739226576111","40871.00000","38871.00000"
"360711382","Толмачёво","3","0.23837398447051783","0.017367930287953328","31712.00000","29712.00000"
"1218584383","Толмачёво","2","0.20179603450717867","0.0901292772723088","8422.00000","6422.00000"
"1215267133","Толмачёво","2","0.28430908260277105","0.0068427478196160935","8275.00000","6275.00000"
"705406142","Толмачёво","2","0.22839803508193052","0.04902042796757088","4285.00000","2285.00000"
"1154692421","Толмачёво","3","0.2535379175979752","0.034745030377401266","15903.00000","13903.00000"
"609890074","Домодедово","2","0.24579947236932445","0.05017490445508622","42320.00000","40320.00000"
"1221708653","Домодедово","3","0.16057300109433623","0.059928874975557746","9995.00000","7995.00000"
"1225726082","Толмачёво","1","0.224048980997148","0.06909177330054778","22417.00000","20417.00000"
"1218110030","Домодедово","2","0.2310345125395635","0.014887896427650892","3313.00000","1313.00000"
"1220407937","Толмачёво","3","0.23004423305885327","0.025799920129990855","8046.00000","6046.00000"
"1199360086","Домодедово","2","0.20907611694717274","0.08710961911831591","10665.00000","8665.00000"
"1215194350","Толмачёво","1","0.2552116450609391","0.021797777014829593","11248.00000","9248.00000"
"808467709","Толмачёво","3","0.2440662826099846","0.05477215473902788","7610.00000","5610.00000"
"806654502","Толмачёво","1","0.22130386382598574","0.01711989644021716","29371.00000","27371.00000"
"265464125","Толмачёво","2","0.21608462345987375","0.004280364381789229","27888.00000","25888.00000"
"665442036","Домодедово","2","0.12790284513084224","0.01193137198084792","18125.00000","16125.00000"
"628519140","Толмачёво","1","0.13020812021994677","0.050894072215644355","18247.00000","16247.00000"
"890709159","Домодедово","2","0.18263612830230155","0.046506839630379535","17735.00000","15735.00000"
"1223855131","Толмачёво","1","0.1736255229671546","0.03173620216411129","32254.00000","30254.00000"
"240390337","Толмачёво","2","0.1900025477271131","0.027260477169720812","10070.00000","8070.00000"
"1196211060","Толмачёво","2","0.2472565407610134","0.021293673581234168","24549.00000","22549.00000"
"533342018","Домодедово","1","0.24457533822428304","0.006278724204011989","59796.00000","57796.00000"
"618778611","Толмачёво","1","0.05952100761341675","0.17571463141318244","5097.00000","3097.00000"
"1043470149","Домодедово","2","0.17975762432425396","0.03470781342100862","27790.00000","25790.00000"
"1220946189","Домодедово","2","0.24013868064101399","0.009313075222204955","6283.00000","4283.00000"
"899713477","Домодедово","2","0.25619823559409594","0.00997447159088288","10609.00000","8609.00000"
"366398936","Домодедово","2","0.3041444902091513","0.03636090942075377","11388.00000","9388.00000"
"540882936","Толмачёво","3","0.28753942100334623","0.061206796836635526","2965.00000","965.00000"
"903872765","Толмачёво","1","0.14009899181679633","0.12304404498445279","10863.00000","8863.00000"
"1065505341","Толмачёво","1","0.04215306078452869","0.13875038065832113","24683.00000","22683.00000"
"533438471","Толмачёво","2","0.2915470759751636","0.024239389437339623","6062.00000","4062.00000"
"1166318966","Толмачёво","1","0.19909103939109515","0.04762407176923351","15532.00000","13532.00000"
"586690336","Домодедово","1","0.22327499931097786","0.015261976110669442","26308.00000","24308.00000"
"140356585","Домодедово","3","0.2622655713739079","0.00849122846617165","15625.00000","13625.00000"
"1221401402","Домодедово","1","0.18670741435827756","0.03260014802181937","14284.00000","12284.00000"
"1204414499","Толмачёво","2","0.16969542987652558","0.018060104713223248","39202.00000","37202.00000"
"1169086986","Толмачёво","2","0.14502994645145958","0.15886825179237807","2199.00000","199.00000"
"158245859","Домодедово","2","0.15358508718842445","0.022686862227596107","10596.00000","8596.00000"
"1210645078","Домодедово","2","0.2746170746615386","0.035322118088791946","10325.00000","8325.00000"
"605510595","Домодедово","5","0.26383391676544415","0.008130226665916214","9533.00000","7533.00000"
"1148856641","Толмачёво","1","0.13692230884394105","0.1154000297650951","6204.00000","4204.00000"
"1181401944","Домодедово","1","0.20686423850220464","0.050685046119024024","12272.00000","10272.00000"
"1210790969","Домодедово","1","0.3082984481684469","0.07486612623500426","4745.00000","2745.00000"
"1154086838","Домодедово","2","0.24278152181314852","0.011656735847862476","15556.00000","13556.00000"
"891409642","Толмачёво","3","0.22992521205249639","0.006000738835799406","69322.00000","67322.00000"
"1036703314","Толмачёво","1","0.2705562977037232","0.009673865554782411","3686.00000","1686.00000"
"865732092","Домодедово","2","0.20423565735288787","0.038858693420990235","50735.00000","48735.00000"
"1044652596","Толмачёво","2","0.2748977971960664","0.010518715941504723","5883.00000","3883.00000"
"1036792503","Толмачёво","1","0.27759143329505315","0.0015600758325398604","30675.00000","28675.00000"
"1183026478","Домодедово","2","0.19646899726700628","0.06890625134310731","15012.00000","13012.00000"
"1168894282","Толмачёво","2","0.22964990009425995","0.029199775775027404","8586.00000","6586.00000"
"219626415","Толмачёво","1","0.23793263949933224","0.011938910128189366","13979.00000","11979.00000"
"1223046171","Домодедово","3","0.22953087729530688","0.012702342451298655","3750.00000","1750.00000"
"1027362895","Домодедово","1","0.21554771184446508","0.08207917547649093","11918.00000","9918.00000"
"1327922015","Домодедово","2","0.24935661239494233","0.026579186793380137","2195.00000","195.00000"
"1217784241","Домодедово","1","0.16625408427902724","0.008210789120883499","34379.00000","32379.00000"
"1049717932","Толмачёво","1","0.2848568383774953","0.005820607142252819","17191.00000","15191.00000"
"140750630","Толмачёво","1","0.14468069468588005","0.21680347396190347","2511.00000","511.00000"
"316329493","Домодедово","2","0.1099919818472643","0.0909340559077305","13664.00000","11664.00000"
"637043286","Толмачёво","2","0.19641289775341578","0.05190916372521443","15375.00000","13375.00000"
"1217970096","Толмачёво","3","0.19023225891174325","0.03211390228807783","32881.00000","30881.00000"
"701240326","Домодедово","3","0.08343593171119669","0.13531045711796294","7390.00000","5390.00000"
"119756973","Толмачёво","2","0.2568953901180909","0.00551089451501335","9413.00000","7413.00000"
"1214239176","Домодедово","1","0.1250584194845424","0.0719682505726783","51837.00000","49837.00000"
"906668190","Домодедово","1","0.13231314965004654","0.10818509427288353","16501.00000","14501.00000"
"529891218","Домодедово","2","0.2361676061774425","0.01604912083846092","34981.00000","32981.00000"
"1208420149","Толмачёво","2","0.1784276241557633","0.11645644175063902","7316.00000","5316.00000"
"1220414731","Домодедово","2","0.2834439730143491","0.03429279072766686","12531.00000","10531.00000"
"1209874130","Домодедово","2","0.26212212630417064","0.01530100493041308","14111.00000","12111.00000"
"563199662","Домодедово","1","0.23070298369099582","0.0057271437721166645","24155.00000","22155.00000"
"862790724","Домодедово","1","0.12407223356767205","0.1570854197444609","6988.00000","4988.00000"
"388157024","Толмачёво","1","0.15553362253439004","0.016740653101720956","26682.00000","24682.00000"
"1211585677","Домодедово","2","0.22254736742136458","0.03936461634982349","20340.00000","18340.00000"
"940186264","Домодедово","2","0.24157174341123788","0.027663990761473647","8218.00000","6218.00000"
"1218126611","Домодедово","2","0.17768280573706002","0.09669846289953407","6067.00000","4067.00000"
"1220512652","Домодедово","2","0.2658875953980532","0.016591547752443918","14727.00000","12727.00000"
"304303625","Толмачёво","2","0.23954592269014957","0.04342486091236635","3962.00000","1962.00000"
"1175781535","Домодедово","2","0.2709504358967193","0.01577974631080484","18434.00000","16434.00000"
"756100916","Толмачёво","3","0.2557827724362348","0.040417007710925906","9240.00000","7240.00000"
"1220749892","Домодедово","1","0.10106156344790818","0.19441436187507538","4187.00000","2187.00000"
"634960360","Домодедово","1","0.15069859453706094","0.13580545630712595","5172.00000","3172.00000"
"507883396","Толмачёво","2","0.16250524949767456","0.08207727925209611","10054.00000","8054.00000"
"1213092693","Толмачёво","1","0.1790042453807987","0.17995266177958902","2588.00000","588.00000"
"973287034","Толмачёво","2","0.23627706041394944","0.010154847790969018","32474.00000","30474.00000"
"169197809","Домодедово","2","0.1604601484441938","0.03017243034811897","46362.00000","44362.00000"
"1208862101","Толмачёво","1","0.2708236909049878","0.027469428849661418","11668.00000","9668.00000"
"773260507","Толмачёво","2","0.29885658952364863","0.007007706128619705","41141.00000","39141.00000"
"1216776529","Толмачёво","1","0.26283105226237596","0.0185020113937472","12339.00000","10339.00000"
"1212957215","Толмачёво","1","0.2248204835206882","0.040789705611381614","2926.00000","926.00000"
"158542540","Толмачёво","1","0.20571707116964194","0.040157013926289786","41237.00000","39237.00000"
"1193733564","Толмачёво","2","0.28497523632082006","0.006260274207732901","17958.00000","15958.00000"
"911431353","Домодедово","4","0.25843354084773723","0.0035559797073210567","27774.00000","25774.00000"
"1041937970","Толмачёво","3","0.2008318732992621","0.0232409546543355","7865.00000","5865.00000"
"1035952177","Толмачёво","2","0.19963616620737668","0.039527416406349894","5086.00000","3086.00000"
"894988627","Толмачёво","1","0.26766277589015297","0.004151612436904831","6398.00000","4398.00000"
"1222341574","Домодедово","1","0.2354815707276341","0.0527328117506034","12291.00000","10291.00000"
"1192125059","Толмачёво","2","0.2563939573114247","0.025314248843766738","15235.00000","13235.00000"
"1208614046","Толмачёво","1","0.21081600397107142","0.11006826365645257","11214.00000","9214.00000"
"1030617222","Толмачёво","1","0.19060806084415496","0.13706091329505118","6044.00000","4044.00000"
"397541136","Толмачёво","2","0.2398974585352319","0.004895893097779808","6907.00000","4907.00000"
"1034944757","Домодедово","2","0.17385266222795479","0.04130445585429068","22639.00000","20639.00000"
"756385356","Толмачёво","1","0.15059636885894956","0.044664257537684826","45512.00000","43512.00000"
"316337519","Толмачёво","2","0.26571302941545233","0.011290237329013438","40870.00000","38870.00000"
"1072503086","Толмачёво","2","0.20599559558937272","0.07843237595392252","17323.00000","15323.00000"
"212344328","Толмачёво","1","0.19817830064636208","0.01841905329365035","31561.00000","29561.00000"
"1035286337","Домодедово","1","0.1993522511511143","0.03122391020652662","15244.00000","13244.00000"
"1041234823","Толмачёво","3","0.276181811130045","0.03227942265791283","15857.00000","13857.00000"
"1057592157","Домодедово","3","0.21931685467548057","0.10991655212918552","4014.00000","2014.00000"
"510225851","Домодедово","3","0.2630653664435584","0.01750419214046588","17261.00000","15261.00000"
"354807014","Домодедово","1","0.2085714760974773","0.014963065940991676","55917.00000","53917.00000"
"1129310042","Толмачёво","2","0.3567733559522809","0.031833625911202756","10051.00000","8051.00000"
"563225410","Толмачёво","2","0.28774662422449526","0.0635892811257531","5462.00000","3462.00000"
"1045930080","Толмачёво","1","0.25260490390608814","0.003279858363034188","11955.00000","9955.00000"
"1188861613","Домодедово","2","0.1724198713073836","0.008836515157376618","14041.00000","12041.00000"
"340836266","Толмачёво","1","0.0977522092806161","0.021575842598735333","65986.00000","63986.00000"
"1218958759","Толмачёво","3","0.22993860379401546","0.015552778815343666","12558.00000","10558.00000"
"320803762","Домодедово","2","0.2807938381238599","0.006133125129404611","36284.00000","34284.00000"
"758351760","Домодедово","1","0.10245200066224479","0.1303472410314318","8959.00000","6959.00000"
"558172260","Толмачёво","3","0.2565773448710472","0.005005934445498807","44175.00000","42175.00000"
"940396394","Домодедово","2","0.11571413110972988","0.07262197667162532","28644.00000","26644.00000"
"136561385","Домодедово","4","0.18739640952009848","0.02450948084972633","28933.00000","26933.00000"
"728977417","Домодедово","3","0.33665179075731183","0.021701037464583846","30521.00000","28521.00000"
"1223966691","Домодедово","1","0.1812465444322452","0.12388999525669922","3677.00000","1677.00000"
"1209523072","Домодедово","3","0.3043196662308699","0.011435519604964948","3198.00000","1198.00000"
"529814260","Домодедово","2","0.19440986549824846","0.08721299139523045","17921.00000","15921.00000"
"938712071","Толмачёво","1","0.23639758611798845","0.04150597015553841","23186.00000","21186.00000"
"809927841","Домодедово","3","0.25849590116355126","0.06106145272327464","2795.00000","795.00000"
"1209492189","Толмачёво","1","0.3453835295493981","0.020143691919345286","9237.00000","7237.00000"
"860151409","Домодедово","1","0.35463935522878703","0.014305053879162007","24604.00000","22604.00000"
"378804012","Толмачёво","2","0.2885807613965397","0.015308568637112267","2840.00000","840.00000"
"163627155","Домодедово","2","0.2616317345749925","0.011855194037655012","15514.00000","13514.00000"
"365199832","Домодедово","2","0.3074192052148111","0.01183763653718355","5270.00000","3270.00000"
"623586640","Толмачёво","1","0.11230670862255011","0.0852840641846477","16582.00000","14582.00000"
"1033089333","Толмачёво","4","0.19116729792452494","0.08358935627995547","9766.00000","7766.00000"
"783685255","Толмачёво","1","0.23797801206089697","0.024189611229254778","24945.00000","22945.00000"
"271602959","Толмачёво","1","0.06462447316737546","0.18412294557005288","6107.00000","4107.00000"
"310852212","Домодедово","3","0.26224040094445933","0.0037843874492557435","26805.00000","24805.00000"
"1036918496","Домодедово","1","0.18773536733564225","0.018667334658991033","23604.00000","21604.00000"
"111144373","Домодедово","1","0.16434192031829653","0.004969574033095933","61656.00000","59656.00000"
"403158038","Толмачёво","4","0.2697193094399464","0.004728716780892829","10765.00000","8765.00000"
"1219122517","Домодедово","1","0.19144975356119168","0.05947756174118555","25712.00000","23712.00000"
"1209481799","Толмачёво","1","0.25278469491819816","0.017608742440111895","21309.00000","19309.00000"
"1327971800","Толмачёво","2","0.25366359995076077","0.01925928863521002","4926.00000","2926.00000"
"427161470","Домодедово","3","0.25835445289568637","0.0033735836351262254","36659.00000","34659.00000"
"259183616","Домодедово","1","0.23102559261279526","0.00282729786114574","19252.00000","17252.00000"
"998111986","Толмачёво","1","0.15640490326193193","0.08330589655788845","22384.00000","20384.00000"
"800507125","Толмачёво","2","0.2124081819903388","0.023396349585451885","36584.00000","34584.00000"
"1216392242","Толмачёво","1","0.25267091837397826","0.048785623711447235","11271.00000","9271.00000"
"1217279294","Толмачёво","1","0.28265193954564816","0.008380965869373388","12495.00000","10495.00000"
"974505341","Толмачёво","1","0.28574553744790737","0.005974495019625042","16656.00000","14656.00000"
"1217400802","Домодедово","2","0.21901194508201008","0.05565388782091351","6094.00000","4094.00000"
"588351723","Толмачёво","2","0.2489744148788601","0.05525449583895256","6315.00000","4315.00000"
"352484317","Толмачёво","1","0.19730507160673555","0.06428803822898699","5319.00000","3319.00000"
"590145219","Домодедово","1","0.044785505090199","0.16733612255511604","4199.00000","2199.00000"
"898652830","Толмачёво","1","0.2478959858586013","0.016589519180129984","22660.00000","20660.00000"
"1148833412","Толмачёво","2","0.08256932696043659","0.09894076623971303","12657.00000","10657.00000"
"1210312470","Домодедово","2","0.2535288058688228","0.013584761347214718","8330.00000","6330.00000"
"1215910441","Домодедово","2","0.21216040247709214","0.06447115738596305","2592.00000","592.00000"
"893261579","Домодедово","3","0.267215610331575","0.04336556781157743","11755.00000","9755.00000"
"425191938","Домодедово","1","0.16854660250171152","0.007702699853142296","62626.00000","60626.00000"
"1221173084","Толмачёво","2","0.2306010426039306","0.048398325010832896","2007.00000","7.00000"
"247337191","Домодедово","1","0.0757748043937548","0.0961504138775451","15443.00000","13443.00000"
"151095535","Толмачёво","3","0.20122150867982433","0.008096190480523223","41009.00000","39009.00000"
"866021192","Домодедово","2","0.29376897269184143","0.09164931154874575","8536.00000","6536.00000"
"1049440915","Толмачёво","1","0.29452658400764264","0.008056905792974111","11959.00000","9959.00000"
"368326883","Толмачёво","2","0.1150945145517044","0.07142010380840072","25228.00000","23228.00000"
"1211520674","Домодедово","1","0.24802902978504363","0.07968604159501365","6723.00000","4723.00000"
"905659444","Толмачёво","2","0.24624078055377954","0.010200310811722743","15056.00000","13056.00000"
"1216184814","Домодедово","1","0.16446610114968518","0.05067997149299576","19563.00000","17563.00000"
"756125603","Толмачёво","1","0.22309312773596815","0.00625151152462442","27560.00000","25560.00000"
"1201735641","Толмачёво","3","0.27505772206204293","0.033915514433620224","22876.00000","20876.00000"
"1327960871","Толмачёво","1","0.26812096883044884","0.024495498377327375","19904.00000","17904.00000"
"307701626","Толмачёво","2","0.1867972689498605","0.021123654817493655","41853.00000","39853.00000"
"1206341976","Домодедово","1","0.32067258275746124","0.013052066693626064","7675.00000","5675.00000"
"778918288","Толмачёво","2","0.24895529725370863","0.03556082299015375","6146.00000","4146.00000"
"1099604489","Толмачёво","1","0.04375453756113746","0.2119516765617059","5980.00000","3980.00000"
"1217231392","Толмачёво","2","0.3036777069468941","0.025415604649427943","8383.00000","6383.00000"
"1212303499","Домодедово","1","0.1970415062878266","0.01120358469571668","42479.00000","40479.00000"
"761351443","Домодедово","1","0.14292125493548943","0.09752009134439352","16341.00000","14341.00000"
"507300299","Домодедово","2","0.20164880220557174","0.0219745413527241","26706.00000","24706.00000"
"1216626796","Домодедово","1","0.12817392712810668","0.12403753597097644","14215.00000","12215.00000"
"1206146447","Толмачёво","1","0.23451063982756007","0.11739663433236956","5903.00000","3903.00000"
"763267762","Домодедово","3","0.2505697571875757","0.021320736988967155","40870.00000","38870.00000"
"1211483170","Домодедово","2","0.25695843400680213","0.05299517509458824","7640.00000","5640.00000"
"231933255","Домодедово","2","0.2388280822335376","0.038016640313800254","5598.00000","3598.00000"
"901592939","Домодедово","1","0.21378763612093918","0.06862813527117427","12465.00000","10465.00000"
"1208448761","Домодедово","1","0.22122365763898785","0.029542365973317747","28887.00000","26887.00000"
"1210042410","Толмачёво","1","0.2012019042903411","0.015728590604096385","51858.00000","49858.00000"
"1226092209","Домодедово","2","0.21744509304026452","0.029405222387477333","8879.00000","6879.00000"
"1202091269","Домодедово","1","0.31958047890764474","0.012734081425598707","21975.00000","19975.00000"
"1219271798","Домодедово","2","0.2568159770005825","0.021565027097046007","26794.00000","24794.00000"
"1204890960","Домодедово","1","0.15961361297568227","0.06237691886971119","15562.00000","13562.00000"
"1211652344","Домодедово","2","0.26454996561916005","0.013535697921232093","16982.00000","14982.00000"
"899751958","Толмачёво","1","0.30394413275802545","0.10995193282488949","2227.00000","227.00000"
"644149047","Толмачёво","3","0.33566837766092794","0.01194216731542351","2867.00000","867.00000"
"1215219327","Толмачёво","1","0.1878261169425105","0.011907882540605257","38236.00000","36236.00000"
"740033483","Толмачёво","3","0.25362990866164176","0.01878890635633409","20652.00000","18652.00000"
"600788904","Домодедово","4","0.2230364202346449","0.011235499617545245","3968.00000","1968.00000"
"1232454104","Домодедово","1","0.29490177392897465","0.04891987165581339","3606.00000","1606.00000"
"1212169159","Толмачёво","1","0.10970078949969284","0.12653452244729668","9573.00000","7573.00000"
"1215888599","Домодедово","3","0.26529640783156866","0.029751721910057757","17082.00000","15082.00000"
"1033523259","Толмачёво","2","0.2243523969296794","0.01674216274886809","24558.00000","22558.00000"
"1053377803","Толмачёво","3","0.35596823100458824","0.023466498279691342","11193.00000","9193.00000"
"782487207","Толмачёво","1","0.16527926110271515","0.1034299918855486","12563.00000","10563.00000"
"1068169669","Домодедово","2","0.2178147897476889","0.002216396949924242","55210.00000","53210.00000"
"726478579","Толмачёво","3","0.26354565991848816","0.01986585350307116","3347.00000","1347.00000"
"1207785955","Толмачёво","4","0.18616325735523173","0.027898588052076595","37848.00000","35848.00000"
"701240326","Домодедово","3","0.08343593171119669","0.13531045711796294","7390.00000","5390.00000"
"314304021","Толмачёво","1","0.14357071140333644","0.023589701549869786","24407.00000","22407.00000"
"1044490171","Толмачёво","4","0.2805332110336193","0.010250972162951328","43397.00000","41397.00000"
"1219083394","Домодедово","1","0.18452145978910303","0.021323725920210673","25326.00000","23326.00000"
"610503405","Домодедово","1","0.2039495691270838","0.004725046742559899","58391.00000","56391.00000"
"1191996697","Толмачёво","2","0.19788463319213845","0.046272367505575666","8949.00000","6949.00000"
"1161120062","Толмачёво","2","0.2331454726493774","0.023948222406033868","55846.00000","53846.00000"
"137777508","Домодедово","2","0.1127792308768085","0.013323757165876133","88223.00000","86223.00000"
"961921038","Домодедово","2","0.23702262720544","0.029464075963935764","22414.00000","20414.00000"
"1033454324","Домодедово","2","0.30490011920056137","0.008800880991750493","38875.00000","36875.00000"
"1215933811","Домодедово","2","0.17901981174619166","0.04378142570286933","21316.00000","19316.00000"
"728972447","Домодедово","1","0.2858833104776579","0.038416126634165035","2106.00000","106.00000"
"1003717647","Толмачёво","2","0.13322314110695452","0.10170811503285179","3479.00000","1479.00000"
"601169971","Толмачёво","2","0.2433775454470063","0.03534802873995109","33544.00000","31544.00000"
"1211165748","Домодедово","1","0.1363282844448723","0.12460187138871294","8469.00000","6469.00000"
"902212504","Домодедово","1","0.19928445837375292","0.06436727387754682","2624.00000","624.00000"
"1225677300","Домодедово","3","0.2704494873086526","0.004370106406789802","3003.00000","1003.00000"
"1223574002","Домодедово","2","0.18018417502919534","0.035844385367745694","9970.00000","7970.00000"
"1212693066","Домодедово","2","0.20578340643592735","0.061736996125805896","17682.00000","15682.00000"
"1041729190","Домодедово","3","0.22939965016009028","0.009765871938683984","9136.00000","7136.00000"
"1210904630","Толмачёво","4","0.22577003032903592","0.019696572650032582","19565.00000","17565.00000"
"1218863542","Толмачёво","1","0.21211035761552266","0.00921514373620558","7231.00000","5231.00000"
"1204145377","Домодедово","1","0.16420809386356208","0.16525273134407387","4160.00000","2160.00000"
"1070121578","Домодедово","3","0.16018017431350823","0.030448937014319312","33518.00000","31518.00000"
"536978936","Домодедово","1","0.25295608467071246","0.015779764116901615","26677.00000","24677.00000"
"1079767747","Домодедово","2","0.18615859233015877","0.018415395738098864","23423.00000","21423.00000"
"600936269","Домодедово","2","0.1864690184532505","0.014562594788769914","59742.00000","57742.00000"
"564183688","Домодедово","2","0.1361356779200842","0.01731106084519937","56996.00000","54996.00000"
"821284709","Толмачёво","3","0.21452082259723745","0.029081897878810232","3749.00000","1749.00000"
"1033860794","Домодедово","2","0.25783264843167897","0.029430242826177004","7957.00000","5957.00000"
"324106401","Домодедово","1","0.22069621199700099","0.025186465876720267","17687.00000","15687.00000"
"1213760072","Домодедово","1","0.07202806263959773","0.1625397395228811","11143.00000","9143.00000"
"1033360001","Домодедово","2","0.23293865100906305","0.01788493166560545","14415.00000","12415.00000"
"1028800666","Толмачёво","1","0.24484685910384577","0.14857477018772344","5235.00000","3235.00000"
"1213785890","Домодедово","2","0.22215588245159032","0.04151636439428423","2140.00000","140.00000"
"1221699871","Домодедово","1","0.14803391345599487","0.16084595257789383","2750.00000","750.00000"
"1222838662","Домодедово","2","0.20608681784029223","0.0264641526096399","9529.00000","7529.00000"
"1210463469","Домодедово","1","0.15667037523124627","0.08060609956720508","14816.00000","12816.00000"
"973999340","Домодедово","2","0.0815824780580911","0.10808033621639047","14957.00000","12957.00000"
"1199100492","Толмачёво","3","0.2643917793014274","0.056472465905130186","2900.00000","900.00000"
"81195895","Домодедово","1","0.2926322351663528","0.04725780788868134","2178.00000","178.00000"
"1040007271","Толмачёво","1","0.18957940170825455","0.0754459361604395","5111.00000","3111.00000"
"429180901","Толмачёво","3","0.17390505126409406","0.04661560884132102","10917.00000","8917.00000"
"430253477","Домодедово","1","0.15917134156866034","0.05921619384392936","24888.00000","22888.00000"
"1221544891","Домодедово","2","0.20588253972167683","0.01580346621671612","16344.00000","14344.00000"
"1220366828","Толмачёво","2","0.1612625869593244","0.021031191841880584","16435.00000","14435.00000"
"1038949404","Толмачёво","1","0.16388357516069166","0.028537375796584014","39127.00000","37127.00000"
"252055102","Толмачёво","4","0.19140683405762385","0.018841712717686334","20645.00000","18645.00000"
"1211175230","Домодедово","1","0.2149735764604961","0.008891207499226039","33308.00000","31308.00000"
"1217757017","Толмачёво","1","0.13698764488576237","0.08771602769963792","23159.00000","21159.00000"
"1023058797","Домодедово","1","0.3071295589437208","0.006244827742271229","26537.00000","24537.00000"
"279739112","Толмачёво","1","0.16927928037603865","0.022613603569263285","45004.00000","43004.00000"
"1045889804","Домодедово","1","0.17334852171796317","0.07595343574205472","12037.00000","10037.00000"
"1190503988","Толмачёво","2","0.2085869826034473","0.008116607813042138","36843.00000","34843.00000"
"943814808","Домодедово","1","0.24823311593254158","0.004997102367516419","10596.00000","8596.00000"
"352182401","Толмачёво","1","0.2691309625400018","0.008926959934005923","14063.00000","12063.00000"
"525734340","Толмачёво","3","0.2955633068504165","0.00443217422947714","21179.00000","19179.00000"
"1213882156","Толмачёво","2","0.23898089145022156","0.010687925111240566","8986.00000","6986.00000"
"1217235590","Толмачёво","1","0.18051984636821078","0.040427492319676434","10646.00000","8646.00000"
"334071010","Домодедово","3","0.2525449892247955","0.01739429555847796","29051.00000","27051.00000"
"741041198","Толмачёво","1","0.13692676676559892","0.02829781504353042","90879.00000","88879.00000"
"756960417","Домодедово","2","0.13659386904492196","0.01807371959055642","29284.00000","27284.00000"
"1218175753","Толмачёво","1","0.19656887884610577","0.03916962780141218","5841.00000","3841.00000"
"1211342879","Домодедово","2","0.290915662165473","0.004721519934742658","5137.00000","3137.00000"
"207414217","Толмачёво","2","0.41587883883597654","0.0071655112216023375","3258.00000","1258.00000"
"539622823","Толмачёво","2","0.1969291791529401","0.026266689336537932","18903.00000","16903.00000"
"1153591836","Домодедово","2","0.2726270684345893","0.015058487373429949","12835.00000","10835.00000"
"582424910","Толмачёво","2","0.22733136062962236","0.04817928886583693","11939.00000","9939.00000"
"1200904420","Толмачёво","1","0.17813491264281725","0.11853304797361613","4832.00000","2832.00000"
"799731763","Домодедово","1","0.19194049789672377","0.13143558620919346","3213.00000","1213.00000"
"222306498","Толмачёво","5","0.14773357318581906","0.007750884242550245","16817.00000","14817.00000"
"321562749","Домодедово","4","0.18939446722978467","0.017089373595321884","39894.00000","37894.00000"
"703420775","Домодедово","2","0.23879797953426599","0.015531145230081698","12620.00000","10620.00000"
"1037523155","Толмачёво","1","0.2102611643982024","0.007138025317509011","2876.00000","876.00000"
"1221275225","Домодедово","1","0.13015915969791025","0.06905255449340733","13937.00000","11937.00000"
"345950026","Толмачёво","2","0.24053863312389362","0.016336521839634126","14294.00000","12294.00000"
"861576826","Толмачёво","1","0.19624527835148972","0.008199252785010953","37548.00000","35548.00000"
"1202224908","Домодедово","1","0.17854089890153282","0.08559613205794245","17172.00000","15172.00000"
"1203346729","Домодедово","2","0.17463451301519356","0.04757831365158909","27616.00000","25616.00000"
"1206169701","Домодедово","1","0.24243995345420993","0.08614705316487463","2591.00000","591.00000"
"1214330415","Домодедово","1","0.18744586318323742","0.08172375411127387","6676.00000","4676.00000"
"371450160","Толмачёво","2","0.09230070805199413","0.016540863953543528","121590.00000","119590.00000"
"637652989","Домодедово","1","0.21770259815684606","0.009546408056180929","48173.00000","46173.00000"
"1222220400","Домодедово","2","0.24335019011195072","0.02428029246639276","12958.00000","10958.00000"
"384564092","Домодедово","2","0.2955680247063083","0.0019735127549750675","26297.00000","24297.00000"
"1043408132","Домодедово","2","0.24263030896797913","0.015800706096964955","22186.00000","20186.00000"
"1068614675","Толмачёво","2","0.16701103995464298","0.03836688510043407","14892.00000","12892.00000"
"1327926849","Толмачёво","1","0.14217322624379586","0.005496668876933111","33065.00000","31065.00000"
"1217762802","Домодедово","1","0.19818745203480723","0.03516996207425467","20796.00000","18796.00000"
"1046713670","Толмачёво","2","0.26026582940927917","0.01400838254989705","9910.00000","7910.00000"
"748226025","Домодедово","2","0.2320632974518352","0.03776155128676332","17494.00000","15494.00000"
"1211253548","Толмачёво","2","0.21919816832523495","0.027601320926524377","17549.00000","15549.00000"
"1218228315","Толмачёво","2","0.26590046800436085","0.018156919671395187","9131.00000","7131.00000"
"1045986253","Домодедово","2","0.3075390255117557","0.0018147626173484629","4634.00000","2634.00000"
"1214449285","Домодедово","1","0.17969408993668487","0.015871351449085448","24184.00000","22184.00000"
"1221412859","Домодедово","2","0.28056449743162204","0.009912127533436756","9145.00000","7145.00000"
"430738049","Толмачёво","1","0.1449655594541657","0.05528119834729375","20567.00000","18567.00000"
"1218222772","Толмачёво","2","0.23273837174483236","0.024988089043813708","6102.00000","4102.00000"
"1223872947","Домодедово","1","0.2478940397018543","0.016946405896718336","9976.00000","7976.00000"
"1218823521","Домодедово","1","0.2583227035010561","0.01682997225721634","12673.00000","10673.00000"
"806996459","Толмачёво","1","0.21521958727503682","0.07026397872399645","18307.00000","16307.00000"
"137617965","Толмачёво","5","0.1759861137344717","0.009932999803390751","28599.00000","26599.00000"
"538334998","Толмачёво","1","0.056341332944064126","0.08794175539328891","61394.00000","59394.00000"
"603767544","Домодедово","1","0.24777973161059821","0.007380263752001083","42371.00000","40371.00000"
"1215370861","Домодедово","3","0.1801939522237828","0.01569619176391716","15466.00000","13466.00000"
"1019446243","Толмачёво","1","0.3038607556859351","0.06940306900560032","12886.00000","10886.00000"
"314613371","Толмачёво","1","0.15176572153864606","0.11259386545457375","7685.00000","5685.00000"
"1215772360","Толмачёво","2","0.3094746707800768","0.041850679249961505","2460.00000","460.00000"
"1223918801","Толмачёво","1","0.2305050458302234","0.06983636732333397","6106.00000","4106.00000"
"1205873717","Домодедово","3","0.168494079478164","0.11904073225413471","11327.00000","9327.00000"
"892994820","Толмачёво","3","0.15217611928883357","0.04885427767541821","17563.00000","15563.00000"
"520813289","Домодедово","2","0.19668615873067954","0.010113214993048642","19599.00000","17599.00000"
"1221658284","Толмачёво","2","0.22208836661610384","0.02821831551163777","8628.00000","6628.00000"
"802150989","Толмачёво","2","0.18284446924752082","0.050433353557303384","26455.00000","24455.00000"
"1220584235","Толмачёво","2","0.1973910763208638","0.07485295144583566","7261.00000","5261.00000"
"318409301","Домодедово","3","0.14167265719185354","0.020031250516845647","52782.00000","50782.00000"
"665967668","Домодедово","1","0.2524876512664586","0.0030758430734383205","31939.00000","29939.00000"
"591618923","Домодедово","2","0.2382805345832912","0.011544077425779373","19654.00000","17654.00000"
"1216183367","Домодедово","1","0.20692568848068155","0.026757440248830956","15892.00000","13892.00000"
"1218021679","Толмачёво","1","0.20154535933344317","0.07951960231736921","3092.00000","1092.00000"
"346821368","Толмачёво","3","0.1698242165534145","0.03298086761855866","20324.00000","18324.00000"
"1209928558","Домодедово","2","0.24163789605306094","0.013586082047380496","2021.00000","21.00000"
"1194181223","Толмачёво","2","0.1497007423300683","0.017616869798944362","45884.00000","43884.00000"
"430191216","Толмачёво","4","0.29115630865657566","0.0176090352678541","30119.00000","28119.00000"
"1219807966","Домодедово","2","0.2298218615572779","0.03157285039671795","4283.00000","2283.00000"
"1222938328","Домодедово","2","0.19016171124240625","0.03424292143874938","12355.00000","10355.00000"
"258889958","Толмачёво","1","0.11979181033059388","0.24784656238690547","4246.00000","2246.00000"
"256753183","Толмачёво","2","0.2726469734946696","0.010868070488293762","17907.00000","15907.00000"
"564874760","Толмачёво","2","0.24188820091375593","0.017363550362504292","16270.00000","14270.00000"
"665900153","Домодедово","2","0.21121499994777113","0.023493530982219193","28977.00000","26977.00000"
"1219768887","Домодедово","1","0.2284862030623816","0.09459438757715037","2552.00000","552.00000"
"269965475","Домодедово","1","0.2443769626390073","0.004680967597673465","21232.00000","19232.00000"
"1205691373","Толмачёво","2","0.3399889996247723","0.013836386418647092","17153.00000","15153.00000"
"612057604","Домодедово","4","0.2161650237580229","0.020031309968882197","29921.00000","27921.00000"
"938726033","Домодедово","1","0.06129503479462138","0.06853901044934194","32589.00000","30589.00000"
"604018143","Домодедово","1","0.148134989278997","0.018646682338219284","74352.00000","72352.00000"
"1223583626","Домодедово","1","0.19933152166200926","0.061274471861324536","7025.00000","5025.00000"
"1208206734","Домодедово","2","0.24954112608216528","0.004561737549207368","21245.00000","19245.00000"
"1200957592","Домодедово","1","0.19682721881040144","0.06713070346566659","14585.00000","12585.00000"
"278711497","Домодедово","1","0.35550061351784334","0.017349356960898486","7372.00000","5372.00000"
"373476662","Домодедово","2","0.15223076812236813","0.07449510577180331","15576.00000","13576.00000"
"1217238224","Толмачёво","1","0.11956461433626665","0.18807488623596239","3881.00000","1881.00000"
"687989524","Домодедово","2","0.2793935267449569","0.03940467271764256","15765.00000","13765.00000"
"1029182598","Домодедово","2","0.25402483930079206","0.00948474880439152","38946.00000","36946.00000"
"1206750440","Домодедово","2","0.20856870927941557","0.015105152050111302","44501.00000","42501.00000"
"1203969978","Толмачёво","1","0.1520275949092871","0.02356605270532464","25758.00000","23758.00000"
"1221665341","Домодедово","1","0.17819083775860117","0.14263285371943954","2337.00000","337.00000"
"909334569","Толмачёво","4","0.29417340043187606","0.07848060236290196","3491.00000","1491.00000"
"1142461283","Толмачёво","2","0.23185408415010228","0.04978789213229409","5635.00000","3635.00000"
"238594982","Толмачёво","2","0.19725146102500593","0.035550166542862464","44629.00000","42629.00000"
"787158913","Домодедово","4","0.290857089072031","0.0026100272365264274","7218.00000","5218.00000"
"1027242483","Домодедово","3","0.28141626446953444","0.01352475106868016","20849.00000","18849.00000"
"1197691463","Толмачёво","3","0.2734250080138742","0.014881728233522563","7716.00000","5716.00000"
"759228671","Домодедово","3","0.18980769762389813","0.008736698694363875","68945.00000","66945.00000"
"1215996053","Домодедово","1","0.2764264951425146","0.06278317148856469","2462.00000","462.00000"
"1196470350","Толмачёво","3","0.22427865657446297","0.0077106460132886755","11221.00000","9221.00000"
"1173089547","Толмачёво","2","0.27992169916141596","0.004499789004662407","7412.00000","5412.00000"
"553773764","Толмачёво","2","0.12160964200729091","0.011087804300810657","62275.00000","60275.00000"
"678964582","Толмачёво","5","0.2177877230413585","0.015229166877385951","40429.00000","38429.00000"
"1225446586","Домодедово","1","0.22477624900794882","0.06355027145969948","13305.00000","11305.00000"
"1029699848","Толмачёво","2","0.24737058837097764","0.005816650589695926","7075.00000","5075.00000"
"369741216","Толмачёво","3","0.21838828150999712","0.07316830302324936","15135.00000","13135.00000"
"1033221596","Домодедово","2","0.21263873211296766","0.04430492161494957","32815.00000","30815.00000"
"1224425721","Домодедово","1","0.11209968558151297","0.19404328515541502","3975.00000","1975.00000"
"1214685201","Домодедово","2","0.21841455669124","0.02485715100661132","45746.00000","43746.00000"
"1148575044","Толмачёво","1","0.2753454007354602","0.011578220689787247","12126.00000","10126.00000"
"1032732143","Домодедово","2","0.1704720664444191","0.08224603255003794","12381.00000","10381.00000"
"539609745","Домодедово","2","0.2974314421584389","0.022643176521286317","27939.00000","25939.00000"
"1208456035","Толмачёво","1","0.2153438340497025","0.10511452515396759","4479.00000","2479.00000"
"1054334966","Домодедово","1","0.2063400557585488","0.04448472632871467","5002.00000","3002.00000"
"999323642","Домодедово","3","0.2852241908207119","0.012302584335649621","4153.00000","2153.00000"
"392429659","Толмачёво","2","0.1958101767085231","0.024801328647969408","39929.00000","37929.00000"
"1213904042","Домодедово","2","0.187431619241314","0.095373321850745","7362.00000","5362.00000"
"1025603772","Толмачёво","2","0.26199130754601324","0.009636991420373246","48254.00000","46254.00000"
"1209052238","Домодедово","1","0.15505300100380734","0.012692559624935866","83683.00000","81683.00000"
"1213276621","Домодедово","2","0.23336471912852394","0.009413982731823043","22971.00000","20971.00000"
"315227553","Домодедово","3","0.5321522657502782","0.022288811338485356","4967.00000","2967.00000"
"860905","Толмачёво","1","0.24713758769648517","0.0024740877008420257","5911.00000","3911.00000"
"588849848","Толмачёво","2","0.2928794637281941","0.004427636995152156","19343.00000","17343.00000"
"1220239689","Толмачёво","2","0.1783509325242427","0.013907067720226396","26615.00000","24615.00000"
"898873821","Домодедово","2","0.33417279927952925","0.026843593746120595","3892.00000","1892.00000"
"275560915","Домодедово","1","0.32845670030249","0.012817455768186038","14861.00000","12861.00000"
"1202831861","Толмачёво","1","0.1833082327535154","0.029372903961365094","9818.00000","7818.00000"
"993232664","Толмачёво","1","0.14787551219378578","0.02772721423902588","2360.00000","360.00000"
"1213181000","Домодедово","1","0.18148907809906115","0.05912953829174459","22282.00000","20282.00000"
"1217144566","Домодедово","1","0.17874229501375336","0.035893472457723986","21607.00000","19607.00000"
"1029204846","Домодедово","2","0.2644628959152394","0.02548363730184488","6817.00000","4817.00000"
"797788241","Домодедово","3","0.09289973792172077","0.03481035665049937","95774.00000","93774.00000"
"893808743","Домодедово","1","0.180376050412379","0.14202453746238936","3277.00000","1277.00000"
"1204825977","Толмачёво","3","0.22441053673396252","0.025722286646214072","3430.00000","1430.00000"
"732353860","Толмачёво","3","0.15208937528242836","0.07034426004489075","40453.00000","38453.00000"
"517956546","Толмачёво","2","0.25976124518600413","0.0016942703942214028","20712.00000","18712.00000"
"975911617","Толмачёво","2","0.22492653600357607","0.010482568002457938","41583.00000","39583.00000"
"1327542415","Толмачёво","2","0.13762092800353534","0.029020581441502644","17049.00000","15049.00000"
"1185391440","Домодедово","3","0.27004633368588715","0.016280562318742944","21274.00000","19274.00000"
"1222606882","Толмачёво","3","0.21703551279957392","0.04096361136108315","29613.00000","27613.00000"
"234011358","Толмачёво","2","0.2240731655212292","0.05888903562981499","13125.00000","11125.00000"
"504826621","Домодедово","2","0.15385978339244707","0.17595986279089262","3241.00000","1241.00000"
"1208961463","Домодедово","1","0.18174361474959422","0.16823839907193258","4771.00000","2771.00000"
"1214891499","Домодедово","1","0.3013507613902886","0.06971810840333162","6479.00000","4479.00000"
"601580347","Домодедово","1","0.2050507668552798","0.061402059996168636","24833.00000","22833.00000"
"1200464966","Домодедово","1","0.19504921176927084","0.12375284483134424","4924.00000","2924.00000"
"1060399499","Домодедово","2","0.16256915028060354","0.020542593738577437","63599.00000","61599.00000"
"857701764","Толмачёво","2","0.1900185054002329","0.05547218076868351","10970.00000","8970.00000"
"1065324506","Толмачёво","2","0.3230706660561817","0.04335301839007556","7628.00000","5628.00000"
"1210120365","Толмачёво","1","0.18596710194269123","0.02749893013813243","21740.00000","19740.00000"
"1215828171","Толмачёво","1","0.233572035230107","0.01416865246018923","32304.00000","30304.00000"
"587032403","Толмачёво","3","0.25661182904863483","0.010236694383727603","45570.00000","43570.00000"
"1211698392","Толмачёво","2","0.16901194592621357","0.055958459494268704","11614.00000","9614.00000"
"782718845","Домодедово","4","0.18428618368036226","0.0042118293468881955","14734.00000","12734.00000"
"1099010837","Толмачёво","3","0.21512166596784002","0.029216651851699183","48895.00000","46895.00000"
"624529388","Домодедово","1","0.2266461912154372","0.01233128875105476","25837.00000","23837.00000"
"1206226320","Домодедово","3","0.21479492578805973","0.04080603020457273","12650.00000","10650.00000"
"1215026339","Домодедово","2","0.23972033198618414","0.02309890344501816","7308.00000","5308.00000"
"1030393159","Толмачёво","1","0.18131110763434077","0.09702850309222721","6335.00000","4335.00000"
"1221255800","Домодедово","1","0.1849754166817285","0.016942186948094174","21698.00000","19698.00000"
"1042399701","Домодедово","2","0.2594372714189327","0.010765578077203459","9896.00000","7896.00000"
"121710812","Домодедово","1","0.24203681160427767","0.00763419384266454","48058.00000","46058.00000"
"1213643236","Домодедово","1","0.1620870161192379","0.015280170046721069","9408.00000","7408.00000"
"750918307","Толмачёво","2","0.2058980205877798","0.04843822889136976","8391.00000","6391.00000"
"1063016451","Домодедово","3","0.18561890523526814","0.04663040583638631","27408.00000","25408.00000"
"1209197891","Толмачёво","2","0.26988613807042183","0.028402182807861782","9103.00000","7103.00000"
"1213504497","Домодедово","1","0.1778360621480718","0.05774620690521907","13832.00000","11832.00000"
"1199586938","Толмачёво","1","0.262110850659529","0.028684629327973495","8802.00000","6802.00000"
"771658347","Толмачёво","2","0.1700780768914756","0.1099982893261891","6411.00000","4411.00000"
"760733546","Домодедово","1","0.20473924408966046","0.05610280205809772","12905.00000","10905.00000"
"1218673878","Домодедово","1","0.18112014461522694","0.17842768370251536","3838.00000","1838.00000"
"328789837","Толмачёво","3","0.25577559512475456","0.01649154057976514","11410.00000","9410.00000"
"1213342343","Толмачёво","1","0.25731916917285336","0.008665492901543993","18141.00000","16141.00000"
"1217277623","Домодедово","2","0.2510191687058413","0.005942516987675821","24013.00000","22013.00000"
"362043824","Толмачёво","4","0.17811928640975144","0.014330164316968375","13354.00000","11354.00000"
"1040695978","Толмачёво","2","0.26570868026111505","0.006766700934709052","19028.00000","17028.00000"
"618694198","Домодедово","3","0.30271521885140834","0.017050084574133966","14837.00000","12837.00000"
"637270893","Домодедово","2","0.25588321476821924","0.013630275597890772","39070.00000","37070.00000"
"1213086140","Толмачёво","1","0.08842977120464422","0.09937102769019301","26523.00000","24523.00000"
"1327734537","Толмачёво","4","0.22561672824337803","0.06551575089061679","4473.00000","2473.00000"
"371747764","Домодедово","2","0.19345582394801553","0.0996265278338136","7026.00000","5026.00000"
"1214270913","Домодедово","1","0.23027857561480775","0.1031461384624035","5664.00000","3664.00000"
"1026041537","Толмачёво","1","0.08116639665651613","0.15945205600936574","5184.00000","3184.00000"
"126924866","Толмачёво","1","0.09001793686521935","0.06842484766247764","29818.00000","27818.00000"
"1218816988","Домодедово","1","0.28318665942643595","0.031689982521947886","4798.00000","2798.00000"
"964888022","Домодедово","3","0.31774389323817365","0.014385931151605495","28705.00000","26705.00000"
"1216834465","Домодедово","2","0.2607647475775491","0.0659057449434775","11291.00000","9291.00000"
"1029890010","Толмачёво","1","0.1954423573535933","0.017369627598500487","22552.00000","20552.00000"
"135127032","Толмачёво","2","0.13083515935101872","0.01877018945244421","39069.00000","37069.00000"
"1016165297","Толмачёво","4","0.17808619269426362","0.01426112393548596","51352.00000","49352.00000"
"1052096593","Домодедово","2","0.10738048531369715","0.06567646417830234","7611.00000","5611.00000"
"1327960993","Толмачёво","3","0.20102448168272397","0.051140186048918186","4807.00000","2807.00000"
"1031104164","Толмачёво","1","0.21568441066494132","0.09442468492117226","15813.00000","13813.00000"
"276280830","Толмачёво","1","0.19871807022114196","0.05851338913100987","8512.00000","6512.00000"
"1212685909","Домодедово","1","0.20016682608538783","0.045566934664862356","12310.00000","10310.00000"
"1205165996","Толмачёво","1","0.1708911077994391","0.012076899391909049","20548.00000","18548.00000"
"1082503195","Домодедово","2","0.14322754563713935","0.008207819080740955","34913.00000","32913.00000"
"1218039232","Толмачёво","2","0.23330469705026036","0.00906369932698301","6041.00000","4041.00000"
"368841162","Домодедово","2","0.26118410623138966","0.025950221997121724","15484.00000","13484.00000"
"1216172790","Домодедово","1","0.22419615249036018","0.03231566779529851","65986.00000","63986.00000"
"628860665","Толмачёво","1","0.1978827968813011","0.005979155176681295","32951.00000","30951.00000"
"1051034169","Толмачёво","2","0.2099408013324267","0.055816555058584995","23726.00000","21726.00000"
"1216377852","Толмачёво","2","0.21000377237418413","0.025669653145266303","8024.00000","6024.00000"
"141710006","Толмачёво","6","0.2281087359244331","0.009410023836406881","17472.00000","15472.00000"
"968325845","Домодедово","2","0.1287399704272132","0.0539132100228142","39769.00000","37769.00000"
"267868903","Толмачёво","4","0.12872373607714022","0.04601649563634117","50263.00000","48263.00000"
"621030574","Толмачёво","1","0.2295519280951812","0.04624893699067535","5109.00000","3109.00000"
"856325052","Домодедово","2","0.21143858921733372","0.015118565294744046","8514.00000","6514.00000"
"288736210","Толмачёво","2","0.18502470576736635","0.03578719978836482","47597.00000","45597.00000"
"700727922","Домодедово","3","0.17498514412443145","0.055571886178080745","3544.00000","1544.00000"
"1210523814","Толмачёво","2","0.25839465214574237","0.011283256450041742","7039.00000","5039.00000"
"799306875","Домодедово","3","0.28764172061674126","0.008444807192930875","26962.00000","24962.00000"
"1010558796","Домодедово","3","0.26651130383749805","0.02357711918720688","18110.00000","16110.00000"
"902270923","Толмачёво","2","0.31866601017166707","0.005842775558861669","22143.00000","20143.00000"
"1036853558","Домодедово","3","0.3659358542938542","0.005966414241026914","15663.00000","13663.00000"
"1032510809","Толмачёво","3","0.32699539408239","0.01196598521490647","14133.00000","12133.00000"
"1072582739","Домодедово","2","0.22066933394115718","0.0550310905407376","21924.00000","19924.00000"
"606156328","Домодедово","2","0.23150412307565832","0.010831366347230907","15558.00000","13558.00000"
"1210970341","Домодедово","3","0.2148794182893293","0.01680071830519109","32945.00000","30945.00000"
"648652372","Домодедово","1","0.09653124543159657","0.14194499913841244","3240.00000","1240.00000"
"669404111","Толмачёво","2","0.28618566521722366","0.007276711029421869","3445.00000","1445.00000"
"1215070172","Толмачёво","1","0.1697362530718082","0.06778444428345118","7047.00000","5047.00000"
"1033719154","Толмачёво","2","0.18728524511573505","0.053279441286938865","11715.00000","9715.00000"
"425871734","Толмачёво","1","0.11860781997293535","0.06341221619825382","17447.00000","15447.00000"
"863912235","Домодедово","3","0.23038176180503883","0.042949344875872174","31009.00000","29009.00000"
"1202404572","Домодедово","2","0.3370192452601018","0.017902089730430608","5512.00000","3512.00000"
"589739545","Домодедово","2","0.1846870300434265","0.00981939847637992","65482.00000","63482.00000"
"1099838663","Толмачёво","2","0.27048209029353515","0.008989636092071547","4386.00000","2386.00000"
"1216961561","Толмачёво","2","0.30384140894255507","0.07293350594366065","7359.00000","5359.00000"
"365253447","Толмачёво","3","0.14051406017132823","0.15633372504952767","5366.00000","3366.00000"
"1204253580","Домодедово","1","0.16010038190819262","0.06296596123918381","19680.00000","17680.00000"
"1215717087","Толмачёво","1","0.18842366530391755","0.10754298018159117","6956.00000","4956.00000"
"1155368378","Домодедово","2","0.2759370775506672","0.007404453606802699","4560.00000","2560.00000"
"1048061026","Толмачёво","2","0.2323235390970996","0.03754667990816506","6877.00000","4877.00000"
"368593559","Толмачёво","2","0.23002982067259925","0.03473399164662407","41038.00000","39038.00000"
"394645500","Толмачёво","2","0.223502819172025","0.01243899768640749","39359.00000","37359.00000"
"843277095","Домодедово","2","0.3071616098694775","0.007705590714931691","9647.00000","7647.00000"
"1206433961","Домодедово","2","0.21860623357612613","0.013512942926271943","15810.00000","13810.00000"
"786681294","Домодедово","2","0.25990655003290725","0.003559933240566534","19617.00000","17617.00000"
"555828905","Толмачёво","3","0.20789689899414368","0.00953162609555275","24103.00000","22103.00000"
"1222042286","Домодедово","2","0.2379620785151483","0.017469678795533745","15298.00000","13298.00000"
"705328241","Домодедово","1","0.08291364736474646","0.12726284443488958","6324.00000","4324.00000"
"286840913","Домодедово","2","0.20105046393261672","0.1430401527464099","2063.00000","63.00000"
"1208360755","Домодедово","2","0.22900352093082238","0.02770315026724533","5223.00000","3223.00000"
"1218983224","Домодедово","2","0.29825068295532753","0.015180043545973222","3448.00000","1448.00000"
"1015216771","Домодедово","2","0.1233600821209602","0.045104308522558284","4319.00000","2319.00000"
"734427386","Домодедово","2","0.2714939466928884","0.008398917712995408","3516.00000","1516.00000"
"506607949","Толмачёво","3","0.2736175391684223","0.011345037826801721","3754.00000","1754.00000"
"1081882549","Толмачёво","2","0.1137712687083544","0.020579522701538757","30447.00000","28447.00000"
"520464484","Толмачёво","3","0.22137526628096543","0.004288830177837688","8550.00000","6550.00000"
"1206923527","Домодедово","2","0.272064740782314","0.041272036722423515","11319.00000","9319.00000"
"386330991","Толмачёво","3","0.2783237171840742","0.03171430514403584","11463.00000","9463.00000"
"892663019","Толмачёво","2","0.166344027587951","0.039409723190375355","18175.00000","16175.00000"
"863395540","Толмачёво","1","0.3082733578791755","0.011802981345055549","14194.00000","12194.00000"
"940548929","Толмачёво","1","0.09356394202014849","0.23575190823403416","4037.00000","2037.00000"
"1043677496","Домодедово","1","0.21575924294615478","0.010084285712486958","15059.00000","13059.00000"
"1219599956","Толмачёво","3","0.19753886109106716","0.01759781274837419","19079.00000","17079.00000"
"760505121","Домодедово","2","0.1703446049192956","0.05496333560212593","16608.00000","14608.00000"
"135987730","Толмачёво","2","0.2436074705689516","0.010630280756277985","46369.00000","44369.00000"
"1026735879","Домодедово","3","0.24833958624166264","0.11584004465657013","4199.00000","2199.00000"
"355634261","Толмачёво","1","0.21265128911811532","0.13475753455989034","3092.00000","1092.00000"
"361155948","Толмачёво","1","0.1572531909223694","0.16850432330795648","2493.00000","493.00000"
"1148299430","Толмачёво","1","0.11807259055622434","0.18445763425705688","5663.00000","3663.00000"
"642166808","Домодедово","1","0.17931804538925972","0.11177864546410722","11157.00000","9157.00000"
"1194143211","Толмачёво","3","0.21158071096571726","0.04381486363623243","10790.00000","8790.00000"
"1051054306","Толмачёво","1","0.18066246484742512","0.02538344076406416","26817.00000","24817.00000"
"1209765062","Толмачёво","1","0.2521744438055953","0.011853782498970913","9692.00000","7692.00000"
"908391550","Толмачёво","1","0.02984197255197218","0.16437378540723854","18288.00000","16288.00000"
"368599516","Домодедово","3","0.2627139323505356","0.008697174609338153","11499.00000","9499.00000"
"217443438","Домодедово","2","0.27887800798848417","0.01793664729449767","5020.00000","3020.00000"
"380073149","Толмачёво","1","0.3058976251732548","0.021162938056968724","3815.00000","1815.00000"
"1209749326","Домодедово","1","0.23524542263134424","0.010747999473351517","4327.00000","2327.00000"
"2671002","Толмачёво","1","0.20455900814087744","0.015125311331618532","57387.00000","55387.00000"
"1221820060","Домодедово","1","0.28947410278526853","0.003197036586716419","7895.00000","5895.00000"
"1208217904","Домодедово","2","0.15995950148945867","0.09951654359484788","6042.00000","4042.00000"
"560665335","Домодедово","2","0.33778552248547267","0.030791196475349027","20856.00000","18856.00000"
"1030249855","Толмачёво","1","0.2952494862410706","0.016061557509662885","19645.00000","17645.00000"
"10489506","Домодедово","2","0.2270199718542324","0.06478260850720598","13852.00000","11852.00000"
"1217579327","Домодедово","3","0.23049546405701918","0.0394137414000355","3034.00000","1034.00000"
"395941615","Домодедово","2","0.2554404376600189","0.007011040423439811","8087.00000","6087.00000"
"1204978857","Домодедово","1","0.17513485978150584","0.052386383036442066","26721.00000","24721.00000"
"1218607954","Домодедово","1","0.2687995490647999","0.003975904434586321","2519.00000","519.00000"
"1209923306","Толмачёво","1","0.2504696875633747","0.00742648267233101","12382.00000","10382.00000"
"612664610","Толмачёво","3","0.2300095766702635","0.05657876417994897","4952.00000","2952.00000"
"943463722","Толмачёво","2","0.2330599038452662","0.041098592773798674","25876.00000","23876.00000"
"961779508","Домодедово","2","0.2168624827333529","0.04977971067859414","18487.00000","16487.00000"
"902714347","Домодедово","2","0.32540589891155075","0.030329420876215964","4608.00000","2608.00000"
"869677338","Толмачёво","2","0.2330058344775922","0.016319444068753592","13591.00000","11591.00000"
"682178103","Домодедово","2","0.23157508774287477","0.02524060804067314","22090.00000","20090.00000"
"1285700830","Домодедово","3","0.2724269283274233","0.0033249692659537886","28671.00000","26671.00000"
"590185617","Домодедово","1","0.22171755468623716","0.005012914497357584","7112.00000","5112.00000"
"1035744008","Домодедово","2","0.2031978455735869","0.034250278532605496","25197.00000","23197.00000"
"247648413","Домодедово","2","0.2846483027777298","0.0025272438565144477","16164.00000","14164.00000"
"908545854","Толмачёво","3","0.2218934263340464","0.012417547894871418","11669.00000","9669.00000"
"1222275243","Толмачёво","1","0.1703953972493719","0.1588135644236253","2457.00000","457.00000"
"1028739426","Толмачёво","1","0.29707069297637895","0.01280295554387776","9701.00000","7701.00000"
"1200829470","Домодедово","3","0.25659502104645054","0.013623520430328167","22543.00000","20543.00000"
"243626955","Домодедово","3","0.2935567671378397","0.0045977140573772715","13839.00000","11839.00000"
"628481434","Домодедово","2","0.08882800897370641","0.08278050113431625","20801.00000","18801.00000"
"1231400309","Толмачёво","1","0.15815413046520105","0.013312699347384117","4439.00000","2439.00000"
"1212771970","Толмачёво","1","0.2580334206317387","0.0046729047965537954","3119.00000","1119.00000"
"1217492186","Толмачёво","1","0.2088623338759575","0.028163222976127056","9281.00000","7281.00000"
"572231431","Домодедово","3","0.19067202897153837","0.023844297194274142","31715.00000","29715.00000"
"1208646245","Домодедово","1","0.21470395057468067","0.02363391122491968","35958.00000","33958.00000"
"1033566255","Толмачёво","1","0.22969593983586306","0.02161764514374596","3910.00000","1910.00000"
"318058426","Домодедово","1","0.18956526922296618","0.03370869873582573","56441.00000","54441.00000"
"316126847","Домодедово","2","0.17061520983695752","0.011732777101166198","27493.00000","25493.00000"
"1181572535","Домодедово","3","0.29253646423516033","0.002550318015847207","19629.00000","17629.00000"
"1196559517","Толмачёво","3","0.15350007250931566","0.024390176352287785","58227.00000","56227.00000"
"1205403541","Толмачёво","1","0.30750689466691705","0.009886998940836354","4275.00000","2275.00000"
"794032356","Домодедово","3","0.16588095224995927","0.044730459818251314","25280.00000","23280.00000"
"136244158","Толмачёво","2","0.1850789000383439","0.11430362331523505","5281.00000","3281.00000"
"845064664","Толмачёво","3","0.22789894715050224","0.0118400007255708","47551.00000","45551.00000"
"1041582653","Толмачёво","2","0.20611228270379456","0.0116111914056166","49517.00000","47517.00000"
"1034441113","Домодедово","1","0.24660512390963005","0.0488301107033908","9758.00000","7758.00000"
"1222382811","Толмачёво","1","0.16520283464463875","0.03267442588949559","18362.00000","16362.00000"
"1002867934","Толмачёво","2","0.33274942087485015","0.0408686653959974","6996.00000","4996.00000"
"1209349138","Толмачёво","1","0.16800298888146412","0.10867658897725327","7509.00000","5509.00000"
"747930943","Толмачёво","1","0.1999908612350734","0.02105614190437812","50908.00000","48908.00000"
"372437949","Домодедово","2","0.1646258861933186","0.04153690424223886","56466.00000","54466.00000"
"428922050","Толмачёво","1","0.21504028041211812","0.013567706143523489","51881.00000","49881.00000"
"306692440","Толмачёво","1","0.1618711263003971","0.09072891375896641","12872.00000","10872.00000"
"829512408","Толмачёво","1","0.2935464066589034","0.003674306581399666","20054.00000","18054.00000"
"683678976","Толмачёво","2","0.10444774738320589","0.09954691974620312","16999.00000","14999.00000"
"1044514220","Домодедово","1","0.08886257468982228","0.0693320172657467","35280.00000","33280.00000"
"975790102","Домодедово","1","0.03881227212097025","0.18397655079963843","11708.00000","9708.00000"
"1214334224","Домодедово","1","0.2391149824662894","0.06374614216061321","8486.00000","6486.00000"
"1225159563","Толмачёво","2","0.20806505009255094","0.02115860942351374","16571.00000","14571.00000"
"899021628","Домодедово","3","0.24425693683165664","0.012409930172705282","21685.00000","19685.00000"
"1211971211","Толмачёво","2","0.21951532375687613","0.010997784230811571","70423.00000","68423.00000"
"285384020","Толмачёво","1","0.11804290900237138","0.02885283421178687","56137.00000","54137.00000"
"550913415","Толмачёво","2","0.059689041242537225","0.03238909881922502","56264.00000","54264.00000"
"1030129195","Домодедово","1","0.16817528102338825","0.05544024290446776","3089.00000","1089.00000"
"1205202178","Домодедово","2","0.1844672090706597","0.03161200929295449","11970.00000","9970.00000"
"1221907995","Домодедово","2","0.273024759884866","0.024089469451705744","10502.00000","8502.00000"
"600848654","Толмачёво","1","0.11382036981363043","0.16586263584666133","4911.00000","2911.00000"
"333897719","Домодедово","1","0.13801287102920765","0.004073637438342204","64691.00000","62691.00000"
"1033075143","Толмачёво","2","0.26332958913237214","0.008237783280843729","13008.00000","11008.00000"
"233889649","Толмачёво","2","0.26726030108142085","0.011362655140226108","19757.00000","17757.00000"
"1220449035","Домодедово","1","0.2127479619771374","0.036845412229610915","25482.00000","23482.00000"
"857796096","Домодедово","1","0.0246202682706585","0.1390147677205629","19431.00000","17431.00000"
"348945915","Толмачёво","3","0.21126666359046084","0.005767972975785595","32342.00000","30342.00000"
"1216003869","Толмачёво","2","0.2609719180642593","0.022175608715895263","6984.00000","4984.00000"
"1069629192","Домодедово","1","0.15624399323354668","0.13362757443257095","7113.00000","5113.00000"
"270683628","Толмачёво","3","0.20615833783412205","0.03706258340862083","8583.00000","6583.00000"
"768249811","Толмачёво","2","0.30773877249841824","0.07927329294597699","6620.00000","4620.00000"
"374251083","Домодедово","1","0.15124127697940495","0.15896319740906864","7092.00000","5092.00000"
"973479223","Домодедово","2","0.18176634980580697","0.050070806948670485","2303.00000","303.00000"
"584950069","Толмачёво","1","0.27980389553881657","0.02113669264268846","5661.00000","3661.00000"
"1223984412","Толмачёво","1","0.06387366371714177","0.09641478286278432","34505.00000","32505.00000"
"1178115774","Домодедово","1","0.16098898467819583","0.08004650021170391","8735.00000","6735.00000"
"1216387641","Толмачёво","2","0.24979409361457758","0.0030454597234081996","37210.00000","35210.00000"
"997821920","Толмачёво","2","0.24690702710964688","0.0170660329231163","16536.00000","14536.00000"
"393725021","Домодедово","1","0.24445250254835899","0.008340290115842709","36818.00000","34818.00000"
"1154005292","Домодедово","2","0.19807408628920706","0.03644062904096856","23641.00000","21641.00000"
"535448957","Домодедово","1","0.04401678011748993","0.11199421049727265","19740.00000","17740.00000"
"506938921","Домодедово","2","0.19260041378049073","0.1654847102904674","2486.00000","486.00000"
"1180962445","Домодедово","1","0.19510797095066565","0.0057567495551627355","2873.00000","873.00000"
"997055521","Толмачёво","3","0.24575111964018126","0.03707037083084248","6411.00000","4411.00000"
"968940415","Толмачёво","1","0.08055517928599858","0.24470242675952614","2317.00000","317.00000"
"372985370","Домодедово","2","0.210487251492075","0.02990094704967097","6689.00000","4689.00000"
"767738208","Толмачёво","2","0.16393876887604572","0.045942651577246446","48650.00000","46650.00000"
"1025321920","Толмачёво","3","0.1843128222020139","0.006056290099442371","6178.00000","4178.00000"
"1046544625","Домодедово","1","0.263300133829154","0.013420679963271646","21016.00000","19016.00000"
"1099514784","Домодедово","4","0.3807931837625029","0.0036407226485987297","13878.00000","11878.00000"
"731704686","Толмачёво","1","0.24226196002439773","0.14558628521107178","2886.00000","886.00000"
"782405967","Домодедово","2","0.15348233961146573","0.024529232566369324","55278.00000","53278.00000"
"1053373407","Домодедово","1","0.2635984628529969","0.02630151245917281","8472.00000","6472.00000"
"598117846","Толмачёво","2","0.2048135992495273","0.09565674993988946","2090.00000","90.00000"
"787240499","Толмачёво","3","0.2511584850407443","0.03619267774742078","38789.00000","36789.00000"
"1219595827","Толмачёво","1","0.24730992763728732","0.02369384357689492","21379.00000","19379.00000"
"1032304678","Домодедово","2","0.28585176306494775","0.004734888507664114","57005.00000","55005.00000"
"524285649","Толмачёво","1","0.1783480039938235","0.05882989755010703","23296.00000","21296.00000"
"1201256080","Толмачёво","1","0.22852304189119355","0.024451787997764766","7130.00000","5130.00000"
"1218612799","Домодедово","2","0.2666403729263649","0.006305763110970611","9105.00000","7105.00000"
"163634583","Толмачёво","4","0.2441336144829858","0.018011275071225602","2275.00000","275.00000"
"1206856911","Домодедово","2","0.13128431392213397","0.01837432921341885","91444.00000","89444.00000"
"1041566279","Толмачёво","1","0.2369412625200228","0.033481321188509126","8178.00000","6178.00000"
"397986024","Толмачёво","1","0.20402681650248258","0.028900034099799292","36824.00000","34824.00000"
"265301739","Домодедово","2","0.26844193442006564","0.06472973902342714","2778.00000","778.00000"
"379870991","Толмачёво","1","0.14605481939350087","0.08479644443870224","16207.00000","14207.00000"
"907426639","Толмачёво","2","0.1982778630039672","0.015350929761104047","19168.00000","17168.00000"
"1196362616","Толмачёво","3","0.24377695269845792","0.02221889498011367","10739.00000","8739.00000"
"688510352","Толмачёво","2","0.16947765641820395","0.02653887617958754","44374.00000","42374.00000"
"672253303","Домодедово","3","0.2800796801014701","0.00469066121742357","14730.00000","12730.00000"
"1180074406","Домодедово","1","0.1959007918237389","0.04711009157890875","18003.00000","16003.00000"
"1209413804","Домодедово","1","0.24086789719338766","0.09853220705472565","3697.00000","1697.00000"
"133375061","Толмачёво","2","0.13953481749822574","0.03913592022899549","15906.00000","13906.00000"
"1214580238","Домодедово","1","0.2818831391320155","0.0459993843003917","3588.00000","1588.00000"
"1185345539","Домодедово","3","0.2191382566174946","0.05512113774924483","13423.00000","11423.00000"
"1044342494","Домодедово","2","0.22648667296565958","0.03723115617051625","11741.00000","9741.00000"
"373716506","Толмачёво","3","0.16242690112731176","0.03053139644830953","14563.00000","12563.00000"
"550140246","Домодедово","2","0.21387164558736924","0.07797415912166451","18586.00000","16586.00000"
"240578118","Толмачёво","1","0.07268023483915977","0.04742711249486006","62963.00000","60963.00000"
"898883666","Домодедово","3","0.22402315718589358","0.012170944259255122","3563.00000","1563.00000"
"1215998757","Толмачёво","1","0.17042255188173405","0.06518158536465454","3768.00000","1768.00000"
"733508703","Толмачёво","3","0.3429087304577178","0.026727159946368383","12594.00000","10594.00000"
"140435814","Толмачёво","1","0.1888088341302962","0.0031238372852930444","34163.00000","32163.00000"
"556917375","Толмачёво","2","0.2131495535619242","0.014702071682698535","8672.00000","6672.00000"
"356947255","Домодедово","1","0.23057671678789177","0.024289567983005484","8192.00000","6192.00000"
"868282949","Толмачёво","2","0.1499725768030758","0.14820018496219178","5789.00000","3789.00000"
"1059632082","Домодедово","3","0.28774826812242427","0.01761932510245484","9223.00000","7223.00000"
"591501118","Домодедово","1","0.22737782150064229","0.012010505161719687","66447.00000","64447.00000"
"1217856800","Толмачёво","2","0.29181562404376643","0.01837364717916099","2209.00000","209.00000"
"1042676707","Домодедово","1","0.1817750737623755","0.060911822196983496","23996.00000","21996.00000"
"278274188","Домодедово","1","0.1289955378388697","0.025483000747286974","33356.00000","31356.00000"
"1217641003","Домодедово","1","0.15456613115469017","0.08489767242223385","14330.00000","12330.00000"
"1221374404","Домодедово","1","0.1615830138455494","0.02055419200659598","19345.00000","17345.00000"
"1043241733","Толмачёво","4","0.19173082828003776","0.053022234133496625","5831.00000","3831.00000"
"272797198","Толмачёво","2","0.24339049345593203","0.03643037383989729","3447.00000","1447.00000"
"1221616824","Толмачёво","2","0.21724721726345966","0.02344546141921347","3267.00000","1267.00000"
"351605749","Толмачёво","1","0.20893953160111223","0.018474125799337788","43464.00000","41464.00000"
"1206287190","Толмачёво","2","0.24392079631737656","0.04280479887260672","24602.00000","22602.00000"
"816683088","Домодедово","1","0.22651489229516097","0.007938350610134851","25419.00000","23419.00000"
"1205733131","Домодедово","1","0.23613887618678556","0.027080909205648134","27885.00000","25885.00000"
"1217505282","Толмачёво","2","0.24854901481836092","0.023797099544810463","17118.00000","15118.00000"
"789261705","Толмачёво","2","0.15205765205854607","0.10938968011233403","4313.00000","2313.00000"
"1210975913","Домодедово","1","0.2325788811540412","0.041472065759232055","7478.00000","5478.00000"
"857702979","Домодедово","1","0.03439928576337761","0.17692225036990644","8287.00000","6287.00000"
"393936901","Домодедово","1","0.1809849679385717","0.13388817365511924","3901.00000","1901.00000"
"699040512","Домодедово","3","0.279762337368179","0.009517525621616224","22451.00000","20451.00000"
"1221708653","Домодедово","3","0.16057300109433623","0.059928874975557746","9995.00000","7995.00000"
"1214973350","Толмачёво","2","0.28351406074254293","0.009048934389037595","4247.00000","2247.00000"
"1209806959","Домодедово","1","0.18138304832073268","0.03804666654852172","28172.00000","26172.00000"
"1061466072","Толмачёво","3","0.29598577598047754","0.003776318992098081","10562.00000","8562.00000"
"732778969","Толмачёво","1","0.10551339704039453","0.0276050421860849","3909.00000","1909.00000"
"168230421","Толмачёво","2","0.1333600166719594","0.06734901610660593","4365.00000","2365.00000"
"384149534","Толмачёво","3","0.21744666818987896","0.005887838874525159","27476.00000","25476.00000"
"1220204957","Домодедово","2","0.29656118730875836","0.033308390198318785","12190.00000","10190.00000"
"939794580","Домодедово","2","0.20643016373432682","0.006213988970415072","86891.00000","84891.00000"
"217942679","Домодедово","2","0.26462423751363395","0.0016765206292153557","16867.00000","14867.00000"
"1201234970","Домодедово","2","0.2146574398924827","0.07917999600973684","8849.00000","6849.00000"
"1206817785","Толмачёво","1","0.14102434208598957","0.16303537177506042","4404.00000","2404.00000"
"1036757136","Домодедово","1","0.29286125950634323","0.019596557751890665","26811.00000","24811.00000"
"901416897","Толмачёво","3","0.28741630784834526","0.035597120401387045","14330.00000","12330.00000"
"428619802","Домодедово","2","0.2330115355428748","0.03597393706393317","16117.00000","14117.00000"
"1070366075","Толмачёво","1","0.18981827354313496","0.02777306300161061","23005.00000","21005.00000"
"901794872","Толмачёво","3","0.071544412689889","0.03466083043401334","103794.00000","101794.00000"
"1220830553","Толмачёво","1","0.08308738426475588","0.2533867903038638","3245.00000","1245.00000"
"790939391","Домодедово","3","0.24556260633329108","0.02612682986192919","25477.00000","23477.00000"
"1211825325","Толмачёво","1","0.23559244354291575","0.016100410430121954","31137.00000","29137.00000"
"342037678","Толмачёво","2","0.20484653656599125","0.006207565919619206","35177.00000","33177.00000"
"1213792584","Домодедово","3","0.2342396237199571","0.04534320201566362","5657.00000","3657.00000"
"317754167","Домодедово","3","0.3049251918873651","0.0028558422299208596","12066.00000","10066.00000"
"280254962","Домодедово","1","0.2850005828749191","0.008707024528578015","18410.00000","16410.00000"
"700367177","Домодедово","1","0.3276668353291053","0.015612399063330853","34293.00000","32293.00000"
"1208573380","Домодедово","2","0.271909348522625","0.0016917514929968046","7332.00000","5332.00000"
"1230912392","Толмачёво","2","0.21013479905263963","0.037276842428280846","10451.00000","8451.00000"
"1215551777","Толмачёво","1","0.13944200229028664","0.018791694481161615","78368.00000","76368.00000"
"1027013651","Домодедово","2","0.23202680905903125","0.013547171833059524","20957.00000","18957.00000"
"1222808325","Толмачёво","1","0.23079226272123515","0.023230819835968544","32578.00000","30578.00000"
"972941208","Толмачёво","2","0.35183900924880745","0.006413896571085797","41217.00000","39217.00000"
"783234337","Толмачёво","4","0.18882709384075033","0.020948783530608087","51192.00000","49192.00000"
"426703658","Толмачёво","1","0.19729508276363708","0.0056618615686556024","52719.00000","50719.00000"
"1201193226","Толмачёво","1","0.28734861616889656","0.014926977436835014","16808.00000","14808.00000"
"1224479496","Толмачёво","1","0.18524293483001616","0.012656232945919091","16800.00000","14800.00000"
"1033778471","Домодедово","1","0.2895776486676663","0.011649273433049263","5486.00000","3486.00000"
"1218926246","Толмачёво","1","0.2923190995259532","0.008656915316534527","8996.00000","6996.00000"
"1201331350","Толмачёво","3","0.1936797460061692","0.029235562628981634","34223.00000","32223.00000"
"724818825","Толмачёво","3","0.3080522827860317","0.02289488149017055","8426.00000","6426.00000"
"1225423552","Толмачёво","2","0.2035350044597257","0.04271552230792651","6443.00000","4443.00000"
"1217561766","Толмачёво","2","0.21760165898863362","0.08282055672275719","13855.00000","11855.00000"
"653325752","Домодедово","1","0.22357824826080247","0.023387646724432314","33935.00000","31935.00000"
"909123692","Домодедово","2","0.22049393715850893","0.012556735576205371","34657.00000","32657.00000"
"1046058395","Толмачёво","2","0.2607399775228298","0.012528545036089252","9491.00000","7491.00000"
"1099296379","Домодедово","2","0.1997601648332044","0.047305571480276","9545.00000","7545.00000"
"287954672","Домодедово","4","0.19466221793310393","0.02721808164544113","50081.00000","48081.00000"
"1224298706","Домодедово","2","0.1786994928083328","0.026848632652434305","11352.00000","9352.00000"
"1198097450","Толмачёво","2","0.24806408555979492","0.023232604813958307","26567.00000","24567.00000"
"269996315","Домодедово","1","0.2290686451106033","0.005973169986574944","24907.00000","22907.00000"
"1047879533","Домодедово","3","0.4355413021593027","0.016042321737644333","11269.00000","9269.00000"
"1076751160","Домодедово","1","0.2463528504875891","0.10074984253804133","9924.00000","7924.00000"
"1204368829","Домодедово","3","0.26920025663896","0.06522975207392775","6149.00000","4149.00000"
"962708203","Домодедово","2","0.11669837323861647","0.18874438047891684","3204.00000","1204.00000"
"628909027","Толмачёво","1","0.18963213353802633","0.03674521945581579","16979.00000","14979.00000"
"1209366708","Домодедово","1","0.24149494378872957","0.030617100565984816","8981.00000","6981.00000"
"770266726","Толмачёво","2","0.28924285674107836","0.004778704300185358","21995.00000","19995.00000"
"374353291","Домодедово","1","0.28776364704814555","0.011673421173635927","21603.00000","19603.00000"
"1224436263","Толмачёво","1","0.24194994678465992","0.0443793723852237","23043.00000","21043.00000"
"1206097824","Домодедово","1","0.1274647519791775","0.05928598300339783","15610.00000","13610.00000"
"373472336","Толмачёво","2","0.3002686480910927","0.05930151449330915","6845.00000","4845.00000"
"608152746","Домодедово","3","0.28665644470775703","0.0012972242604790158","6159.00000","4159.00000"
"773588977","Толмачёво","1","0.18359913804729297","0.06733642570326147","9818.00000","7818.00000"
"1214021832","Толмачёво","2","0.30101470777908707","0.020928393805392194","15327.00000","13327.00000"
"301438865","Домодедово","3","0.27084688739776575","0.009219082067395775","40884.00000","38884.00000"
"894589830","Домодедово","4","0.2567642575672859","0.016003754965391373","36622.00000","34622.00000"
"1216185272","Домодедово","1","0.15163695914191308","0.07238089232621187","9117.00000","7117.00000"
"1045653703","Домодедово","1","0.24470220065411152","0.018122568283620296","24260.00000","22260.00000"
"685664384","Домодедово","2","0.18042087595172482","0.11827327371536495","5760.00000","3760.00000"
"1202822685","Домодедово","2","0.09610387856243645","0.1509692706055929","15327.00000","13327.00000"
"1033535784","Толмачёво","3","0.23574862701552257","0.015594721663858526","17473.00000","15473.00000"
"235999218","Домодедово","2","0.26033055678688516","0.008862472285168328","25761.00000","23761.00000"
"1211468481","Толмачёво","1","0.22873703925140093","0.0047318739344181454","12234.00000","10234.00000"
"774853204","Толмачёво","2","0.2723438990761223","0.018553860017688814","3356.00000","1356.00000"
"742335575","Домодедово","2","0.2699014932145051","0.011585778761818013","48491.00000","46491.00000"
"1039581833","Толмачёво","2","0.18484264237029374","0.015498430629533023","5522.00000","3522.00000"
"821273342","Домодедово","2","0.13104131742095157","0.038969786129761735","44540.00000","42540.00000"
"780691113","Толмачёво","1","0.127845042085462","0.14342072913182918","8307.00000","6307.00000"
"1205251113","Толмачёво","1","0.12802896718312204","0.15439224143528985","4550.00000","2550.00000"
"1224279538","Домодедово","1","0.22427895519825727","0.05685405093318757","6598.00000","4598.00000"
"1212897202","Толмачёво","2","0.20367508432705933","0.032091299507671166","4674.00000","2674.00000"
"1040112363","Толмачёво","2","0.10409382176037761","0.032098150422985305","85337.00000","83337.00000"
"939992794","Толмачёво","2","0.3036623146219792","0.07529227094984889","14724.00000","12724.00000"
"1214940497","Толмачёво","1","0.1551439934635624","0.040203744808494514","30896.00000","28896.00000"
"1156213824","Толмачёво","1","0.1527084894598709","0.047713123126714246","22123.00000","20123.00000"
"734181285","Толмачёво","2","0.13874506470793382","0.13516922524290123","7627.00000","5627.00000"
"1223023717","Толмачёво","1","0.1921436992038836","0.00520590013139854","59536.00000","57536.00000"
"514865518","Домодедово","1","0.2679738756121575","0.01284081768919959","24337.00000","22337.00000"
"1222932844","Толмачёво","1","0.24677427121350148","0.013200103763525005","6422.00000","4422.00000"
"1214798566","Толмачёво","1","0.20849849661671013","0.026824936895073974","9573.00000","7573.00000"
"755849990","Домодедово","2","0.2441536546518464","0.02549513406769172","6313.00000","4313.00000"
"1230991340","Домодедово","2","0.21292044114014977","0.038814211618141935","8822.00000","6822.00000"
"891870590","Домодедово","2","0.25694597616999887","0.02148220331296623","3465.00000","1465.00000"
"1213110687","Толмачёво","3","0.2844677268556249","0.02083233145351162","43484.00000","41484.00000"
"1018212078","Домодедово","3","0.17290414756581152","0.03033403457549503","49342.00000","47342.00000"
"1214835134","Домодедово","1","0.2509386117586677","0.022658812594689295","17585.00000","15585.00000"
"851351365","Толмачёво","1","0.1802927890883337","0.1165528579682331","11160.00000","9160.00000"
"672846378","Толмачёво","1","0.2713947755391674","0.002088888771327561","16804.00000","14804.00000"
"1327921530","Домодедово","1","0.20778463804709998","0.0482789122783302","13405.00000","11405.00000"
"957905187","Толмачёво","1","0.2077037218794099","0.11642700955365692","7800.00000","5800.00000"
"4305807","Домодедово","2","0.14931950277620873","0.011657535061594613","59813.00000","57813.00000"
"426497281","Домодедово","5","0.20206653332675925","0.004808259205006866","95849.00000","93849.00000"
"1206587938","Домодедово","1","0.23740860982674503","0.03936630530525446","7390.00000","5390.00000"
"725462124","Домодедово","1","0.2358887735354577","0.06831149600130952","8095.00000","6095.00000"
"520406719","Толмачёво","2","0.19267895809207505","0.014287907080707372","22099.00000","20099.00000"
"351437079","Домодедово","2","0.20417562594742983","0.014124053648286203","24824.00000","22824.00000"
"767335514","Толмачёво","2","0.2205298065367434","0.14127946163835892","3935.00000","1935.00000"
"1209927168","Домодедово","2","0.20878145640313833","0.0035483787585966838","16472.00000","14472.00000"
"1041699368","Домодедово","3","0.27923870455198635","0.025584919430363288","6299.00000","4299.00000"
"1040515385","Домодедово","2","0.20038395926651772","0.016884067982354516","11150.00000","9150.00000"
"1327974481","Домодедово","1","0.18080245194284333","0.05763985275289883","10885.00000","8885.00000"
"896146607","Домодедово","1","0.25939113685973164","0.006226047369797234","10818.00000","8818.00000"
"1201007469","Домодедово","1","0.2536837015150013","0.009879955814221499","21346.00000","19346.00000"
"755253852","Домодедово","3","0.225254607325666","0.031244058177629045","13943.00000","11943.00000"
"517988558","Домодедово","2","0.2283860167508815","0.046521313684244454","12229.00000","10229.00000"
"1169610302","Толмачёво","2","0.29879082516117733","0.007094262241316559","43328.00000","41328.00000"
"649623836","Домодедово","1","0.22848651788179558","0.13166139729703735","4833.00000","2833.00000"
"404453378","Толмачёво","1","0.30721359393732384","0.005410706048476782","8099.00000","6099.00000"
"164895241","Толмачёво","1","0.31628197059486113","0.020171006194375615","14201.00000","12201.00000"
"607808956","Толмачёво","1","0.2911386393128215","0.012082398043354117","6895.00000","4895.00000"
"333898801","Толмачёво","1","0.20631862421577302","0.031889671413057555","47170.00000","45170.00000"
"327489952","Толмачёво","1","0.2201304559604801","0.040645719330887196","26189.00000","24189.00000"
"1215408033","Домодедово","1","0.18431261885207745","0.11501086216127226","7664.00000","5664.00000"
"505866366","Толмачёво","1","0.22776003927723668","0.06930721904529537","8008.00000","6008.00000"
"1218604322","Толмачёво","2","0.2546127833109773","0.05136935630357755","7498.00000","5498.00000"
"231670240","Толмачёво","1","0.251778449322635","0.0263236933078158","23318.00000","21318.00000"
"1214874561","Домодедово","1","0.21948841198155622","0.07880585136981313","5407.00000","3407.00000"
"1166521407","Домодедово","3","0.1783778756014758","0.07955851370173739","16664.00000","14664.00000"
"304083633","Домодедово","1","0.26932349450733056","0.06548287348946848","2409.00000","409.00000"
"608908282","Домодедово","3","0.24497457433287675","0.03237352107340092","48365.00000","46365.00000"
"1180833331","Толмачёво","1","0.17324708318339171","0.1867074091005084","2323.00000","323.00000"
"650191750","Домодедово","2","0.2615200403032487","0.00589829238140434","8208.00000","6208.00000"
"1206103747","Толмачёво","1","0.1375418927006634","0.11814254797781625","7223.00000","5223.00000"
"1042034475","Толмачёво","3","0.21023843004412068","0.018076243709342184","28914.00000","26914.00000"
"1147445909","Домодедово","1","0.2648673164120261","0.01752699271848998","17220.00000","15220.00000"
"1041070204","Домодедово","1","0.31118044734610123","0.0068389583931216915","13989.00000","11989.00000"
"1217944055","Домодедово","2","0.17263460452689414","0.10794287350294972","4743.00000","2743.00000"
"1217405828","Домодедово","1","0.26687904784253014","0.006426246275603033","3801.00000","1801.00000"
"367608961","Толмачёво","2","0.23894823031833679","0.09939804899860219","10025.00000","8025.00000"
"285200282","Толмачёво","1","0.1885847087904389","0.05644162935539014","14067.00000","12067.00000"
"1221605897","Домодедово","2","0.2769783987317531","0.02544651584077597","7528.00000","5528.00000"
"1199578410","Домодедово","2","0.23690884559483377","0.047640834493696084","8595.00000","6595.00000"
"1207378392","Толмачёво","3","0.24213219759646396","0.04103531739231785","2388.00000","388.00000"
"569713274","Толмачёво","1","0.15558563386746707","0.030918361895810896","35486.00000","33486.00000"
"1218728432","Домодедово","2","0.21058829290436656","0.07014713216725327","5999.00000","3999.00000"
"974989854","Толмачёво","1","0.1430078665287535","0.016580159821618097","44097.00000","42097.00000"
"1200060103","Домодедово","1","0.18881746130233407","0.12400930939748576","5025.00000","3025.00000"
"269156414","Толмачёво","1","0.27933656185155353","0.012099525998975593","7522.00000","5522.00000"
"1201312356","Домодедово","2","0.14890644659774066","0.08691294889325576","13995.00000","11995.00000"
"1226035312","Домодедово","2","0.22563393650113406","0.007219806062002304","10970.00000","8970.00000"
"373038939","Домодедово","1","0.22883566247333095","0.011508239542851592","27638.00000","25638.00000"
"336992142","Домодедово","2","0.19620298564887134","0.03970222353449351","16092.00000","14092.00000"
"561405677","Домодедово","1","0.2547993725921975","0.033355049132270935","18570.00000","16570.00000"
"1213001581","Домодедово","2","0.17305144839187175","0.05131043945303201","5636.00000","3636.00000"
"1210810846","Домодедово","2","0.1635591917766006","0.10269435905084641","6410.00000","4410.00000"
"1217477536","Толмачёво","2","0.16968090114211637","0.07384512616579937","3487.00000","1487.00000"
"1074727516","Толмачёво","2","0.2217968170850555","0.017522704515543042","10296.00000","8296.00000"
"1039279862","Домодедово","2","0.24771458721638148","0.007488508897680218","25852.00000","23852.00000"
"1214620187","Домодедово","1","0.12316570641795672","0.03882360339235111","44369.00000","42369.00000"
"754386062","Толмачёво","1","0.19562094480436829","0.004859656630994922","14208.00000","12208.00000"
"1216916967","Толмачёво","1","0.09041952358805398","0.09356631264423884","15525.00000","13525.00000"
"1204363445","Домодедово","2","0.2510635588205977","0.03306224857939692","13351.00000","11351.00000"
"622965228","Домодедово","1","0.20568699438328988","0.03426594658706699","23957.00000","21957.00000"
"823087800","Толмачёво","1","0.1949537469622599","0.15003836088535039","3419.00000","1419.00000"
"316092748","Толмачёво","3","0.2346998170355681","0.013426358620019691","37177.00000","35177.00000"
"530646441","Домодедово","1","0.176393751992245","0.16691550677380268","2610.00000","610.00000"
"757402556","Толмачёво","1","0.14718919076907427","0.10630319712743821","8109.00000","6109.00000"
"1207617510","Толмачёво","2","0.1939260622090111","0.027854940685362893","10334.00000","8334.00000"
"1197081341","Домодедово","2","0.2924409244645742","0.034401740444379214","10275.00000","8275.00000"
"137454833","Толмачёво","3","0.21224801628590434","0.032327028644522755","9621.00000","7621.00000"
"1208916621","Толмачёво","2","0.23391074846993357","0.04412875099130727","25702.00000","23702.00000"
"753035845","Толмачёво","2","0.21139193554595556","0.010212983571252492","52365.00000","50365.00000"
"1217075793","Толмачёво","1","0.26453511205283686","0.005846554410029371","11711.00000","9711.00000"
"906124875","Домодедово","1","0.264274926125416","0.021073100656493704","21991.00000","19991.00000"
"1214831000","Домодедово","1","0.3017692298944847","0.060013705912271724","6564.00000","4564.00000"
"729293854","Толмачёво","2","0.2540033789256584","0.05844921200160255","7351.00000","5351.00000"
"1213348930","Домодедово","1","0.21413313845251802","0.02089081282154679","53700.00000","51700.00000"
"1007239587","Толмачёво","3","0.18890164253063443","0.015875152852920352","64488.00000","62488.00000"
"20866279","Толмачёво","1","0.1126353941765558","0.07635201098662053","14738.00000","12738.00000"
"667658427","Толмачёво","1","0.056952112274191675","0.11000109000249612","8325.00000","6325.00000"
"251876064","Домодедово","1","0.11597459724402025","0.052592418318059185","13300.00000","11300.00000"
"961353619","Домодедово","2","0.3034282996691274","0.003911673543334389","24876.00000","22876.00000"
"1205109104","Толмачёво","2","0.2022617824173752","0.12698951533952224","4930.00000","2930.00000"
"1078647340","Толмачёво","1","0.24195058237101516","0.004244097301685704","7462.00000","5462.00000"
"1046156210","Домодедово","2","0.2055445630429879","0.03146738491387341","22776.00000","20776.00000"
"508564150","Домодедово","1","0.27413592146286003","0.0033757143774986575","28641.00000","26641.00000"
"1219813994","Домодедово","2","0.22174967661552775","0.033329876715344195","3031.00000","1031.00000"
"1196390750","Толмачёво","2","0.26469070343304396","0.028969450680912664","34760.00000","32760.00000"
"592058053","Домодедово","1","0.07806459919459717","0.05762174554200127","98871.00000","96871.00000"
"1158353473","Домодедово","3","0.22172130838467904","0.008775761548828717","39530.00000","37530.00000"
"697151152","Толмачёво","3","0.18743899635260022","0.03704504139897333","22214.00000","20214.00000"
"1201499560","Толмачёво","2","0.22212887671499265","0.09395612075478457","4402.00000","2402.00000"
"382593664","Домодедово","1","0.20867409852608781","0.11239284002048605","7149.00000","5149.00000"
"1208286057","Толмачёво","3","0.20966933966980542","0.043890419292076426","17741.00000","15741.00000"
"774329293","Домодедово","3","0.2965950235594784","0.008881735226582073","3747.00000","1747.00000"
"1216472103","Домодедово","2","0.1662214206472805","0.045411541784238396","16232.00000","14232.00000"
"776435380","Домодедово","1","0.1028830311626009","0.1685441829302614","6226.00000","4226.00000"
"1035061762","Домодедово","2","0.26414109338278813","0.014383755420656506","8219.00000","6219.00000"
"997549966","Толмачёво","1","0.2752191609636853","0.047780748597518914","8043.00000","6043.00000"
"1186818386","Толмачёво","2","0.23610675629764566","0.025825733257782257","14927.00000","12927.00000"
"966449223","Толмачёво","4","0.07899349314067741","0.10472958800632386","12885.00000","10885.00000"
"1027419170","Домодедово","2","0.22450435310336925","0.021837797470775855","7054.00000","5054.00000"
"1225437835","Домодедово","1","0.17777892869224715","0.03590744737569002","10730.00000","8730.00000"
"1030538632","Толмачёво","1","0.2959545132195908","0.014371034023000415","5551.00000","3551.00000"
"602790601","Домодедово","2","0.26432293530210593","0.007176256585713531","10832.00000","8832.00000"
"788986300","Домодедово","3","0.2262619601564553","0.012754570644711263","45038.00000","43038.00000"
"1223425973","Толмачёво","2","0.17997670703145183","0.04410913367929868","8809.00000","6809.00000"
"952572407","Домодедово","3","0.2844312755385928","0.020045697909481647","51644.00000","49644.00000"
"1217869019","Домодедово","2","0.21268248847294047","0.0329707926033005","7886.00000","5886.00000"
"1216947778","Домодедово","1","0.17537781922957343","0.11852558255078774","4135.00000","2135.00000"
"558167880","Толмачёво","2","0.21226021931623282","0.01265872288993001","24674.00000","22674.00000"
"1213576453","Толмачёво","1","0.19333585519442106","0.06480999002418113","9397.00000","7397.00000"
"732725262","Домодедово","4","0.27419727556209955","0.005269088706827317","3739.00000","1739.00000"
"528298415","Толмачёво","2","0.20072920934012803","0.016899833034870672","3467.00000","1467.00000"
"1036779901","Домодедово","2","0.26591992019436705","0.0026430682749449025","10630.00000","8630.00000"
"1224700082","Толмачёво","2","0.18528233779914655","0.020551208341094758","13882.00000","11882.00000"
"524220673","Толмачёво","3","0.27145565940122884","0.018451041129735772","16525.00000","14525.00000"
"1192370445","Толмачёво","2","0.1652701858998163","0.1894247946309913","2045.00000","45.00000"
"1215950800","Толмачёво","2","0.21236889630950087","0.07068487559023391","13085.00000","11085.00000"
"1327538246","Толмачёво","2","0.20930211081843214","0.024402080067285226","23610.00000","21610.00000"
"1196411838","Домодедово","2","0.18006367947587434","0.030629674311682734","16829.00000","14829.00000"
"333188107","Домодедово","1","0.21874134694138445","0.01313081519391091","21472.00000","19472.00000"
"780604286","Домодедово","2","0.13917929020905015","0.06108345416151479","25456.00000","23456.00000"
"620750975","Домодедово","1","0.2325165154730211","0.059673606892105165","13564.00000","11564.00000"
"749974337","Толмачёво","4","0.2780870667681541","0.01496039077202143","10928.00000","8928.00000"
"1206023457","Толмачёво","1","0.21634472868892266","0.07497839610079118","22156.00000","20156.00000"
"351035248","Домодедово","1","0.21345364856615162","0.06559045089949055","5518.00000","3518.00000"
"1043946666","Толмачёво","2","0.22216161962574266","0.051739934396918034","16580.00000","14580.00000"
"259185581","Домодедово","3","0.20635395463926492","0.07470420745019928","8577.00000","6577.00000"
"1141411344","Толмачёво","1","0.08471517376875375","0.1631799485599795","4445.00000","2445.00000"
"1196089046","Толмачёво","2","0.28271740974262943","0.03615275296447073","12681.00000","10681.00000"
"1064828626","Толмачёво","2","0.19452200318544272","0.019083825515511663","42278.00000","40278.00000"
"1208361195","Домодедово","1","0.2210662148887579","0.11012501804035248","8208.00000","6208.00000"
"1210385078","Домодедово","2","0.25575753844097276","0.08749247551157642","2673.00000","673.00000"
"1036457177","Толмачёво","2","0.25113156223195926","0.008247371096649433","40168.00000","38168.00000"
"1147267618","Домодедово","4","0.26664238365968507","0.010766481755160207","6777.00000","4777.00000"
"869440574","Домодедово","1","0.239494018916549","0.029683035218451313","48800.00000","46800.00000"
"1172508381","Домодедово","1","0.14650107559466993","0.008510386564720682","79569.00000","77569.00000"
"124300419","Толмачёво","1","0.2238652704896891","0.020527608515163893","48092.00000","46092.00000"
"1210214437","Домодедово","1","0.20664257711027084","0.03132602361229766","8997.00000","6997.00000"
"367538202","Толмачёво","2","0.19376491071949226","0.041933105090384205","39843.00000","37843.00000"
"1211855776","Домодедово","2","0.2437658308930605","0.01672611069411883","12803.00000","10803.00000"
"1067744855","Домодедово","1","0.050079912727311","0.1378571931694392","25709.00000","23709.00000"
"267575305","Толмачёво","1","0.16921827095618217","0.02076288779925218","47437.00000","45437.00000"
"1225122874","Домодедово","2","0.25058973199067286","0.04488219668242767","6513.00000","4513.00000"
"1222244970","Домодедово","3","0.2033385061702336","0.03945849167840038","5686.00000","3686.00000"
"275325965","Толмачёво","4","0.23344642698700035","0.020104183384283537","7150.00000","5150.00000"
"356634230","Домодедово","2","0.23620246175607892","0.1381443273068711","2657.00000","657.00000"
"997851300","Толмачёво","1","0.18331162213147054","0.0353303368492454","17258.00000","15258.00000"
"1220654074","Толмачёво","2","0.2855089020946061","0.026803317518296812","5141.00000","3141.00000"
"1221867401","Домодедово","1","0.19929358213849804","0.013023596906984531","39756.00000","37756.00000"
"1207547955","Домодедово","1","0.17547850563084968","0.04646161636397098","19293.00000","17293.00000"
"1065371300","Домодедово","1","0.2988178877871551","0.04395267050891557","4587.00000","2587.00000"
"1015703407","Домодедово","2","0.4126657813014893","0.005880304289667459","7122.00000","5122.00000"
"1059864405","Домодедово","4","0.36655145425851343","0.005814891031706963","6615.00000","4615.00000"
"1035557037","Домодедово","2","0.26845068198743105","0.046793434574139064","11290.00000","9290.00000"
"254149806","Толмачёво","1","0.20275674533721572","0.0046332264245452365","46146.00000","44146.00000"
"634128104","Домодедово","4","0.28105443032085853","0.010210279498930155","3160.00000","1160.00000"
"847723598","Толмачёво","2","0.20626775022860916","0.08314136738673503","15305.00000","13305.00000"
"731407998","Толмачёво","4","0.18461092055387937","0.04247627047977456","22847.00000","20847.00000"
"1200693093","Толмачёво","2","0.1865894570036185","0.13668878007017535","4073.00000","2073.00000"
"759996720","Толмачёво","4","0.2721645042553944","0.02901334590730395","26364.00000","24364.00000"
"511482003","Домодедово","2","0.2927693301029907","0.03546487695922587","13488.00000","11488.00000"
"214707631","Домодедово","3","0.11030018139359606","0.023800545977584166","102252.00000","100252.00000"
"1192320225","Домодедово","2","0.17359510121265714","0.0424302424537184","4727.00000","2727.00000"
"1033363002","Домодедово","1","0.2770373711835144","0.08990166213916963","2130.00000","130.00000"
"1221618906","Толмачёво","1","0.2093630184044787","0.006381966647103681","37814.00000","35814.00000"
"645418051","Толмачёво","3","0.22493542000486025","0.019002031971265477","22249.00000","20249.00000"
"1219988660","Толмачёво","1","0.22472108825157883","0.02601146196061205","2096.00000","96.00000"
"376112527","Толмачёво","4","0.2255993579519942","0.007907885506224933","15211.00000","13211.00000"
"683093347","Домодедово","2","0.08540521050477898","0.21698108745384476","6537.00000","4537.00000"
"809923001","Домодедово","1","0.2913800110908326","0.0029015202862018533","27870.00000","25870.00000"
"1219748505","Домодедово","2","0.17616204058089255","0.04026293860520183","12394.00000","10394.00000"
"748471194","Домодедово","3","0.3155145883430706","0.014781660886750895","5515.00000","3515.00000"
"1044477026","Толмачёво","1","0.19904209669365633","0.05801169593584332","21272.00000","19272.00000"
"1223564788","Домодедово","1","0.19584018637100759","0.060395557301586605","16911.00000","14911.00000"
"725802517","Домодедово","3","0.31188741767405315","0.006321554335501806","15856.00000","13856.00000"
"221029670","Толмачёво","2","0.27225357284933077","0.028418191713353785","7651.00000","5651.00000"
"773891687","Толмачёво","1","0.21708761905397214","0.005231373696948099","40074.00000","38074.00000"
"396858445","Домодедово","4","0.2615823427686324","0.015750879029878005","21001.00000","19001.00000"
"867366115","Домодедово","1","0.08726257998391833","0.09775479201217344","22220.00000","20220.00000"
"1210879088","Домодедово","2","0.30564884379157936","0.004398113082533647","3469.00000","1469.00000"
"156276615","Домодедово","2","0.11761502255540185","0.06322372967723834","42452.00000","40452.00000"
"1040275588","Домодедово","2","0.2439699195642897","0.011909925305664397","39628.00000","37628.00000"
"211985746","Домодедово","1","0.2943249343265035","0.0036494748975456574","13052.00000","11052.00000"
"1218972824","Толмачёво","1","0.1544062529431126","0.09672340913814068","16113.00000","14113.00000"
"1036702166","Толмачёво","2","0.27861673405267917","0.008298377245249525","2645.00000","645.00000"
"724190701","Толмачёво","1","0.23210089192343028","0.07489895535001684","5353.00000","3353.00000"
"729336878","Толмачёво","3","0.23405991144444097","0.02089846480291536","35145.00000","33145.00000"
"1045254261","Домодедово","2","0.26312123709742213","0.016562263196857635","10045.00000","8045.00000"
"1206796279","Домодедово","1","0.26775310808184966","0.019645750806034916","9424.00000","7424.00000"
"280444708","Домодедово","3","0.1774546766748895","0.01311124224800227","36854.00000","34854.00000"
"380209212","Домодедово","2","0.24545092459957035","0.015396741715801585","24966.00000","22966.00000"
"1191738221","Толмачёво","1","0.06351810412475313","0.15113127512457142","10392.00000","8392.00000"
"1185865791","Домодедово","2","0.17152318660727423","0.005471368978253151","28448.00000","26448.00000"
"1215176257","Толмачёво","1","0.1613217858854388","0.16564704146404902","3572.00000","1572.00000"
"1219665462","Толмачёво","2","0.22920468749048833","0.011507465013322936","52823.00000","50823.00000"
"996790265","Толмачёво","2","0.22038245012427174","0.053142815773516726","9517.00000","7517.00000"
"693053975","Домодедово","2","0.30760076122843877","0.00818428254142722","7350.00000","5350.00000"
"1219494596","Домодедово","1","0.15405241191927135","0.077278875070561","2768.00000","768.00000"
"1063270043","Домодедово","2","0.2842091759544698","0.04399728835516155","2872.00000","872.00000"
"1210702795","Домодедово","2","0.27318125443076297","0.019293730849619332","10262.00000","8262.00000"
"1005955993","Домодедово","1","0.3068782483363415","0.019724298218777525","29394.00000","27394.00000"
"1202154282","Домодедово","1","0.2042461069003694","0.11927447731365422","5405.00000","3405.00000"
"937481558","Домодедово","3","0.1951923446475292","0.03665726375729352","2622.00000","622.00000"
"1033807725","Домодедово","1","0.2046603610027526","0.015770648271391213","38329.00000","36329.00000"
"679565580","Толмачёво","2","0.1284415325311232","0.057999872631465735","47180.00000","45180.00000"
"1261554350","Толмачёво","1","0.16780214261768295","0.005354576018532009","51185.00000","49185.00000"
"1029146141","Толмачёво","2","0.2600982080425506","0.00640579799077956","3653.00000","1653.00000"
"1213929820","Толмачёво","1","0.21021559344921967","0.011280059840012194","12353.00000","10353.00000"
"138600997","Домодедово","1","0.2534822605122746","0.001941976941121305","2279.00000","279.00000"
"1217254676","Домодедово","1","0.2369005174236333","0.00874294614751378","11703.00000","9703.00000"
"786142000","Домодедово","2","0.19066811481592225","0.008768877780301105","13539.00000","11539.00000"
"1202507518","Домодедово","1","0.35416121509895115","0.0019004448651639917","22886.00000","20886.00000"
"1212045439","Домодедово","1","0.2534440652259821","0.014178101544173777","28587.00000","26587.00000"
"1219258701","Домодедово","1","0.1843707587298343","0.058401991870354684","13451.00000","11451.00000"
"586748526","Домодедово","2","0.27939679010309887","0.036458359718807364","30893.00000","28893.00000"
"1220765764","Толмачёво","1","0.17599025310048524","0.04921414290082907","10473.00000","8473.00000"
"1029763070","Толмачёво","1","0.2584917588318002","0.003933038387644425","46077.00000","44077.00000"
"1042216408","Толмачёво","2","0.27258044986834007","0.03395304845207433","4365.00000","2365.00000"
"680125211","Толмачёво","2","0.27782826546944683","0.03612350400457253","6758.00000","4758.00000"
"1000543385","Толмачёво","2","0.24657861280801638","0.056664757683025146","14143.00000","12143.00000"
"161871679","Толмачёво","2","0.15708907925275634","0.02919777413686331","49342.00000","47342.00000"
"1048723336","Домодедово","2","0.1581520057062133","0.07430893976917567","20184.00000","18184.00000"
"1198116809","Толмачёво","1","0.26175730436003003","0.02107592281918875","9774.00000","7774.00000"
"1215584200","Домодедово","2","0.29037851214289545","0.04663763545832516","15615.00000","13615.00000"
"1526659","Толмачёво","2","0.304333428532249","0.006726391261659586","18168.00000","16168.00000"
"669139712","Домодедово","3","0.12500152753077268","0.01595135630212105","104114.00000","102114.00000"
"1218967805","Толмачёво","1","0.19419491496853195","0.06504113506923696","17713.00000","15713.00000"
"1225487970","Домодедово","2","0.1921549884495485","0.08007550450154197","6340.00000","4340.00000"
"1020331079","Домодедово","2","0.12174320821227946","0.1885851312508129","4737.00000","2737.00000"
"169276447","Толмачёво","2","0.21613054059205705","0.08451367888765435","22804.00000","20804.00000"
"605700567","Толмачёво","4","0.2647445732104423","0.005922558015660442","40116.00000","38116.00000"
"771997555","Домодедово","2","0.19636219865545648","0.07878660800183582","18154.00000","16154.00000"
"700632823","Толмачёво","2","0.156350160799066","0.057479366088814016","22750.00000","20750.00000"
"360744158","Домодедово","1","0.10745270621211948","0.0728829157925392","32186.00000","30186.00000"
"1195828006","Толмачёво","1","0.2169049081906703","0.02563478012751438","8494.00000","6494.00000"
"1169891081","Толмачёво","1","0.19198845439356724","0.049257017254860376","12115.00000","10115.00000"
"645420785","Толмачёво","2","0.09834429622046703","0.0418562696453349","71005.00000","69005.00000"
"767037677","Домодедово","1","0.14480576646400084","0.14259169963031093","4838.00000","2838.00000"
"649100583","Домодедово","2","0.17081315558882232","0.017466633732756552","51713.00000","49713.00000"
"143531350","Толмачёво","1","0.28015098270677413","0.03826016717949858","19815.00000","17815.00000"
"1041932305","Толмачёво","2","0.27511625758718544","0.013395491032502618","3762.00000","1762.00000"
"973130556","Домодедово","2","0.27315975884297533","0.11381247282562493","4402.00000","2402.00000"
"846339997","Домодедово","3","0.21200780778670741","0.012392250879875067","39087.00000","37087.00000"
"1216340779","Толмачёво","1","0.1995775302241238","0.03826372358115184","12833.00000","10833.00000"
"1217233177","Толмачёво","2","0.23151840894527995","0.024065061448400538","12611.00000","10611.00000"
"338411309","Домодедово","3","0.28057292533522604","0.07019603423797806","14765.00000","12765.00000"
"1220391282","Толмачёво","1","0.29228243541990323","0.058387800413016694","9661.00000","7661.00000"
"746152448","Домодедово","2","0.24522911324107216","0.022166648179062175","4905.00000","2905.00000"
"602066554","Толмачёво","1","0.2052284160611793","0.07984665321305533","6381.00000","4381.00000"
"993938905","Толмачёво","3","0.3122952259194628","0.0029249735696332537","12223.00000","10223.00000"
"754068617","Толмачёво","2","0.2570170636589371","0.006788375283175709","3082.00000","1082.00000"
"537870147","Домодедово","1","0.32626730694346306","0.03756598715680082","4066.00000","2066.00000"
"784975165","Домодедово","2","0.22929156021585329","0.056419771929060114","6148.00000","4148.00000"
"1079143871","Толмачёво","1","0.18532514671453848","0.0034393228351091328","26349.00000","24349.00000"
"1211176288","Домодедово","1","0.26838037757993743","0.0026636566415445774","8907.00000","6907.00000"
"315452893","Домодедово","3","0.18176300975986512","0.016740744855232262","67527.00000","65527.00000"
"684157029","Толмачёво","3","0.16733762091294987","0.020534923787879477","20569.00000","18569.00000"
"1192818824","Толмачёво","4","0.27499707138834406","0.020508685727456594","2557.00000","557.00000"
"683742941","Домодедово","3","0.2671267335939935","0.007875625729361978","17138.00000","15138.00000"
"807355299","Толмачёво","3","0.21849179738293242","0.02737476883817922","17506.00000","15506.00000"
"1039820691","Толмачёво","1","0.16904485002415998","0.00751891025662229","46504.00000","44504.00000"
"1193125062","Домодедово","2","0.22974533334140798","0.03229028319915015","14662.00000","12662.00000"
"1181508146","Домодедово","1","0.17448786199166472","0.149126679675084","5300.00000","3300.00000"
"1032234170","Домодедово","2","0.28662650638953463","0.03092170710142818","13666.00000","11666.00000"
"520415678","Домодедово","2","0.32803750474471577","0.0043587189923820005","27409.00000","25409.00000"
"1208828735","Домодедово","2","0.20744520530951074","0.04962274030796563","4139.00000","2139.00000"
"1128967232","Толмачёво","1","0.21713797131798981","0.009070277075797528","10194.00000","8194.00000"
"539025387","Домодедово","4","0.1309449368632425","0.01107981247524648","30916.00000","28916.00000"
"1163115027","Толмачёво","2","0.3310859252950205","0.004755189493135262","16335.00000","14335.00000"
"548955679","Домодедово","4","0.19323148278455046","0.020407661377829327","24364.00000","22364.00000"
"897441588","Домодедово","2","0.22782823383013334","0.08287108519907518","6318.00000","4318.00000"
"523431451","Домодедово","1","0.1239069792450207","0.12256520592221569","5769.00000","3769.00000"
"1214941812","Домодедово","2","0.22672065205001943","0.02417386232491717","25465.00000","23465.00000"
"1194681370","Толмачёво","3","0.27584865510603807","0.011535439191212752","32125.00000","30125.00000"
"1220801373","Толмачёво","3","0.18079194731574305","0.009029170126096093","38815.00000","36815.00000"
"307307221","Домодедово","2","0.25529830928461444","0.012732938830785684","12392.00000","10392.00000"
"131108818","Толмачёво","3","0.16178203033775723","0.004965947013031346","31606.00000","29606.00000"
"268901628","Домодедово","2","0.2258838520247264","0.03504570408266384","3327.00000","1327.00000"
"1041462037","Толмачёво","2","0.20626400210267545","0.06884999072176026","10248.00000","8248.00000"
"798108102","Домодедово","1","0.1827398243574055","0.021295828645015186","42338.00000","40338.00000"
"1223188065","Толмачёво","1","0.1979118712154401","0.030961437228813816","11032.00000","9032.00000"
"997289030","Домодедово","2","0.23596369123246477","0.05482508626832745","4599.00000","2599.00000"
"1035983524","Толмачёво","1","0.2998061377880411","0.0020809167521629386","7575.00000","5575.00000"
"550126227","Толмачёво","1","0.19646690768369002","0.05779445372062208","12808.00000","10808.00000"
"1207182172","Домодедово","1","0.2273220789882802","0.004892105267551031","33600.00000","31600.00000"
"1029998206","Толмачёво","1","0.27969264835914265","0.005899749267211915","11665.00000","9665.00000"
"388759525","Толмачёво","1","0.2251367533371948","0.05743376534587752","18218.00000","16218.00000"
"1208618107","Домодедово","2","0.21070613341556713","0.08074504415232753","4018.00000","2018.00000"
"1218958991","Толмачёво","1","0.26218558626454846","0.012100214038899427","12534.00000","10534.00000"
"1201881943","Толмачёво","2","0.3047874481635619","0.06520281936338779","21693.00000","19693.00000"
"1000188844","Домодедово","1","0.14520362848931617","0.013643638610086292","13691.00000","11691.00000"
"1168077357","Домодедово","2","0.1659192970029936","0.012585527009393324","57318.00000","55318.00000"
"1033581355","Толмачёво","2","0.30539372446875723","0.018079812994135577","5169.00000","3169.00000"
"1217844067","Толмачёво","1","0.12415429643852098","0.05947223167456561","5468.00000","3468.00000"
"647855768","Толмачёво","1","0.2531262926438812","0.015254880561444984","32525.00000","30525.00000"
"1212082206","Толмачёво","1","0.2834311269017807","0.0462387461676135","9996.00000","7996.00000"
"1039239524","Домодедово","1","0.2546637762233524","0.07496846533349348","10569.00000","8569.00000"
"766344145","Домодедово","2","0.1631058870315802","0.08077295971492186","10438.00000","8438.00000"
"1222507834","Толмачёво","1","0.17288692571660005","0.06483124794533668","4353.00000","2353.00000"
"586862064","Толмачёво","1","0.18831363194085377","0.03865571561874446","6542.00000","4542.00000"
"1212368825","Толмачёво","1","0.21454066723526294","0.020515541621119435","5422.00000","3422.00000"
"1039432368","Толмачёво","2","0.3043348742473309","0.028435533921104674","3275.00000","1275.00000"
"1208909147","Толмачёво","2","0.27204449058020347","0.04458546311272438","4395.00000","2395.00000"
"1192275700","Толмачёво","1","0.2346436349032225","0.03571602542686541","22008.00000","20008.00000"
"1215069439","Домодедово","2","0.27125934143421265","0.03537157190283449","2704.00000","704.00000"
"1216765596","Толмачёво","1","0.23569614472011483","0.0231431784268802","4652.00000","2652.00000"
"325446379","Толмачёво","3","0.2504387576195846","0.02552520822010091","27425.00000","25425.00000"
"1216521321","Домодедово","1","0.2177790309332245","0.09715360393045268","11569.00000","9569.00000"
"1223024943","Домодедово","1","0.17028994847008325","0.12360986234048599","4512.00000","2512.00000"
"534089019","Толмачёво","2","0.2938418301851016","0.021895485406570433","13850.00000","11850.00000"
"1222231893","Домодедово","2","0.20131961859529843","0.03359672559703551","5983.00000","3983.00000"
"220773922","Домодедово","2","0.2624869376995409","0.02576614218556651","7650.00000","5650.00000"
"602670330","Толмачёво","1","0.300791180177182","0.037656146801506925","6085.00000","4085.00000"
"1217067085","Домодедово","1","0.22007923864150755","0.1294455014552124","3742.00000","1742.00000"
"1045170702","Толмачёво","1","0.2699970587975858","0.062404342739786935","16129.00000","14129.00000"
"1207334101","Домодедово","2","0.25863348364258926","0.036814545228721914","8180.00000","6180.00000"
"680834777","Толмачёво","2","0.2846333191634883","0.015450212085186724","4727.00000","2727.00000"
"723406240","Домодедово","2","0.1660603944095659","0.05250140234626336","6392.00000","4392.00000"
"789316947","Толмачёво","2","0.1616467992946503","0.055125724819614086","50845.00000","48845.00000"
"847345312","Домодедово","2","0.2176192594647695","0.05528536112599993","15790.00000","13790.00000"
"1214451567","Домодедово","1","0.33261471584337327","0.0033165065847712773","13404.00000","11404.00000"
"1140355388","Домодедово","3","0.33900982212271996","0.019528732285295832","2612.00000","612.00000"
"670065373","Толмачёво","2","0.18236773410643808","0.03885680628012703","16063.00000","14063.00000"
"402942948","Домодедово","3","0.07141422870279955","0.0948744675736982","31353.00000","29353.00000"
"1034345464","Толмачёво","1","0.18261661053958772","0.06458811997341062","19458.00000","17458.00000"
"1175007759","Домодедово","1","0.23268472812809918","0.004508674938920711","18853.00000","16853.00000"
"1218980315","Домодедово","1","0.24447689606898557","0.05641036548151126","6663.00000","4663.00000"
"697267868","Толмачёво","1","0.24409056701883736","0.03995148305321204","40768.00000","38768.00000"
"1216679815","Толмачёво","2","0.134440937032887","0.09471190277952454","15263.00000","13263.00000"
"1209605573","Толмачёво","2","0.18668814456980673","0.0725072570886653","17802.00000","15802.00000"
"665766621","Толмачёво","1","0.1163900738634263","0.03110761667746331","46289.00000","44289.00000"
"1032100970","Толмачёво","2","0.2165249169006956","0.06712549230774237","17937.00000","15937.00000"
"1039013776","Толмачёво","1","0.26170362109481216","0.013814935618097596","8669.00000","6669.00000"
"1140559683","Домодедово","3","0.08036284346128093","0.04292346853088648","48913.00000","46913.00000"
"636247751","Толмачёво","2","0.22775422691847058","0.00813749417522004","9287.00000","7287.00000"
"521845820","Толмачёво","2","0.2652383971897011","0.02394699035489399","23891.00000","21891.00000"
"1162864582","Домодедово","2","0.21191465459774558","0.033213551125021265","31810.00000","29810.00000"
"1040842248","Толмачёво","1","0.222899917566062","0.0977234534717172","9976.00000","7976.00000"
"1215306391","Домодедово","2","0.20819651378946924","0.029695996259071065","4161.00000","2161.00000"
"1196288962","Домодедово","1","0.22675720013141376","0.01978256775907115","15125.00000","13125.00000"
"586759576","Домодедово","1","0.24499826137268954","0.0019653032478999777","23284.00000","21284.00000"
"386967800","Толмачёво","3","0.33985220148036643","0.0016125254615046234","8259.00000","6259.00000"
"1224719499","Домодедово","1","0.17183421041570215","0.15879323824811933","2480.00000","480.00000"
"792989824","Домодедово","1","0.04953953093703177","0.10690377770866567","19690.00000","17690.00000"
"1052211850","Домодедово","3","0.34567655001857567","0.004057083217735794","10355.00000","8355.00000"
"897742364","Толмачёво","1","0.21146321633752188","0.06725512242629418","10656.00000","8656.00000"
"1223848415","Толмачёво","1","0.17713997484377517","0.024017250170298016","42005.00000","40005.00000"
"255078845","Домодедово","4","0.2926480406158188","0.00275764201756667","44394.00000","42394.00000"
"426495888","Толмачёво","2","0.20051174327280186","0.008891116675634468","5367.00000","3367.00000"
"1057594240","Толмачёво","2","0.2338569789077187","0.00838920936996715","21048.00000","19048.00000"
"1327734852","Толмачёво","2","0.273680301388955","0.005355432102609633","39351.00000","37351.00000"
"610539026","Домодедово","2","0.19222026822518923","0.07684943715573944","14277.00000","12277.00000"
"1225295153","Домодедово","1","0.17123266856102445","0.012823488790939634","44883.00000","42883.00000"
"1018698610","Домодедово","2","0.24220200419576504","0.022610238829903536","47500.00000","45500.00000"
"1217509101","Домодедово","3","0.22125230014836264","0.024676224831207152","13630.00000","11630.00000"
"395186025","Толмачёво","1","0.11170129091815696","0.06753162569769972","27724.00000","25724.00000"
"1221181847","Домодедово","2","0.22560040269661058","0.004672653651305191","16224.00000","14224.00000"
"529045345","Домодедово","2","0.36269159929928707","0.004048638050422648","7141.00000","5141.00000"
"1196559517","Толмачёво","3","0.15350007250931566","0.024390176352287785","58227.00000","56227.00000"
"1056305642","Толмачёво","1","0.22540324948754475","0.07920461634802586","8882.00000","6882.00000"
"1223748305","Толмачёво","2","0.28729770037039737","0.025551178278651207","14130.00000","12130.00000"
"842901145","Толмачёво","3","0.25220276080920534","0.00988806192799715","18064.00000","16064.00000"
"1211044193","Домодедово","2","0.18411520201175252","0.030974671933662913","13558.00000","11558.00000"
"911538981","Домодедово","1","0.11276556311720316","0.19459680201606147","3915.00000","1915.00000"
"1046302103","Домодедово","2","0.21738683129166148","0.010895451156078087","8670.00000","6670.00000"
"1208235060","Толмачёво","1","0.2585648178794781","0.01646656296507324","17896.00000","15896.00000"
"1211654839","Толмачёво","2","0.20246756651706546","0.05206309581596516","16402.00000","14402.00000"
"1212202025","Домодедово","2","0.22467250129911898","0.02763166179104672","4838.00000","2838.00000"
"703010435","Домодедово","1","0.21252132724423894","0.015397042605265606","49688.00000","47688.00000"
"1202449635","Домодедово","2","0.275539760150681","0.023519008633815647","10616.00000","8616.00000"
"1225391502","Толмачёво","1","0.17316887272137504","0.041905312601464455","6494.00000","4494.00000"
"629454221","Толмачёво","2","0.27717536691276645","0.04028127371758154","3770.00000","1770.00000"
"1217213448","Толмачёво","2","0.17265176579039251","0.0137922430327977","28952.00000","26952.00000"
"943362839","Толмачёво","1","0.20710226613288057","0.06117602185052734","13891.00000","11891.00000"
"1057631155","Домодедово","2","0.29257565756340354","0.018250906188801923","29244.00000","27244.00000"
"1205213081","Домодедово","2","0.2448548465549029","0.08928743366156337","7872.00000","5872.00000"
"798468789","Толмачёво","2","0.20377700488416534","0.02370253393146661","24828.00000","22828.00000"
"734789628","Домодедово","1","0.10676566001702709","0.056250844520342895","47533.00000","45533.00000"
"1211344051","Домодедово","1","0.24060189305444293","0.019649821389577996","60375.00000","58375.00000"
"1009184156","Домодедово","1","0.21126378907170706","0.09928055252941329","3645.00000","1645.00000"
"901194184","Толмачёво","3","0.3285273182279912","0.02116411161409903","14498.00000","12498.00000"
"402197338","Домодедово","2","0.1994931894446598","0.025711032196737867","42136.00000","40136.00000"
"1034763486","Толмачёво","1","0.2634129496817671","0.03429288368643669","14576.00000","12576.00000"
"1248235638","Толмачёво","2","0.2017637545573337","0.03775939101792863","3181.00000","1181.00000"
"1223425973","Толмачёво","2","0.17997670703145183","0.04410913367929868","8809.00000","6809.00000"
"1207029259","Домодедово","2","0.22166746320948022","0.1477585662549764","3672.00000","1672.00000"
"1025323328","Домодедово","4","0.2083416366481161","0.0088490179826781","73625.00000","71625.00000"
"1029540992","Толмачёво","2","0.27345417588773435","0.003134072217295986","2485.00000","485.00000"
"1159723539","Домодедово","2","0.15831611898219078","0.0552317145871076","31864.00000","29864.00000"
"1043355174","Домодедово","5","0.42480222526023986","7.782362284687171E-4","2997.00000","997.00000"
"751603753","Домодедово","1","0.2978607250867375","0.020178565553801518","29833.00000","27833.00000"
"236001040","Толмачёво","2","0.25559356953096957","0.014029061411311626","7198.00000","5198.00000"
"800515297","Домодедово","1","0.25119786238434005","0.016480219276720273","16606.00000","14606.00000"
"273115575","Домодедово","2","0.23787187565063314","0.006112919335428696","17570.00000","15570.00000"
"608165409","Толмачёво","3","0.16289507681900342","0.0025613346138165173","83730.00000","81730.00000"
"1193772673","Толмачёво","2","0.24024767391460825","0.02408264018924454","27698.00000","25698.00000"
"973089004","Домодедово","1","0.249265233845819","0.08281700163901407","6228.00000","4228.00000"
"747311357","Домодедово","1","0.10299888115825408","0.07381409435946334","49758.00000","47758.00000"
"1226085146","Толмачёво","2","0.23727499242474587","0.014020812984610479","7844.00000","5844.00000"
"1217382409","Домодедово","1","0.27341800353532114","0.004782675064882612","9824.00000","7824.00000"
"758169998","Толмачёво","1","0.17025218995464952","0.05536290447590125","29324.00000","27324.00000"
"277437523","Домодедово","5","0.36650050349206703","0.010576316455869553","24012.00000","22012.00000"
"967591235","Толмачёво","2","0.25492691941976015","0.0052430020381055865","28657.00000","26657.00000"
"118904924","Домодедово","1","0.15547655059654672","0.13974337640115753","3933.00000","1933.00000"
"323801813","Домодедово","2","0.29660441768304613","0.026903916736325237","8243.00000","6243.00000"
"751276917","Толмачёво","1","0.1964565398117382","0.1229170396312397","9051.00000","7051.00000"
"1219984153","Домодедово","2","0.23706799474073","0.017512785311023016","13872.00000","11872.00000"
"326258168","Толмачёво","1","0.144698967969582","0.04920853434109142","23315.00000","21315.00000"
"598511535","Толмачёво","2","0.2502157943013567","0.012001183307074966","28683.00000","26683.00000"
"974656391","Толмачёво","1","0.1901219109339797","0.13011693201113889","5430.00000","3430.00000"
"304167633","Домодедово","1","0.16492773473137515","0.21080714120769664","2072.00000","72.00000"
"1219524058","Домодедово","1","0.17786739243118013","0.056105204397620304","13086.00000","11086.00000"
"1211625703","Домодедово","1","0.17414303551844454","0.026188073103259737","28317.00000","26317.00000"
"601706656","Толмачёво","2","0.24133765978966784","0.10046234330405975","7728.00000","5728.00000"
"1032792298","Домодедово","2","0.26803983345809673","0.024599561468329766","16247.00000","14247.00000"
"163930214","Домодедово","2","0.23921125373723584","0.017432011042068193","2491.00000","491.00000"
"1219069535","Домодедово","3","0.314903586081623","0.0036501860334141275","27299.00000","25299.00000"
"847356594","Толмачёво","1","0.21817040689453895","0.05883064721031857","26405.00000","24405.00000"
"1207092388","Домодедово","2","0.22885175413695055","0.018915524111888862","9885.00000","7885.00000"
"1044748835","Толмачёво","3","0.24064265461948264","0.027709080234057167","6156.00000","4156.00000"
"1043497661","Домодедово","2","0.28555519929844375","0.0015548799223201657","32774.00000","30774.00000"
"1207935604","Домодедово","2","0.27251885542649756","0.026195492372593457","16091.00000","14091.00000"
"704714240","Толмачёво","3","0.1806494394950796","0.023500081077338805","40110.00000","38110.00000"
"1327734658","Толмачёво","1","0.2120948673748069","0.011297983654553452","37515.00000","35515.00000"
"1040128385","Толмачёво","2","0.3069643218504311","0.019747280114130773","4988.00000","2988.00000"
"1213450801","Домодедово","1","0.15594927610679193","0.08517327408368834","7720.00000","5720.00000"
"1044266008","Домодедово","1","0.19993477764571055","0.01915134530513964","17249.00000","15249.00000"
"809065815","Толмачёво","4","0.20016106993328955","0.008844620857309275","58746.00000","56746.00000"
"969896141","Толмачёво","1","0.35422353368496035","0.0012942627742211245","3792.00000","1792.00000"
"327490524","Домодедово","3","0.19125263997463152","0.04954512613400971","9360.00000","7360.00000"
"1225549708","Домодедово","2","0.2847057500864873","0.018703878912023856","2236.00000","236.00000"
"1212303854","Домодедово","2","0.253546768403693","0.010261861485354249","34029.00000","32029.00000"
"976564413","Толмачёво","1","0.23055672763426058","0.08304631343409767","3807.00000","1807.00000"
"1327765785","Толмачёво","1","0.19694380492734914","0.018243280847123712","20498.00000","18498.00000"
"941688520","Толмачёво","2","0.18181707656457305","0.09735516625967623","6792.00000","4792.00000"
"964061919","Толмачёво","2","0.2260763005208299","0.028094077807973895","33663.00000","31663.00000"
"680162563","Домодедово","3","0.27461867904305554","0.03798322741484826","20302.00000","18302.00000"
"365664124","Домодедово","4","0.2723176926011383","0.021273818326596836","10817.00000","8817.00000"
"646980676","Толмачёво","1","0.23870849290720667","0.11713898705376213","2636.00000","636.00000"
"1206833135","Домодедово","1","0.07916422751507311","0.05621082892349318","29248.00000","27248.00000"
"363387082","Домодедово","3","0.2657473542472512","0.01725777390602038","14347.00000","12347.00000"
"846317708","Толмачёво","1","0.19962140043466914","0.023464597448878785","16262.00000","14262.00000"
"1212989099","Толмачёво","1","0.22697702563863545","0.02904968384712988","29124.00000","27124.00000"
"808107487","Домодедово","2","0.3056705942514102","0.013722896030949557","8294.00000","6294.00000"
"772049772","Домодедово","3","0.3075320513451773","0.015454137762967356","8337.00000","6337.00000"
"513519068","Толмачёво","3","0.26215420282730784","0.027219317051989746","7430.00000","5430.00000"
"1199929744","Домодедово","2","0.22660651711604474","0.003240085359547305","11656.00000","9656.00000"
"20090459","Толмачёво","3","0.11211714192493553","0.029926014450308777","52309.00000","50309.00000"
"143207859","Толмачёво","3","0.34383490571380676","0.013799398474279299","11523.00000","9523.00000"
"1210130912","Толмачёво","2","0.2811422343773205","0.03352325737873995","3089.00000","1089.00000"
"1043891745","Толмачёво","3","0.2518066883617308","0.019232285898636486","11332.00000","9332.00000"
"1230046358","Толмачёво","2","0.18064632038591225","0.0856929654440394","10889.00000","8889.00000"
"1222767118","Толмачёво","2","0.23047989734266067","0.0075749253394924885","9045.00000","7045.00000"
"1207633203","Домодедово","2","0.23836149471818238","0.0728668534926119","8137.00000","6137.00000"
"1225213955","Домодедово","1","0.19082036955076045","0.010840708579607776","5418.00000","3418.00000"
"1200419079","Домодедово","1","0.21624714143856252","0.006324658238896084","14297.00000","12297.00000"
"650204214","Толмачёво","1","0.1597069797634615","0.019370962596061067","49921.00000","47921.00000"
"1212558192","Толмачёво","1","0.23417197164637418","0.015733566801017826","26009.00000","24009.00000"
"1215912343","Домодедово","1","0.18395720811348246","0.07375794960878576","14604.00000","12604.00000"
"1042633917","Домодедово","2","0.2597427148964624","0.030167300975513473","16204.00000","14204.00000"
"1215340076","Домодедово","1","0.35131137501361054","0.010649111645395053","3805.00000","1805.00000"
"906114938","Домодедово","5","0.27992928558525715","0.010023556315684003","16720.00000","14720.00000"
"1146998013","Домодедово","2","0.17487434757914325","0.03824815690989383","13792.00000","11792.00000"
"1214507677","Домодедово","1","0.13246079795664337","0.1550300906644328","3024.00000","1024.00000"
"1209040700","Толмачёво","2","0.2215571984440691","0.03121158637121778","18561.00000","16561.00000"
"553244351","Толмачёво","2","0.27327852337417846","0.01736241659415522","29690.00000","27690.00000"
"1208788556","Домодедово","2","0.1504617662345945","0.08782763335684474","15255.00000","13255.00000"
"1210827476","Домодедово","2","0.27519552545357584","0.050432467788825944","15377.00000","13377.00000"
"901744306","Домодедово","2","0.1794514321540035","0.017470676981061927","14330.00000","12330.00000"
"770277647","Домодедово","3","0.2929253943357315","0.020150407194537714","17950.00000","15950.00000"
"622096739","Домодедово","1","0.2777054340993718","0.020767891169803994","19786.00000","17786.00000"
"1223251234","Домодедово","1","0.03835687898289217","0.2787071273862974","2187.00000","187.00000"
"1196309780","Домодедово","1","0.17956749498423277","0.015049494725690428","39895.00000","37895.00000"
"1078573686","Домодедово","1","0.22971036001681416","0.026945611844354483","9838.00000","7838.00000"
"513043613","Толмачёво","3","0.24497829083423375","0.008095614918095188","52264.00000","50264.00000"
"864517023","Домодедово","4","0.33399681785579577","0.04252184036075513","6166.00000","4166.00000"
"563793128","Толмачёво","2","0.3262772935861528","0.05515092525584661","10234.00000","8234.00000"
"1032765664","Толмачёво","3","0.190442892153639","0.030762300611200662","23992.00000","21992.00000"
"359583095","Толмачёво","1","0.140897809714667","0.05317481979008088","25653.00000","23653.00000"
"1214858637","Домодедово","2","0.09122957171046188","0.03576833679382721","52082.00000","50082.00000"
"695207250","Домодедово","1","0.236064773519838","0.13803308550022442","3111.00000","1111.00000"
"268630995","Толмачёво","1","0.1519339367058242","0.05415049282556488","10283.00000","8283.00000"
"1209460979","Домодедово","1","0.2051508551117453","0.031233365099420173","29602.00000","27602.00000"
"565807228","Домодедово","1","0.21565615888522865","0.013802735814728335","37919.00000","35919.00000"
"319243191","Домодедово","2","0.2480558311688732","0.020313645810921273","55585.00000","53585.00000"
"1036952736","Домодедово","2","0.26297513211998186","0.009484460938748851","15067.00000","13067.00000"
"859674753","Толмачёво","1","0.11844470077335467","0.07164841424343016","34678.00000","32678.00000"
"1047359714","Толмачёво","2","0.21578411592504035","0.05197955311343452","30386.00000","28386.00000"
"997497654","Толмачёво","1","0.1443723708780542","0.0952079750673961","4192.00000","2192.00000"
"971029337","Домодедово","1","0.19739233028324246","0.01974409530822169","52896.00000","50896.00000"
"1214205562","Домодедово","1","0.20296272278829516","0.025747423595143478","15965.00000","13965.00000"
"9543140","Толмачёво","1","0.3228371244294712","0.012460152009886332","6734.00000","4734.00000"
"259374754","Толмачёво","2","0.24563931098157027","0.019309782143591945","8142.00000","6142.00000"
"568311213","Толмачёво","1","0.1789775136716417","0.1350610303751785","8603.00000","6603.00000"
"323788686","Толмачёво","5","0.29158358737999246","0.006114760575148247","9064.00000","7064.00000"
"1173997578","Толмачёво","1","0.2142898888021002","0.038677242958338534","12094.00000","10094.00000"
"779268584","Толмачёво","2","0.3370206479116606","0.07444421926621322","8337.00000","6337.00000"
"587174561","Толмачёво","1","0.22867461613587142","0.022439943059032443","11145.00000","9145.00000"
"1070855226","Толмачёво","1","0.20684736176659813","0.06865515051745347","24939.00000","22939.00000"
"1219266749","Домодедово","1","0.20145386057454337","0.12344898301894991","5480.00000","3480.00000"
"158865670","Толмачёво","2","0.2558364859644959","0.00919862724463794","4561.00000","2561.00000"
"296235682","Домодедово","1","0.25477152023367916","0.033432604662642494","21681.00000","19681.00000"
"1217155155","Толмачёво","1","0.23706137869977642","0.13485303061827475","3916.00000","1916.00000"
"1204321460","Толмачёво","2","0.183264746301376","0.09721173686068794","3771.00000","1771.00000"
"1217853993","Домодедово","1","0.18821583431039432","0.02828242864286331","52342.00000","50342.00000"
"524162259","Толмачёво","1","0.22276661208752171","0.028230202100585883","27079.00000","25079.00000"
"1216400861","Домодедово","2","0.30538938828938517","0.01910527584980843","12421.00000","10421.00000"
"1044020524","Домодедово","2","0.27050218571891516","0.031974538554100373","5465.00000","3465.00000"
"782043997","Толмачёво","2","0.18978777365185964","0.01010242835929756","19864.00000","17864.00000"
"778549101","Толмачёво","2","0.16580203682965505","0.009571110345992093","71523.00000","69523.00000"
"1211111932","Домодедово","2","0.23812498831879572","0.054655265863932566","8533.00000","6533.00000"
"1199867029","Толмачёво","2","0.32870684691228524","0.03263698466222904","12287.00000","10287.00000"
"649584330","Толмачёво","2","0.30353065370321813","0.017839687386587068","22761.00000","20761.00000"
"567797913","Домодедово","3","0.2692515495142146","0.0029764870361447086","14802.00000","12802.00000"
"1210036477","Домодедово","3","0.2919429106396625","0.026888906040488394","12873.00000","10873.00000"
"542758858","Толмачёво","3","0.18488704744722395","0.05322218396153082","20617.00000","18617.00000"
"908014818","Домодедово","2","0.25300618499459815","0.0954914902965903","4549.00000","2549.00000"
"1216139841","Домодедово","1","0.27479942531843665","0.03073490268773284","9158.00000","7158.00000"
"1211476990","Толмачёво","1","0.26733499568284175","0.029693141705332368","21187.00000","19187.00000"
"847330736","Толмачёво","1","0.2842015401525451","0.0017838293882978184","9787.00000","7787.00000"
"1208780520","Толмачёво","1","0.2592972571532825","0.040472421362253444","6699.00000","4699.00000"
"1003445405","Домодедово","1","0.31886072849334435","0.009222543700664783","6476.00000","4476.00000"
"696249942","Толмачёво","2","0.30054813322592416","0.03713065866669115","7170.00000","5170.00000"
"1222434724","Толмачёво","1","0.15733747896902683","0.04484032665964548","15891.00000","13891.00000"
"1224170180","Домодедово","1","0.17570578822717853","0.04545950157451256","7018.00000","5018.00000"
"1029673264","Толмачёво","2","0.191719551317385","0.16559546476844184","2785.00000","785.00000"
"758963390","Домодедово","2","0.26853948938590916","0.013128746803610838","12868.00000","10868.00000"
"1196091367","Домодедово","3","0.18555389462059643","0.034119906960442856","13520.00000","11520.00000"
"1213365384","Домодедово","3","0.24514739446935244","0.0027159736647677634","12625.00000","10625.00000"
"694231575","Толмачёво","4","0.31325007980390873","0.004161085858603878","10717.00000","8717.00000"
"1202411500","Толмачёво","1","0.20888225977613867","0.07950306581776277","9668.00000","7668.00000"
"1216140315","Толмачёво","2","0.19624407716630005","0.04830099930871424","5389.00000","3389.00000"
"801686404","Толмачёво","1","0.1346437229091617","0.028954523527360866","64152.00000","62152.00000"
"1203703751","Домодедово","1","0.17184691880327602","0.18444857133875234","2121.00000","121.00000"
"1043537655","Домодедово","2","0.23904301506514686","0.02432741228465102","34336.00000","32336.00000"
"860456861","Домодедово","3","0.05190057500999409","0.054044304833328664","40433.00000","38433.00000"
"1080490172","Толмачёво","3","0.19542898550325036","0.029965723952749563","15832.00000","13832.00000"
"1058206304","Толмачёво","1","0.13567009209293077","0.004834425246621434","40641.00000","38641.00000"
"1213280411","Домодедово","2","0.2608318073789645","0.050740210622276564","2808.00000","808.00000"
"1209424781","Домодедово","1","0.3172848297424954","0.0033781615289121877","5504.00000","3504.00000"
"1217363945","Толмачёво","1","0.28388163555448437","0.013731233378829488","19113.00000","17113.00000"
"77742336","Домодедово","3","0.27035377980093495","0.01456642673979837","22858.00000","20858.00000"
"1216048079","Толмачёво","2","0.19785262518681226","0.012609548177145118","47916.00000","45916.00000"
"811536859","Толмачёво","2","0.22019319203890497","0.019506401942648487","42567.00000","40567.00000"
"613241491","Домодедово","1","0.18019073635270028","0.05359286632235415","41938.00000","39938.00000"
"691818630","Толмачёво","3","0.23550766757197825","0.020758771110994396","12802.00000","10802.00000"
"38547740","Домодедово","1","0.2170190256341193","0.016325550876995797","9133.00000","7133.00000"
"611047871","Домодедово","3","0.20398039579467855","0.02830572392523861","19659.00000","17659.00000"
"1225180024","Домодедово","2","0.27049670331552245","0.046088068437439185","13522.00000","11522.00000"
"976116425","Домодедово","1","0.34600918465014263","0.002757959331474448","22872.00000","20872.00000"
"765323779","Толмачёво","3","0.24174535829475938","0.021640447397424704","37438.00000","35438.00000"
"1208312093","Толмачёво","3","0.22209012875341116","0.046813712354050664","6005.00000","4005.00000"
"1209303411","Толмачёво","1","0.06104708130373854","0.10870948934510737","14805.00000","12805.00000"
"696691161","Домодедово","1","0.2833225725962048","0.1352807743808997","2779.00000","779.00000"
"1209728911","Домодедово","1","0.2172517985440796","0.005915376442956107","21084.00000","19084.00000"
"1205301211","Домодедово","1","0.2094719238414407","0.1095665607800902","9435.00000","7435.00000"
"905249591","Домодедово","3","0.24619049970809612","0.030875126441203438","9155.00000","7155.00000"
"799442958","Толмачёво","2","0.160941476435805","0.044456264836301614","7211.00000","5211.00000"
"518891534","Домодедово","2","0.23221446413251245","0.002710804845824137","36289.00000","34289.00000"
"1039384266","Толмачёво","2","0.2662558519702726","0.026136402766729253","16358.00000","14358.00000"
"1194996229","Домодедово","1","0.16369087579708222","0.017560859666226298","53148.00000","51148.00000"
"995520088","Домодедово","3","0.2657438635498433","0.019887223012209646","33017.00000","31017.00000"
"1219454543","Толмачёво","2","0.23024492076857261","0.014762077023848163","11407.00000","9407.00000"
"901209145","Домодедово","2","0.03681515008821018","0.042989151130599076","37408.00000","35408.00000"
"1026346830","Толмачёво","2","0.15057561642789585","0.0529871773655644","32553.00000","30553.00000"
"1221958546","Домодедово","2","0.17626250096586793","0.021970114647363162","29483.00000","27483.00000"
"1155555695","Толмачёво","2","0.2202991350457673","0.03175851486385358","5616.00000","3616.00000"
"729024490","Толмачёво","1","0.25538694960527974","0.0038993856620373486","41201.00000","39201.00000"
"1249216815","Толмачёво","1","0.2519047504282729","0.010537651257675182","9463.00000","7463.00000"
"797990318","Домодедово","1","0.20649710769944182","0.09824201014681314","4476.00000","2476.00000"
"972397900","Домодедово","2","0.06954788035994189","0.01997098282648133","67305.00000","65305.00000"
"1034860143","Домодедово","1","0.15934228662700342","0.03265842334634776","42780.00000","40780.00000"
"807279410","Толмачёво","1","0.24606830426637363","0.03609139493644112","16241.00000","14241.00000"
"1176867654","Толмачёво","2","0.2423138743765871","0.024647698656001093","11202.00000","9202.00000"
"335385577","Толмачёво","1","0.047738735386204614","0.14092342308487205","22678.00000","20678.00000"
"367191731","Толмачёво","4","0.24962540330864957","0.013758555916006141","62047.00000","60047.00000"
"1029677848","Домодедово","2","0.24490611087865594","0.026831144254961713","2539.00000","539.00000"
"300633421","Толмачёво","2","0.16563223384967407","0.017607756808445906","60856.00000","58856.00000"
"740303110","Толмачёво","3","0.20942742736378372","0.003778995823392649","28239.00000","26239.00000"
"1221099159","Домодедово","1","0.1938192416258486","0.011135609166323442","18731.00000","16731.00000"
"1211462265","Толмачёво","2","0.18905733947444522","0.04539899570177388","13057.00000","11057.00000"
"683083385","Домодедово","2","0.23842185218381026","0.005293995678272511","38544.00000","36544.00000"
"615340478","Толмачёво","2","0.2368437745150777","0.007679088764383633","6664.00000","4664.00000"
"867441883","Домодедово","1","0.2100656523902921","0.11405949641323522","2737.00000","737.00000"
"372070781","Домодедово","1","0.20905613429793263","0.056186184543536105","13485.00000","11485.00000"
"687985824","Домодедово","3","0.13121890839632125","0.053238829787020665","22326.00000","20326.00000"
"1046712578","Домодедово","1","0.2629426855156255","0.017742878882333127","33608.00000","31608.00000"
"1217827660","Домодедово","1","0.229555203689765","0.06359371235493473","11001.00000","9001.00000"
"1205295538","Толмачёво","1","0.1828749330453273","0.015382677969210258","8010.00000","6010.00000"
"1216677419","Толмачёво","1","0.21126026140420257","0.01061390840003788","2947.00000","947.00000"
"591941775","Толмачёво","1","0.1853283816118197","0.02556589489298157","16858.00000","14858.00000"
"1040334613","Толмачёво","1","0.24942889056234951","0.02012983498144968","5894.00000","3894.00000"
"163798760","Домодедово","2","0.2063019932509576","0.04186852855825688","18794.00000","16794.00000"
"1209854556","Домодедово","1","0.28151335626801094","0.009455067607436285","14995.00000","12995.00000"
"1217567898","Толмачёво","2","0.21387793602793012","0.024812015448329307","9358.00000","7358.00000"
"688921967","Толмачёво","1","0.1110614813320999","0.04545920227788485","29182.00000","27182.00000"
"1199866868","Домодедово","1","0.08757464925710494","0.2505994705648127","2183.00000","183.00000"
"1215732314","Толмачёво","2","0.258657070256465","0.015957606872257685","4512.00000","2512.00000"
"137801949","Домодедово","3","0.21238310265751997","0.05110923914054703","14844.00000","12844.00000"
"1224911535","Толмачёво","1","0.22291935737211527","0.03770999895856268","2217.00000","217.00000"
"823082359","Домодедово","1","0.2513815659310099","0.07340514340707026","10704.00000","8704.00000"
"1209848322","Домодедово","2","0.19489731550240535","0.007089322031682173","14295.00000","12295.00000"
"1219148910","Толмачёво","1","0.2072452931602345","0.045265518825020744","14120.00000","12120.00000"
"317244358","Толмачёво","1","0.16901344478788982","0.06168448699444652","16355.00000","14355.00000"
"1207941975","Домодедово","1","0.16179729199322349","0.14625615780066234","5066.00000","3066.00000"
"1212410727","Домодедово","3","0.18919194231310582","0.03221832437086248","14170.00000","12170.00000"
"1219405566","Толмачёво","4","0.36648463173763823","0.003424643552250041","10445.00000","8445.00000"
"1216795009","Толмачёво","1","0.26128966237757817","0.01367754953430749","8000.00000","6000.00000"
"1184905263","Домодедово","2","0.269008593226144","0.036523319545938224","4532.00000","2532.00000"
"690291143","Толмачёво","1","0.29427588637540747","0.01724615186015606","4153.00000","2153.00000"
"851145567","Толмачёво","2","0.3134814637080116","0.02094051997659956","6143.00000","4143.00000"
"387620901","Толмачёво","2","0.17026140199354384","0.022823173576576806","3648.00000","1648.00000"
"1041658343","Домодедово","2","0.19921718455097617","0.09217878368496936","12571.00000","10571.00000"
"1049737207","Толмачёво","2","0.24250833110617318","0.012585243867340933","34402.00000","32402.00000"
"1223162888","Толмачёво","3","0.23755779966753313","0.025947249571518356","3399.00000","1399.00000"
"1058753630","Домодедово","2","0.2217561952224659","0.05548429716094925","2958.00000","958.00000"
"1206774400","Толмачёво","1","0.12596554370819193","0.15783711948105175","4987.00000","2987.00000"
"1214637628","Домодедово","1","0.27005731280819745","0.07350342067015385","7748.00000","5748.00000"
"1214633152","Домодедово","1","0.20500246140352754","0.015706140962219128","36174.00000","34174.00000"
"288608067","Домодедово","3","0.22469239309238745","0.013478204830193167","28217.00000","26217.00000"
"972406552","Толмачёво","1","0.15737531487670434","0.012180617593819663","46662.00000","44662.00000"
"899244667","Домодедово","2","0.2637641743470363","0.04017857484295139","11942.00000","9942.00000"
"1028884191","Толмачёво","2","0.2017709655553696","0.028241230295709033","4071.00000","2071.00000"
"1033395977","Толмачёво","3","0.28778170563726835","0.035932492549664616","16717.00000","14717.00000"
"1082066481","Домодедово","2","0.295989823438799","0.02444116979467495","11406.00000","9406.00000"
"1201498415","Толмачёво","2","0.17348177664316905","0.1079449719561063","14182.00000","12182.00000"
"1033209539","Домодедово","2","0.25520246065829755","0.04794772025508063","10839.00000","8839.00000"
"1220991660","Толмачёво","1","0.18510933343284117","0.08046433843985594","3188.00000","1188.00000"
"1041448735","Домодедово","2","0.3108527141662685","0.012385285554038247","19768.00000","17768.00000"
"1216030909","Толмачёво","1","0.16785432862327143","0.018753888499666724","16603.00000","14603.00000"
"609805622","Домодедово","3","0.3209460069045184","0.017340291072797772","4861.00000","2861.00000"
"1208978552","Толмачёво","2","0.26887718486959167","0.04469723121039574","5276.00000","3276.00000"
"257828970","Толмачёво","1","0.16592705765219218","0.12452501965133321","5162.00000","3162.00000"
"685288502","Домодедово","1","0.21846803344340746","0.037367347293824585","26275.00000","24275.00000"
"390419742","Толмачёво","2","0.2004690166794735","0.05652051125783437","21361.00000","19361.00000"
"342324476","Домодедово","1","0.2996975344148672","0.0026645640791933965","12728.00000","10728.00000"
"1193752413","Толмачёво","2","0.26218550552116493","0.0097089675917344","3230.00000","1230.00000"
"1213471563","Толмачёво","1","0.16485113805244644","0.10374911707835167","14400.00000","12400.00000"
"1018389861","Домодедово","2","0.18497653068543218","0.06592733761924585","20124.00000","18124.00000"
"798106199","Домодедово","1","0.30076519120608985","0.07562884330341137","3550.00000","1550.00000"
"813913570","Домодедово","4","0.3543161279988723","0.004074178833871718","16325.00000","14325.00000"
"812948806","Толмачёво","3","0.16555158292471972","0.023819227320696204","66986.00000","64986.00000"
"788432499","Домодедово","2","0.261035530356749","0.13842322984609257","2827.00000","827.00000"
"351604312","Толмачёво","2","0.1956073573530441","0.009640143409912389","45155.00000","43155.00000"
"1218746260","Домодедово","2","0.2937131565763448","0.02317909739621643","3915.00000","1915.00000"
"1224115427","Толмачёво","2","0.16117628359997435","0.06557655751650661","10226.00000","8226.00000"
"308954408","Толмачёво","2","0.24709324055880305","0.024983166723517275","29590.00000","27590.00000"
"1223798566","Домодедово","4","0.2157867067975603","0.001448472450764863","28702.00000","26702.00000"
"1225788254","Толмачёво","2","0.23679342396312342","0.03222627690272715","10284.00000","8284.00000"
"1041439721","Толмачёво","1","0.20414506605050542","0.048540429332357984","4105.00000","2105.00000"
"510727972","Домодедово","2","0.14822335076333415","0.04244033537668234","58297.00000","56297.00000"
"1213273194","Домодедово","2","0.25171545810911317","0.01590093820567838","13452.00000","11452.00000"
"560706538","Домодедово","2","0.2910291589618135","0.019861877236930368","11978.00000","9978.00000"
"810880295","Домодедово","1","0.2832404180055896","0.07606644751695105","18211.00000","16211.00000"
"1010235952","Толмачёво","4","0.3512221383901397","0.0014444183988120455","3510.00000","1510.00000"
"1214742020","Домодедово","1","0.1190340694606103","0.13862875442377223","6295.00000","4295.00000"
"1225955651","Толмачёво","2","0.21786970238120879","0.021164806167136195","23041.00000","21041.00000"
"539032017","Толмачёво","2","0.18890647425654944","0.042618832646367545","24137.00000","22137.00000"
"1211976181","Домодедово","2","0.24963280926250944","0.05065669672228572","4489.00000","2489.00000"
"1225169626","Домодедово","2","0.22153094362318534","0.04966367858700911","3796.00000","1796.00000"
"363637304","Толмачёво","2","0.12500916591264086","0.034168463765415824","38728.00000","36728.00000"
"1217141088","Толмачёво","1","0.15761723163718439","0.011525952410676466","19681.00000","17681.00000"
"373754357","Домодедово","2","0.31099400367828023","0.027699740121531265","28852.00000","26852.00000"
"1058283288","Толмачёво","1","0.15115607527864824","0.020027549191342198","38197.00000","36197.00000"
"1218296555","Домодедово","2","0.15607866859271124","0.08913548725506072","11480.00000","9480.00000"
"748276320","Толмачёво","1","0.13925167882970307","0.0870571534088476","23561.00000","21561.00000"
"742358984","Толмачёво","1","0.265157929183822","0.00979891976265378","22229.00000","20229.00000"
"1212837009","Толмачёво","2","0.19517280267814402","0.024596917653198887","8253.00000","6253.00000"
"1222747369","Домодедово","2","0.2520806220855624","0.015998941981938557","5643.00000","3643.00000"
"144825067","Домодедово","1","0.2709788493886849","0.007070643505682582","11198.00000","9198.00000"
"1211671656","Толмачёво","2","0.1733334566132462","0.045978449256194494","15195.00000","13195.00000"
"697493074","Домодедово","1","0.218205131853965","0.047722938999724414","13654.00000","11654.00000"
"25187625","Домодедово","1","0.1004951697705838","0.09319179360774651","3527.00000","1527.00000"
"329571638","Толмачёво","2","0.2503421483647351","0.0072684426517721735","23679.00000","21679.00000"
"669349036","Толмачёво","2","0.22881609692923072","0.025177848941944532","24033.00000","22033.00000"
"1219315747","Толмачёво","2","0.2794898345451535","0.020996021758873183","8296.00000","6296.00000"
"735101570","Толмачёво","3","0.2033019558782012","0.004310200517837614","10854.00000","8854.00000"
"534513275","Толмачёво","1","0.23168288676344861","0.02383203910304792","13453.00000","11453.00000"
"323221515","Толмачёво","3","0.1807633400329128","0.011686335457546052","43686.00000","41686.00000"
"276425703","Домодедово","3","0.20282719190850995","0.016539666730419463","28884.00000","26884.00000"
"1082196378","Домодедово","1","0.2217391822408688","0.1013877670023818","7049.00000","5049.00000"
"1210467647","Домодедово","4","0.25187509405489145","0.010556774150387669","9503.00000","7503.00000"
"1210628011","Толмачёво","2","0.2858859906441283","0.007507458311899157","6211.00000","4211.00000"
"1043982038","Домодедово","2","0.2435308155039471","0.009345246501581536","17123.00000","15123.00000"
"1029518558","Домодедово","2","0.11303379756727809","0.027653816412677685","32953.00000","30953.00000"
"1225651679","Домодедово","2","0.2692968769380693","0.004175793910313234","6185.00000","4185.00000"
"1087086597","Домодедово","3","0.32901236125330946","0.023159004692276965","4804.00000","2804.00000"
"1045592741","Толмачёво","2","0.1791863461976347","0.06856678462294004","5078.00000","3078.00000"
"995472301","Толмачёво","1","0.23418671418704776","0.01469364653890838","14170.00000","12170.00000"
"803498890","Толмачёво","1","0.28785341358278715","0.010027300413681984","23779.00000","21779.00000"
"1199053648","Домодедово","2","0.2538427783059883","0.008863172801645848","36356.00000","34356.00000"
"1070929647","Домодедово","3","0.15589813698212196","0.02482552198050375","12752.00000","10752.00000"
"1041834612","Домодедово","1","0.1278499593575725","0.05196983186380639","24358.00000","22358.00000"
"1032791203","Домодедово","1","0.29933446316787515","0.004644530792192241","8752.00000","6752.00000"
"814325692","Домодедово","2","0.28848960990217776","0.05402372711341819","13837.00000","11837.00000"
"951806410","Толмачёво","2","0.030455149203838808","0.17930816187850077","7717.00000","5717.00000"
"1217732404","Домодедово","1","0.26143899622285083","0.006007652843582252","29168.00000","27168.00000"
"1198831229","Толмачёво","1","0.18409481649306286","0.05438198529630238","22022.00000","20022.00000"
"1070370548","Домодедово","2","0.2995310578992445","0.0025051714868871673","5254.00000","3254.00000"
"587843724","Толмачёво","3","0.244083961423906","0.05358232325831503","11049.00000","9049.00000"
"1224849420","Толмачёво","3","0.2729679400494234","0.013023267377205324","5494.00000","3494.00000"
"1040720421","Толмачёво","1","0.18167935773504415","0.0071433529995269225","9202.00000","7202.00000"
"815146079","Домодедово","2","0.28333170849607653","0.014496880065087859","19091.00000","17091.00000"
"599569136","Толмачёво","1","0.20470087361445868","0.07423540277526933","2954.00000","954.00000"
"305055754","Толмачёво","2","0.1380208621288692","0.01333427063862567","61349.00000","59349.00000"
"593464967","Домодедово","1","0.15289777442256075","0.04210969689407733","18556.00000","16556.00000"
"1213430615","Толмачёво","2","0.17098911882444853","0.016850087887799445","31947.00000","29947.00000"
"603785292","Домодедово","2","0.11148054396266364","0.0986214700723867","5477.00000","3477.00000"
"295918676","Домодедово","1","0.03141891680887864","0.06211626022904497","29864.00000","27864.00000"
"1029359967","Толмачёво","2","0.23895656315041647","0.006880950526679537","12474.00000","10474.00000"
"332014828","Толмачёво","2","0.14965883835700386","0.03846157271797443","56696.00000","54696.00000"
"1042855858","Толмачёво","1","0.26666267032907726","0.0253757720572858","21596.00000","19596.00000"
"248904959","Толмачёво","2","0.18706469525696387","0.042738163996639024","33338.00000","31338.00000"
"644154347","Толмачёво","2","0.3148290192215328","0.006567641245807679","5709.00000","3709.00000"
"951999637","Толмачёво","2","0.06708844497179652","0.07771695696806866","22794.00000","20794.00000"
"1210426992","Домодедово","1","0.15144915480513244","0.053245993051361275","14615.00000","12615.00000"
"957231952","Домодедово","1","0.32331375559581005","0.00633168580357602","2625.00000","625.00000"
"341568120","Домодедово","2","0.22163130092500052","0.007177579002383298","17177.00000","15177.00000"
"588333956","Домодедово","2","0.20773721981889118","0.11133787824310373","6285.00000","4285.00000"
"870555206","Толмачёво","2","0.24592926853710279","0.02526800367657968","6154.00000","4154.00000"
"1000146536","Толмачёво","3","0.23742554642662356","0.029964502880130597","8777.00000","6777.00000"
"610653863","Толмачёво","1","0.13140620957603208","0.08857429399976086","14082.00000","12082.00000"
"804049463","Домодедово","1","0.17966465878235388","0.010413627034667033","55057.00000","53057.00000"
"684120364","Домодедово","3","0.2853862326903413","0.002764781304357782","25882.00000","23882.00000"
"375349665","Домодедово","2","0.1088039637174518","0.05993746927042926","15609.00000","13609.00000"
"129276701","Домодедово","1","0.20881105092021374","0.00983088526000929","33325.00000","31325.00000"
"537937469","Домодедово","2","0.27756248964064917","0.009319486829340081","18385.00000","16385.00000"
"300682984","Домодедово","1","0.1740902678881756","0.09929127496427935","14781.00000","12781.00000"
"1065610610","Толмачёво","3","0.3134018624722374","0.021653364255775548","10114.00000","8114.00000"
"1175555667","Толмачёво","3","0.21583346206999335","0.0052758457055555345","20534.00000","18534.00000"
"1209334573","Домодедово","1","0.21118132366363765","0.018500293685325186","26222.00000","24222.00000"
"852065667","Толмачёво","1","0.26239065562870195","0.010602069623984389","5233.00000","3233.00000"
"347107776","Толмачёво","4","0.1798457311076019","0.017113630518597784","28608.00000","26608.00000"
"561099463","Домодедово","2","0.20484682307381155","0.06377859561849121","3193.00000","1193.00000"
"1216122434","Домодедово","2","0.1819073161376868","0.038810496695465706","29557.00000","27557.00000"
"1212952232","Домодедово","2","0.30421023099939454","0.014024512095205478","20872.00000","18872.00000"
"1223752233","Толмачёво","3","0.24529919922026827","0.006245816475291201","8402.00000","6402.00000"
"1213806369","Толмачёво","2","0.2178644496187371","0.01555362053457604","29325.00000","27325.00000"
"1217641867","Домодедово","1","0.23018589269426154","0.015259529878028314","17641.00000","15641.00000"
"1210678844","Толмачёво","1","0.17767460529709858","0.04424071303637753","14888.00000","12888.00000"
"1194357383","Толмачёво","2","0.2993037342302541","0.035116033106156824","9383.00000","7383.00000"
"321326982","Толмачёво","2","0.18047920438638773","0.029635491016609342","34524.00000","32524.00000"
"271414400","Домодедово","2","0.2745613571374197","0.017228197538432206","21093.00000","19093.00000"
"1217454123","Толмачёво","2","0.19527322965560012","0.06293623935308362","5230.00000","3230.00000"
"1048298143","Толмачёво","1","0.1579558139423336","0.08911786870132184","3860.00000","1860.00000"
"546591067","Толмачёво","1","0.038621610639121444","0.09034717172319118","33180.00000","31180.00000"
"1212956166","Толмачёво","1","0.19180019688876504","0.16959793374266569","-480.00000","-2480.00000"
"335201815","Толмачёво","3","0.2637746806913988","0.049390351092060754","43501.00000","41501.00000"
"800759847","Толмачёво","1","0.05057304451008595","0.026025575621075554","108811.00000","106811.00000"
"1029062891","Домодедово","3","0.2649902968875583","0.018087720426394803","3380.00000","1380.00000"
"998720355","Толмачёво","1","0.22440347605023775","0.07707946779375546","18141.00000","16141.00000"
"599966795","Домодедово","3","0.2775148227194289","0.005066636974801865","22015.00000","20015.00000"
"1217266622","Домодедово","1","0.18831241087177203","0.11102916154658395","3282.00000","1282.00000"
"1058878297","Домодедово","1","0.28614438853134305","0.018115762491431993","-1042.00000","-3042.00000"
"374771049","Толмачёво","2","0.033366385469447826","0.12767364368964018","10933.00000","8933.00000"
"944001144","Домодедово","2","0.2160820209429552","0.04145369339323211","32918.00000","30918.00000"
"726767821","Толмачёво","2","0.12599791229325982","0.1383012744059104","2074.00000","74.00000"
"1225593401","Домодедово","1","0.18722577676569702","0.056407666250624613","30924.00000","28924.00000"
"1195567795","Толмачёво","4","0.3211959805312802","0.021637556346850766","25727.00000","23727.00000"
"944747266","Домодедово","1","0.20512299009033363","0.12572468836349587","6413.00000","4413.00000"
"1199978450","Домодедово","2","0.21181441714208213","0.09481561937097291","6602.00000","4602.00000"
"1187038076","Домодедово","2","0.15999476694985326","0.0074978223588162375","36892.00000","34892.00000"
"1209182928","Толмачёво","2","0.22179152440870648","0.06922865571038457","10568.00000","8568.00000"
"393090497","Домодедово","2","0.1517412180181148","0.06701800073407072","11517.00000","9517.00000"
"392915989","Толмачёво","1","0.18607129456173224","0.10618636523037302","2689.00000","689.00000"
"795979613","Домодедово","2","0.1823244702227517","0.09336204613175798","16085.00000","14085.00000"
"1073306640","Домодедово","3","0.23780768815253475","0.028271575786161594","31601.00000","29601.00000"
"537494285","Толмачёво","3","0.1813035757114819","0.007917758859058934","36751.00000","34751.00000"
"378005703","Толмачёво","2","0.23888009431155144","0.003494686818962148","29988.00000","27988.00000"
"1192669483","Домодедово","4","0.34105225197185357","0.03571230832161494","9794.00000","7794.00000"
"1212556621","Толмачёво","1","0.22764349576502477","0.09001628679204698","7185.00000","5185.00000"
"1217241315","Толмачёво","1","0.2153770447849156","0.009410243838159495","35504.00000","33504.00000"
"1034506333","Домодедово","2","0.23187714392854808","0.0390432824494234","15081.00000","13081.00000"
"216659392","Толмачёво","3","0.16340484831288124","0.04001701726962985","21252.00000","19252.00000"
"91965672","Толмачёво","3","0.18503840712221684","0.05908699444554378","7006.00000","5006.00000"
"1222284840","Толмачёво","1","0.19276674101064814","0.025284849986235765","14358.00000","12358.00000"
"1209801355","Толмачёво","2","0.1348902887687944","0.11880014205782864","12818.00000","10818.00000"
"1204973790","Толмачёво","2","0.2830060510569792","0.03542316940929852","8985.00000","6985.00000"
"1196752093","Толмачёво","1","0.2450328400373139","0.03510358547069249","16690.00000","14690.00000"
"789058279","Толмачёво","2","0.2716497887800834","0.02263886162777583","7507.00000","5507.00000"
"1013670069","Толмачёво","1","0.15536694854957175","0.10834344329785744","9370.00000","7370.00000"
"696248611","Толмачёво","1","0.02826116902913833","0.16894318164888716","8731.00000","6731.00000"
"1143079314","Домодедово","3","0.21991900092672795","0.018494058099839443","8662.00000","6662.00000"
"1027505488","Толмачёво","2","0.265379342313842","0.028805542189269808","10434.00000","8434.00000"
"1212829279","Толмачёво","1","0.2221916725332491","0.05723352340031782","5723.00000","3723.00000"
"552993409","Домодедово","1","0.17580539276628387","0.009939907354976971","21494.00000","19494.00000"
"1216097513","Домодедово","2","0.2438613554258855","0.0072622335679608414","7906.00000","5906.00000"
"1211085237","Домодедово","1","0.21175750150720155","0.03594063076875307","25717.00000","23717.00000"
"277539614","Толмачёво","1","0.21289883818075447","0.0701796125299421","5381.00000","3381.00000"
"1205470630","Толмачёво","1","0.10942965536744023","0.09238035255005718","11751.00000","9751.00000"
"1213157598","Домодедово","2","0.18520885369546175","0.03643445656754084","21079.00000","19079.00000"
"1218991405","Толмачёво","3","0.25304225170732053","0.022112740458691663","53626.00000","51626.00000"
"1193585186","Домодедово","1","0.1974560944542187","0.06277496992536517","7497.00000","5497.00000"
"317707848","Домодедово","3","0.1997914079895229","0.0045632435832485265","31015.00000","29015.00000"
"1207790715","Толмачёво","2","0.29096136401237954","0.015330632675411012","9313.00000","7313.00000"
"1185345803","Домодедово","1","0.24946452490662163","0.026110766317059633","25812.00000","23812.00000"
"1220375822","Толмачёво","2","0.2197073215711178","0.03927023857837118","12592.00000","10592.00000"
"509974561","Толмачёво","1","0.12277405629931032","0.09047483594113702","19849.00000","17849.00000"
"1214938813","Толмачёво","3","0.17571319411074085","0.03034515988822725","24936.00000","22936.00000"
"533696645","Толмачёво","2","0.23523897617500886","0.0037351892664045368","41103.00000","39103.00000"
"1140002629","Домодедово","2","0.16991232502933062","0.028076923616700333","15063.00000","13063.00000"
"232104733","Домодедово","3","0.19529933795367713","0.011943728698954152","39964.00000","37964.00000"
"1192674110","Домодедово","2","0.13626377215516097","0.08801530206875866","16158.00000","14158.00000"
"1327910403","Домодедово","1","0.15419095549719472","0.05696208701427185","13350.00000","11350.00000"
"1209133404","Домодедово","1","0.23922349892446268","0.0203553425282727","21798.00000","19798.00000"
"861847049","Толмачёво","1","0.2865113142562667","0.02126876428604686","13650.00000","11650.00000"
"1216243437","Домодедово","1","0.2401567493808934","0.01213397957052654","2821.00000","821.00000"
"223966399","Толмачёво","1","0.3077162511856344","0.004254023242766065","5714.00000","3714.00000"
"374503784","Толмачёво","1","0.09779965215149226","0.11285885747063193","10010.00000","8010.00000"
"1213738753","Домодедово","1","0.20539184589726273","0.038940549021269116","18639.00000","16639.00000"
"1213906106","Толмачёво","1","0.2033926890348193","0.003324878324348194","5088.00000","3088.00000"
"380237914","Толмачёво","2","0.20845474730134833","0.013019870430371526","6888.00000","4888.00000"
"909750964","Домодедово","2","0.29025980063867984","0.028023631639707315","13076.00000","11076.00000"
"120662831","Толмачёво","3","0.3515546665586916","0.009604254808207336","19274.00000","17274.00000"
"254176472","Домодедово","1","0.3294485965591231","0.009736353476194526","9912.00000","7912.00000"
"1160668877","Домодедово","1","0.126740782012995","0.6416269418128718","-6312.00000","-8312.00000"
"902310490","Толмачёво","1","0.20433170768112632","0.02312681057629913","56200.00000","54200.00000"
"23207623","Толмачёво","1","0.15160751630128028","0.009108993305358965","14522.00000","12522.00000"
"729090023","Толмачёво","2","0.26431673428533775","0.014244761451055354","9675.00000","7675.00000"
"1031929676","Домодедово","1","0.22413371926266476","0.005892937351803348","3858.00000","1858.00000"
"266993951","Домодедово","1","0.197422915066634","0.0145235193882877","16869.00000","14869.00000"
"782080538","Домодедово","1","0.14605284228958612","0.0858504333403053","14906.00000","12906.00000"
"1225919312","Домодедово","1","0.2076193609581419","0.09977721026272063","7537.00000","5537.00000"
"1220296286","Домодедово","1","0.23178125756021953","0.031818964025885126","14719.00000","12719.00000"
"1227623448","Домодедово","1","0.15983369862884375","0.18963151905161635","2601.00000","601.00000"
"271565547","Домодедово","2","0.24602938437843588","0.004712657057306379","28148.00000","26148.00000"
"1213414650","Домодедово","2","0.20703329746160798","0.07256874426669191","14475.00000","12475.00000"
"1038623693","Домодедово","2","0.24564976923650064","0.02086346638296036","32895.00000","30895.00000"
"1030824557","Толмачёво","2","0.20379585991245328","0.029131698455136582","16796.00000","14796.00000"
"590568523","Толмачёво","5","0.23852586203947126","0.019374935700696077","25562.00000","23562.00000"
"971238395","Толмачёво","3","0.18844353966603283","0.02277141285772238","53191.00000","51191.00000"
"650124442","Домодедово","1","0.27858118029152795","0.01983148545189249","14374.00000","12374.00000"
"428050610","Домодедово","1","0.1818764838086391","0.031981796709001975","35496.00000","33496.00000"
"1208893745","Домодедово","1","0.22432183236082684","0.055250674448211835","11502.00000","9502.00000"
"689922947","Домодедово","2","0.237934245688277","0.026419065165509806","11834.00000","9834.00000"
"306410977","Домодедово","3","0.18047220896913593","0.012758397355165743","9409.00000","7409.00000"
"1212286836","Толмачёво","2","0.16758574659692388","0.05824317149182531","21659.00000","19659.00000"
"1201218886","Домодедово","1","0.18576804306825925","0.01571252427373692","57032.00000","55032.00000"
"755691217","Домодедово","4","0.309920539380362","0.007115368038592148","14333.00000","12333.00000"
"820021825","Домодедово","3","0.2223751114557783","0.01383141925048092","15813.00000","13813.00000"
"1212645502","Домодедово","2","0.13793695051584692","0.09668138388217601","18359.00000","16359.00000"
"786156466","Домодедово","2","0.24256334160179344","0.005192143918046618","2618.00000","618.00000"
"1214698514","Толмачёво","2","0.25490562050668597","0.011653371201956447","55158.00000","53158.00000"
"1197990506","Толмачёво","4","0.2949918699217421","0.004835701833728769","44851.00000","42851.00000"
"114610748","Толмачёво","3","0.27430374797912055","0.038614760171008004","16087.00000","14087.00000"
"1218290317","Толмачёво","2","0.23749539618859444","0.011935803304019249","7781.00000","5781.00000"
"1206051697","Домодедово","1","0.19145617918532484","0.12786858522716346","5961.00000","3961.00000"
"642286095","Толмачёво","1","0.2920818529999763","0.00918642424567612","5695.00000","3695.00000"
"941191201","Толмачёво","3","0.2301530519373882","0.010938609276928399","66408.00000","64408.00000"
"396585566","Домодедово","3","0.1934592530790738","0.07434192241689767","13067.00000","11067.00000"
"1216548836","Толмачёво","3","0.25329530511897147","0.02143339787493544","40776.00000","38776.00000"
"391993182","Домодедово","1","0.20523708029902152","0.03009471819517099","28302.00000","26302.00000"
"300841515","Домодедово","2","0.18563596288199807","0.0596706456783418","5738.00000","3738.00000"
"741942496","Домодедово","1","0.2895645309654921","0.009047710912305263","8277.00000","6277.00000"
"817195784","Толмачёво","2","0.2313864124174473","0.029820506560239827","22521.00000","20521.00000"
"791771423","Домодедово","3","0.30659677030924437","0.03649110822030963","7248.00000","5248.00000"
"1225457110","Толмачёво","2","0.16619028289998505","0.08871943464003239","3044.00000","1044.00000"
"1212680433","Домодедово","2","0.2452094483985601","0.057296760266116756","12668.00000","10668.00000"
"1223663056","Толмачёво","2","0.26869654314285185","0.006721891365427248","14243.00000","12243.00000"
"118639057","Домодедово","2","0.28573249149785584","0.002204619235394818","27242.00000","25242.00000"
"1208020198","Толмачёво","1","0.29141235532378673","0.02469225611831404","2965.00000","965.00000"
"753046877","Толмачёво","2","0.16516655680172998","0.03120508128707269","39524.00000","37524.00000"
"1222363837","Толмачёво","1","0.18388171715202195","0.06351195640019866","14541.00000","12541.00000"
"756966287","Домодедово","1","0.14805963371291073","0.03332762855556921","15824.00000","13824.00000"
"1199621971","Толмачёво","1","0.25085982952524416","0.005794854529357184","12027.00000","10027.00000"
"568351309","Толмачёво","1","0.2830860745249363","0.006362925309283034","13047.00000","11047.00000"
"373223424","Домодедово","1","0.2268980106597453","0.03007076858336064","8014.00000","6014.00000"
"863892782","Домодедово","1","0.0720634046018898","0.1084818393572467","23123.00000","21123.00000"
"366263818","Толмачёво","3","0.19958917820706196","0.030045914272176368","16947.00000","14947.00000"
"794337501","Домодедово","3","0.19364919611477618","0.016423555264478217","13730.00000","11730.00000"
"618164056","Толмачёво","2","0.1949714485377662","0.0051544535773406334","42216.00000","40216.00000"
"269107351","Домодедово","2","0.245245273835227","0.013418793319971204","33796.00000","31796.00000"
"1039297943","Домодедово","2","0.24821071845241122","0.019398257390188457","7036.00000","5036.00000"
"539061293","Толмачёво","2","0.1612557035532126","0.042153205935122735","2952.00000","952.00000"
"1222689141","Домодедово","3","0.25341432224197624","0.0056279491462595125","10875.00000","8875.00000"
"973581684","Толмачёво","1","0.12972972630380386","0.15904966870744083","3949.00000","1949.00000"
"1223378475","Домодедово","1","0.15728546483758168","0.058897537546915305","17824.00000","15824.00000"
"1043308351","Домодедово","2","0.2928715079135833","0.034438838094865996","6237.00000","4237.00000"
"519962093","Толмачёво","3","0.26579695619290267","0.00560272317574513","22862.00000","20862.00000"
"1327868369","Толмачёво","2","0.2144299160204997","0.018720101159701165","16014.00000","14014.00000"
"1208792331","Домодедово","1","0.11028218498543278","0.09086949775097448","33643.00000","31643.00000"
"1209795238","Домодедово","1","0.13776853347183549","0.03273638101131643","41836.00000","39836.00000"
"293752332","Домодедово","1","0.046745615625966505","0.06588300330123592","32322.00000","30322.00000"
"1219787928","Толмачёво","1","0.1997932674023072","0.006872328867181412","10144.00000","8144.00000"
"1172604526","Домодедово","3","0.25913158491674193","0.01107182559857785","8002.00000","6002.00000"
"1219167450","Домодедово","2","0.21883262804951692","0.025701539693739898","11304.00000","9304.00000"
"428589590","Домодедово","2","0.19478519945744538","0.08419410020895579","10062.00000","8062.00000"
"686531439","Толмачёво","2","0.21419176025873946","0.03402960640041962","8221.00000","6221.00000"
"1031118283","Домодедово","1","0.26254447687077254","0.002120879728547106","21074.00000","19074.00000"
"1217166096","Толмачёво","1","0.17967283312705185","0.030742817309904556","3464.00000","1464.00000"
"1046299299","Толмачёво","2","0.2329271855678967","0.06280225533973446","12747.00000","10747.00000"
"1219632927","Домодедово","1","0.16705180928695468","0.03522103851758238","27985.00000","25985.00000"
"1224545083","Домодедово","2","0.14025127211140456","0.17552906819522712","3631.00000","1631.00000"
"1213498681","Толмачёво","1","0.18954311538991717","0.1102553416809604","8642.00000","6642.00000"
"1206092555","Домодедово","1","0.1858226838738497","0.07963263742184282","4165.00000","2165.00000"
"628835315","Толмачёво","1","0.24080823307718643","0.014597651414788885","38956.00000","36956.00000"
"1223829506","Домодедово","2","0.14756434490233153","0.018740249543272268","59938.00000","57938.00000"
"428871431","Домодедово","3","0.2448428294514004","0.007490311136201853","38594.00000","36594.00000"
"1220830553","Толмачёво","1","0.08308738426475588","0.2533867903038638","3245.00000","1245.00000"
"1221098684","Домодедово","2","0.2567987006879582","0.08545745127141437","3480.00000","1480.00000"
"396962860","Домодедово","3","0.24491372365392014","0.0022714698466443015","9117.00000","7117.00000"
"732734785","Толмачёво","2","0.22330628024108118","0.016363533201199463","13904.00000","11904.00000"
"1038064448","Толмачёво","1","0.26031745411741203","0.0437473625026199","2099.00000","99.00000"
"766379456","Толмачёво","1","0.38748001812162725","0.0027593173200661297","5670.00000","3670.00000"
"1208117412","Домодедово","1","0.2088805854538185","0.04581096057876835","20304.00000","18304.00000"
"1209415231","Домодедово","1","0.2476074614596195","0.00295976901150661","23863.00000","21863.00000"
"851672063","Толмачёво","4","0.3135122006173259","0.024563634678724498","22715.00000","20715.00000"
"1205639070","Домодедово","2","0.2778294872166413","0.07216590474898302","3222.00000","1222.00000"
"590562276","Домодедово","1","0.18644881905189128","0.10211796237078334","13679.00000","11679.00000"
"268109179","Толмачёво","1","0.16513782278465117","0.060422907286382464","8267.00000","6267.00000"
"233710384","Домодедово","2","0.1398243425372222","0.014864682368898822","98898.00000","96898.00000"
"1219253721","Домодедово","1","0.24163160254726637","0.0231941866670772","6476.00000","4476.00000"
"504823592","Домодедово","2","0.16658699711727407","0.015538873174211605","50999.00000","48999.00000"
"741036035","Домодедово","2","0.31810321113013756","0.0028947555904675977","12930.00000","10930.00000"
"858892249","Толмачёво","2","0.2178110857356202","0.07890302269445557","3528.00000","1528.00000"
"1211711687","Толмачёво","2","0.19881386616626753","0.045519630520655045","8401.00000","6401.00000"
"706560499","Домодедово","1","0.20892732610226555","0.05151701958369089","21716.00000","19716.00000"
"136145389","Домодедово","3","0.20849891209600185","0.030645309902341246","4134.00000","2134.00000"
"847138040","Домодедово","1","0.3432495113621563","0.003163779898892033","7227.00000","5227.00000"
"678331862","Домодедово","2","0.15743747326187288","0.0488397977346397","7911.00000","5911.00000"
"549878168","Домодедово","1","0.1715004315675713","0.08598697297289006","13831.00000","11831.00000"
"1184257297","Толмачёво","3","0.25618087508720033","0.014744623564007828","28104.00000","26104.00000"
"1207325813","Толмачёво","1","0.19889076344004802","0.06388671178345595","14452.00000","12452.00000"
"1199928239","Домодедово","1","0.22884165839029516","0.09954928218074696","6631.00000","4631.00000"
"1040212767","Толмачёво","1","0.2715802668594887","0.0759105078085646","5987.00000","3987.00000"
"669898451","Толмачёво","1","0.234884584024956","0.023033145724304597","29211.00000","27211.00000"
"1030508637","Толмачёво","1","0.21825812011920262","0.022057108797265246","20207.00000","18207.00000"
"1002498083","Толмачёво","2","0.3567527150567363","0.012351922794530497","4003.00000","2003.00000"
"1210938162","Толмачёво","2","0.22655574249460353","0.09448387423489461","10077.00000","8077.00000"
"1221102011","Толмачёво","1","0.25786427565757347","0.06117324360160147","4080.00000","2080.00000"
"611724808","Домодедово","1","0.32195988278244636","0.012048938303096538","13028.00000","11028.00000"
"907949193","Толмачёво","2","0.22665241564972102","0.04800915598000791","32406.00000","30406.00000"
"1053289877","Толмачёво","3","0.18162865785237803","0.021442017359617645","51676.00000","49676.00000"
"1030318895","Толмачёво","1","0.2450737988317142","0.030620404256618355","12929.00000","10929.00000"
"1225267037","Домодедово","1","0.21652511631346566","0.07133007532099524","6299.00000","4299.00000"
"741937747","Домодедово","1","0.33147075536286386","0.0024133820005407215","4343.00000","2343.00000"
"1208769481","Домодедово","3","0.17214910516287055","0.02729924708386512","24173.00000","22173.00000"
"1210293362","Домодедово","3","0.2548428223820883","0.026576477903997597","21718.00000","19718.00000"
"280005709","Толмачёво","1","0.20702671583861215","0.047800778490770635","17722.00000","15722.00000"
"1200289228","Домодедово","1","0.19000902873191752","0.08878635662538195","22053.00000","20053.00000"
"1208916237","Толмачёво","1","0.15428629349316686","0.06334856583242232","20844.00000","18844.00000"
"1174857288","Толмачёво","1","0.16832632676298892","0.11669685659443059","9011.00000","7011.00000"
"348464195","Толмачёво","1","0.17133068921509267","0.11273084472878991","11043.00000","9043.00000"
"132474387","Толмачёво","1","0.22363192470784707","0.05266588723419652","16213.00000","14213.00000"
"1030298853","Толмачёво","1","0.25067991126977895","0.010676016248244852","18277.00000","16277.00000"
"1034909161","Домодедово","1","0.29913317041703036","0.008754136308286541","13557.00000","11557.00000"
"1194201121","Домодедово","3","0.31666000050272025","0.03643341787900612","6044.00000","4044.00000"
"725462124","Домодедово","1","0.2358887735354577","0.06831149600130952","8095.00000","6095.00000"
"505831206","Домодедово","3","0.3331600726042071","0.030416721644993077","6023.00000","4023.00000"
"1219141897","Домодедово","1","0.23699827890329841","0.03650398006311378","7094.00000","5094.00000"
"1327528975","Толмачёво","2","0.2044774712757105","0.04611724113730013","4019.00000","2019.00000"
"271325422","Домодедово","2","0.08194325561579716","0.07601777000240158","30817.00000","28817.00000"
"558167657","Домодедово","4","0.3438209338480201","0.00660626276346397","13714.00000","11714.00000"
"1209634104","Домодедово","1","0.27231459547771214","0.04275398907074067","6059.00000","4059.00000"
"1199152706","Домодедово","1","0.19853206430971798","0.029493017526786826","14632.00000","12632.00000"
"1223054585","Домодедово","1","0.22641466045997244","0.02617320251558644","19487.00000","17487.00000"
"971693225","Толмачёво","1","0.2614480577817198","0.005635115215348459","6780.00000","4780.00000"
"1192610597","Толмачёво","4","0.24575770634694594","0.006756187093028452","16387.00000","14387.00000"
"756842116","Домодедово","1","0.2826693937046988","0.024901509466783794","16734.00000","14734.00000"
"376110937","Толмачёво","4","0.2223420439995538","0.01495626405536719","39381.00000","37381.00000"
"1157342224","Толмачёво","2","0.19310427179846226","0.009025013502097928","55820.00000","53820.00000"
"1213978745","Домодедово","1","0.2572667320745633","0.0808369539327822","11201.00000","9201.00000"
"760451977","Домодедово","2","0.2516678261418213","0.06236294880174303","8270.00000","6270.00000"
"904473153","Домодедово","1","0.20003908448326513","0.01934526821143914","54726.00000","52726.00000"
"141294560","Домодедово","2","0.20538730708006975","0.0780371060634225","13446.00000","11446.00000"
"1327841347","Домодедово","2","0.2521813984287798","0.031475052144379984","2666.00000","666.00000"
"998352166","Домодедово","1","0.24667597267832095","0.02664395170911512","21917.00000","19917.00000"
"733033319","Толмачёво","2","0.3019374926681103","0.043924540738513346","4667.00000","2667.00000"
"314407297","Домодедово","2","0.25523296280236163","0.03265987128941464","25964.00000","23964.00000"
"332453739","Толмачёво","3","0.21271140283255244","0.02169814191659578","27654.00000","25654.00000"
"261449705","Толмачёво","2","0.2602666786629244","0.07140615513807025","13678.00000","11678.00000"
"612369806","Домодедово","2","0.2787104696294211","0.008434743941283206","7908.00000","5908.00000"
"891315967","Домодедово","5","0.2425075447228646","0.017612517933663172","36715.00000","34715.00000"
"346049557","Толмачёво","2","0.11015872171146998","0.053976888642290596","80441.00000","78441.00000"
"1052841048","Домодедово","1","0.28470902525204766","0.0036715147658641957","26866.00000","24866.00000"
"1059962071","Домодедово","1","0.2547153596104199","0.04196142606893743","15091.00000","13091.00000"
"1217330460","Домодедово","2","0.24800342702848738","0.02365683771365286","6604.00000","4604.00000"
"1208306744","Толмачёво","1","0.1433309094081786","0.06590616524485411","23615.00000","21615.00000"
"687959693","Толмачёво","2","0.14598113642844496","0.010337726301941857","75614.00000","73614.00000"
"1205838192","Домодедово","2","0.16813840321780663","0.028183828301769954","20420.00000","18420.00000"
"974651282","Толмачёво","1","0.1306044155700019","0.08023199236017196","10810.00000","8810.00000"
"1200089474","Толмачёво","2","0.20466762129096128","0.03255103532978933","17899.00000","15899.00000"
"1043627128","Толмачёво","2","0.20713333029962172","0.02410926985691987","3832.00000","1832.00000"
"310618424","Толмачёво","2","0.38414919349566706","0.004761940817574363","5733.00000","3733.00000"
"1031123401","Домодедово","2","0.23712396810072464","0.008476219073326468","13681.00000","11681.00000"
"1079054582","Толмачёво","1","0.14642639344896896","0.08745905159601243","26412.00000","24412.00000"
"367960242","Толмачёво","2","0.1513135672550747","0.03051860596880326","67613.00000","65613.00000"
"1208669608","Домодедово","3","0.30165405273992413","0.007382634330372771","7610.00000","5610.00000"
"526817822","Домодедово","3","0.11556740974995311","0.016833146725652143","74952.00000","72952.00000"
"1076818523","Толмачёво","1","0.26682426375970847","0.02058876098309709","16729.00000","14729.00000"
"1042249692","Толмачёво","1","0.16647871968299047","0.16111019215312974","3118.00000","1118.00000"
"562731541","Домодедово","2","0.2882280146130419","0.06147812280625406","2032.00000","32.00000"
"1207593647","Домодедово","1","0.2591483944792345","0.06327014080266256","10239.00000","8239.00000"
"1040113916","Домодедово","1","0.20664937188696533","0.03953410748136091","6383.00000","4383.00000"
"864942209","Толмачёво","1","0.07208916371274893","0.050263458911301184","46922.00000","44922.00000"
"664465879","Толмачёво","2","0.2579711286253199","0.04639137984719309","5235.00000","3235.00000"
"782081606","Толмачёво","3","0.28961261302185093","0.014156942561920323","9696.00000","7696.00000"
"1215188987","Домодедово","2","0.13464618867647102","0.025904081218261273","53848.00000","51848.00000"
"1049248268","Толмачёво","2","0.19281331478867147","0.050497180079525764","17349.00000","15349.00000"
"1037201075","Домодедово","1","0.19307316353491885","0.05768481382228094","28399.00000","26399.00000"
"1052436819","Толмачёво","1","0.3629680400251598","0.09160283171964717","4968.00000","2968.00000"
"951617462","Домодедово","3","0.27347859894913296","0.004424184121770372","33517.00000","31517.00000"
"599951052","Домодедово","1","0.09438250946495105","0.0587138485516151","64693.00000","62693.00000"
"1214339595","Толмачёво","2","0.2361199578241192","0.02880513945642341","11875.00000","9875.00000"
"1207429526","Толмачёво","1","0.13262490507547073","0.06363370889041459","45402.00000","43402.00000"
"1224080184","Толмачёво","1","0.2408119472963143","0.018218187967463436","9423.00000","7423.00000"
"680426487","Толмачёво","3","0.17267067050015275","0.014731969566051299","32294.00000","30294.00000"
"1053427589","Толмачёво","3","0.18431708610263886","0.01949116174021492","48163.00000","46163.00000"
"542163355","Толмачёво","2","0.1661025463101926","0.044020160753184254","28502.00000","26502.00000"
"1211312342","Толмачёво","1","0.17261697523548675","0.07113891623333539","5891.00000","3891.00000"
"1202460710","Толмачёво","1","0.2494769241495117","0.013010713285810506","12339.00000","10339.00000"
"1215380893","Домодедово","2","0.17279121040079928","0.01699383926222377","16334.00000","14334.00000"
"565583543","Толмачёво","4","0.27377846551660134","0.00604786317672366","15879.00000","13879.00000"
"626092352","Домодедово","1","0.11663347946733525","0.19473230179866913","2964.00000","964.00000"
"635345892","Толмачёво","1","0.31111790894839486","0.12472558065376065","3690.00000","1690.00000"
"1081445260","Толмачёво","1","0.09815638499817975","0.09841048557562178","14779.00000","12779.00000"
"688491396","Толмачёво","1","0.21100183878262183","0.01166004785511012","3487.00000","1487.00000"
"1211892313","Домодедово","1","0.3158783990482292","0.004217890644049484","3272.00000","1272.00000"
"698388847","Домодедово","1","0.17570955857969645","0.01258689091466739","32660.00000","30660.00000"
"1222759957","Домодедово","1","0.18319074748301833","0.034990878119510294","2466.00000","466.00000"
"1003225470","Домодедово","1","0.15192079674982528","0.17111246829618917","3271.00000","1271.00000"
"1208320864","Домодедово","1","0.2456690030367596","0.0705156778367654","14614.00000","12614.00000"
"1205781418","Толмачёво","2","0.27015838395716113","0.022450213799655633","2070.00000","70.00000"
"734445037","Толмачёво","1","0.3203038054238787","0.04785798719563086","3403.00000","1403.00000"
"353379500","Толмачёво","4","0.3151167755571102","0.014927982114037026","6131.00000","4131.00000"
"1206103029","Толмачёво","2","0.2522562401805296","0.10882956365096619","3270.00000","1270.00000"
"1224257883","Домодедово","3","0.24148655513515194","0.020967461335052343","9103.00000","7103.00000"
"756383740","Толмачёво","1","0.23985839150377417","0.028462854964265646","5336.00000","3336.00000"
"1216978230","Толмачёво","2","0.23291494818356773","0.01021404475704504","16557.00000","14557.00000"
"106530317","Толмачёво","1","0.25450923098685324","0.014045581349240555","29029.00000","27029.00000"
"1327889438","Толмачёво","1","0.15735955293821177","0.03733671361707843","23842.00000","21842.00000"
"772413091","Домодедово","1","0.3868606857464552","0.010051487500405099","25045.00000","23045.00000"
"1014852908","Домодедово","3","0.2767725840912324","0.020781902123912798","7632.00000","5632.00000"
"1030839738","Домодедово","3","0.30979864780211686","0.022283781901824014","3037.00000","1037.00000"
"697005153","Домодедово","2","0.15939179439594514","0.08918679023430509","17605.00000","15605.00000"
"555424063","Толмачёво","4","0.3564173735373181","0.008080006800566206","2648.00000","648.00000"
"1064458945","Толмачёво","1","0.23481491668190585","0.011186097096941142","10831.00000","8831.00000"
"698491555","Толмачёво","2","0.10726522654628039","0.06543485053840056","23199.00000","21199.00000"
"255437997","Толмачёво","2","0.2126055845637755","0.006900557234547069","33719.00000","31719.00000"
"693687026","Толмачёво","3","0.27536778629054287","0.013705035750233812","7577.00000","5577.00000"
"1219537210","Домодедово","1","0.23273186702775567","0.0069459874268090116","11628.00000","9628.00000"
"1030421875","Домодедово","1","0.24322932018576007","0.024402964215877735","6586.00000","4586.00000"
"291869597","Толмачёво","3","0.1861646012680192","0.02604585258845921","61224.00000","59224.00000"
"1187019676","Толмачёво","1","0.17467423545462962","0.18186453366871133","2372.00000","372.00000"
"265561116","Толмачёво","2","0.22503732081710065","0.025822655236547865","4338.00000","2338.00000"
"1212013322","Домодедово","1","0.2576666724358318","0.06592824505663022","9777.00000","7777.00000"
"684881485","Домодедово","1","0.17761995395596325","0.07421580103677146","8995.00000","6995.00000"
"1032925313","Домодедово","3","0.23813770734155604","0.00464541314661529","33473.00000","31473.00000"
"645418273","Толмачёво","2","0.15207228283154184","0.04354719694542745","50116.00000","48116.00000"
"1227224923","Толмачёво","1","0.14798603825766227","0.11202554768393838","9507.00000","7507.00000"
"1213097823","Домодедово","1","0.153666711218791","0.06833027337008127","19459.00000","17459.00000"
"164652562","Домодедово","1","0.15607114539075118","0.1523833018468737","4041.00000","2041.00000"
"296781050","Домодедово","4","0.1385553103934105","0.02703153908444487","27585.00000","25585.00000"
"1213312204","Толмачёво","1","0.19659642773266126","0.11553431125215939","5997.00000","3997.00000"
"234010782","Толмачёво","3","0.21784422876781487","0.010567217970565207","64224.00000","62224.00000"
"506895820","Домодедово","2","0.19404631099587666","0.09963713668047422","2447.00000","447.00000"
"553775056","Толмачёво","2","0.22243895623182042","0.049468102584523645","7908.00000","5908.00000"
"1033086729","Толмачёво","1","0.21263391277909854","0.021316361527455762","27305.00000","25305.00000"
"1203864184","Толмачёво","2","0.24081631094660658","0.025283314446316263","24519.00000","22519.00000"
"675654215","Толмачёво","2","0.20121792644597888","0.00919844737517493","22777.00000","20777.00000"
"1209610794","Домодедово","2","0.27734088812666513","0.05155404122712952","5193.00000","3193.00000"
"630036671","Домодедово","3","0.28478452544664745","0.00783228440942548","25295.00000","23295.00000"
"867716595","Домодедово","3","0.212754958520106","0.013560599074374872","68142.00000","66142.00000"
"730336025","Толмачёво","2","0.1902589802410303","0.04482369478094972","6512.00000","4512.00000"
"1045428948","Домодедово","1","0.19626218310497937","0.051488543290094314","17123.00000","15123.00000"
"846053030","Домодедово","3","0.30590977386186474","0.004024778242420335","9450.00000","7450.00000"
"1224543915","Толмачёво","1","0.2626293800926065","0.009329952849697665","12434.00000","10434.00000"
"1197842273","Домодедово","2","0.26276233009057415","0.028920814989981784","12139.00000","10139.00000"
"907738679","Домодедово","2","0.32027227986344387","0.02234822496151462","5889.00000","3889.00000"
"388504044","Толмачёво","1","0.3161582332374482","0.0024319024931298387","19591.00000","17591.00000"
"1216260077","Домодедово","1","0.17221075548083556","0.003514552959530085","83285.00000","81285.00000"
"114671007","Домодедово","1","0.3068676303705394","0.03088206668010417","2376.00000","376.00000"
"1262359722","Толмачёво","1","0.23002336278534075","0.04613715717418853","14681.00000","12681.00000"
"761187729","Толмачёво","4","0.15942149772434916","0.012746385990270333","109274.00000","107274.00000"
"903627152","Толмачёво","3","0.27563882623598657","0.03845460531365003","8837.00000","6837.00000"
"1208674275","Толмачёво","2","0.15093091494940353","0.0309477492726498","39002.00000","37002.00000"
"377029671","Домодедово","1","0.15322977709561664","0.08084284816610794","11069.00000","9069.00000"
"1327926962","Толмачёво","2","0.26543290065487124","0.03864732615774749","16068.00000","14068.00000"
"258860622","Толмачёво","1","0.01966721393574565","0.1848764197379851","12266.00000","10266.00000"
"1225917512","Толмачёво","1","0.13073292345764545","0.08804297197666074","13630.00000","11630.00000"
"382139239","Толмачёво","1","0.1606309094588526","0.16073147973032503","2239.00000","239.00000"
"396423118","Толмачёво","2","0.14705485751691433","0.013390937069096111","48229.00000","46229.00000"
"1327986552","Домодедово","1","0.1908873014076903","0.0068778831755350895","10829.00000","8829.00000"
"1200618387","Домодедово","1","0.21416490782228192","0.06416207297367998","35190.00000","33190.00000"
"1208560261","Толмачёво","2","0.24110020985942157","0.06821073306237088","5867.00000","3867.00000"
"248715177","Толмачёво","3","0.3066187738558573","0.01807956047737074","8839.00000","6839.00000"
"1217139141","Домодедово","2","0.1886811069063874","0.052256907786174506","8250.00000","6250.00000"
"1216986841","Домодедово","2","0.2536123280139875","0.03585062749894936","17402.00000","15402.00000"
"313959791","Толмачёво","1","0.15072638307072544","0.04250071767545516","13638.00000","11638.00000"
"1035408529","Толмачёво","1","0.27990624092901867","0.0035323691418023117","21031.00000","19031.00000"
"1206144116","Толмачёво","3","0.20996270958680938","0.09372724853151344","6387.00000","4387.00000"
"905135429","Толмачёво","2","0.1602751275065711","0.012178577260014737","27066.00000","25066.00000"
"1210123673","Толмачёво","2","0.22929447669054004","0.03029607573896281","35733.00000","33733.00000"
"428861349","Домодедово","4","0.23672773684248605","0.03332542732856258","45622.00000","43622.00000"
"1216066128","Домодедово","2","0.21230612890756806","0.041685649648349594","4461.00000","2461.00000"
"1216238793","Домодедово","4","0.2531845568495996","0.00850879313553954","6726.00000","4726.00000"
"612974535","Домодедово","2","0.28733742202901796","0.005317309363452689","12269.00000","10269.00000"
"94017095","Домодедово","1","0.1985207078154687","0.04970708846267678","32382.00000","30382.00000"
"1223199327","Домодедово","1","0.22882775315587622","0.058375123420844346","9882.00000","7882.00000"
"1203714686","Домодедово","2","0.27386295443884756","0.004739314049802338","3102.00000","1102.00000"
"1207120715","Толмачёво","4","0.31354322148200475","0.0411483019451512","2191.00000","191.00000"
"1214000957","Толмачёво","3","0.21594958079157717","0.05087964358663687","11488.00000","9488.00000"
"1223066032","Домодедово","2","0.1699981766587281","0.057362209163882696","8012.00000","6012.00000"
"596524602","Домодедово","1","0.15755776083634407","0.06459072834261553","31149.00000","29149.00000"
"1205677910","Толмачёво","1","0.27362607695798846","0.03632162838396826","17954.00000","15954.00000"
"1218739275","Домодедово","2","0.2793826062859327","0.0316084665497868","5934.00000","3934.00000"
"374272156","Толмачёво","2","0.20220706206179498","0.018236633068027447","30200.00000","28200.00000"
"312252650","Домодедово","4","0.18431878123448525","0.03175941984307889","41845.00000","39845.00000"
"1173920366","Толмачёво","2","0.2914461882068912","0.0235599510085058","18644.00000","16644.00000"
"799278293","Толмачёво","2","0.22959991707720612","0.016090480400588924","14475.00000","12475.00000"
"1266799829","Домодедово","2","0.40721186619926286","0.007425925146900129","-13057.00000","-15057.00000"
"667015876","Толмачёво","2","0.23080979548485303","0.020985486817514706","3948.00000","1948.00000"
"629372212","Домодедово","3","0.21185852090627125","0.030525940953650955","22975.00000","20975.00000"
"614245257","Толмачёво","1","0.1715861032791756","0.02798346349324658","24389.00000","22389.00000"
